n_all,n_executed,n_skip,per_day,avg_ret,med_ret,win,best,worst,rule,n_cond
178,123,40,5.125,0.0701873637245971,0.04817977528089879,0.8048780487804879,0.2586666666666666,-0.008,ret_1d>15 AND ret_1d>10,2
178,123,40,5.125,0.0701873637245971,0.04817977528089879,0.8048780487804879,0.2586666666666666,-0.008,ret_1d>15 AND ret_1d>8,2
178,123,40,5.125,0.0701873637245971,0.04817977528089879,0.8048780487804879,0.2586666666666666,-0.008,ret_1d>15 AND ret_1d>5,2
46,32,10,1.3333333333333333,0.06303762381238814,0.05673429951690823,0.78125,0.2586666666666666,-0.008,ret_1d>15 AND gap>5,2
61,43,13,1.7916666666666667,0.07764703194409636,0.06191525423728806,0.813953488372093,0.2586666666666666,-0.008,ret_1d>15 AND gap>3,2
70,50,14,2.0833333333333335,0.0819499262204484,0.06195762711864406,0.84,0.2586666666666666,-0.008,ret_1d>15 AND gap>2,2
111,76,24,3.1666666666666665,0.08211496730233912,0.05846500981033354,0.881578947368421,0.2586666666666666,-0.008,ret_1d>15 AND ret_5d>20,2
127,89,27,3.7083333333333335,0.07954575946063715,0.05674820143884896,0.8314606741573034,0.2586666666666666,-0.008,ret_1d>15 AND ret_5d>15,2
148,103,33,4.291666666666667,0.07242784141708365,0.04914285714285716,0.7961165048543689,0.2586666666666666,-0.008,ret_1d>15 AND ret_5d>10,2
143,97,31,4.041666666666667,0.07226712559238112,0.05082352941176472,0.8144329896907216,0.2586666666666666,-0.008,ret_1d>15 AND ret_3d>15,2
149,105,30,4.375,0.07739262433338867,0.054801932367149815,0.8571428571428571,0.2586666666666666,-0.008,ret_1d>15 AND clv>0.7,2
112,79,22,3.2916666666666665,0.08000541673406243,0.06018181818181812,0.8481012658227848,0.24122118380062307,-0.008,ret_1d>15 AND clv>0.85,2
178,123,40,5.125,0.0701873637245971,0.04817977528089879,0.8048780487804879,0.2586666666666666,-0.008,ret_1d>15 AND rk_ret>0.90,2
178,123,40,5.125,0.0701873637245971,0.04817977528089879,0.8048780487804879,0.2586666666666666,-0.008,ret_1d>15 AND rk_ret>0.95,2
158,110,34,4.583333333333333,0.0709634669787774,0.04694939177268077,0.8272727272727273,0.24122118380062307,-0.008,ret_1d>15 AND body>5,2
168,115,39,4.791666666666667,0.0712853498637367,0.04817977528089879,0.8260869565217391,0.2586666666666666,-0.008,ret_1d>15 AND range>10,2
122,82,30,3.4166666666666665,0.06389013526651868,0.04019976771196288,0.7804878048780488,0.2586666666666666,-0.008,ret_1d>15 AND vol_ratio_5>2,2
155,112,31,4.666666666666667,0.07168772131549964,0.04881063122923591,0.8125,0.2586666666666666,-0.008,ret_1d>15 AND px>10pct_sma20,2
123,88,24,3.6666666666666665,0.08207733112996057,0.059424242424242386,0.8863636363636364,0.2586666666666666,-0.008,ret_1d>15 AND px>20pct_sma20,2
311,218,72,9.083333333333334,0.05583996124863783,0.02755625790139072,0.7339449541284404,0.30533333333333323,-0.008,ret_1d>10 AND ret_1d>8,2
311,218,72,9.083333333333334,0.05583996124863783,0.02755625790139072,0.7339449541284404,0.30533333333333323,-0.008,ret_1d>10 AND ret_1d>5,2
60,45,11,1.875,0.04912523645508608,0.026482758620689724,0.7111111111111111,0.2586666666666666,-0.008,ret_1d>10 AND gap>5,2
84,63,15,2.625,0.06244217538143513,0.030327526132404088,0.746031746031746,0.30533333333333323,-0.008,ret_1d>10 AND gap>3,2
103,76,20,3.1666666666666665,0.06394186148660529,0.030980836236933713,0.75,0.30533333333333323,-0.008,ret_1d>10 AND gap>2,2
147,99,34,4.125,0.07568013676301633,0.05082352941176472,0.8282828282828283,0.30533333333333323,-0.008,ret_1d>10 AND ret_5d>20,2
183,129,40,5.375,0.06921261135751929,0.04292592592592582,0.7906976744186046,0.30533333333333323,-0.008,ret_1d>10 AND ret_5d>15,2
226,157,54,6.541666666666667,0.06424709200234108,0.03929729729729737,0.7579617834394905,0.30533333333333323,-0.008,ret_1d>10 AND ret_5d>10,2
187,131,39,5.458333333333333,0.06693686367899178,0.04292592592592582,0.7862595419847328,0.30533333333333323,-0.008,ret_1d>10 AND ret_3d>15,2
214,150,46,6.25,0.06350377895935898,0.03929729729729737,0.76,0.2586666666666666,-0.008,ret_1d>10 AND clv>0.7,2
147,100,34,4.166666666666667,0.07085926705106595,0.04866131621187798,0.79,0.24122118380062307,-0.008,ret_1d>10 AND clv>0.85,2
311,218,72,9.083333333333334,0.05583996124863783,0.02755625790139072,0.7339449541284404,0.30533333333333323,-0.008,ret_1d>10 AND rk_ret>0.90,2
311,218,72,9.083333333333334,0.05583996124863783,0.02755625790139072,0.7339449541284404,0.30533333333333323,-0.008,ret_1d>10 AND rk_ret>0.95,2
282,197,65,8.208333333333334,0.05737678195966998,0.029974683544303778,0.7563451776649747,0.30533333333333323,-0.008,ret_1d>10 AND body>5,2
291,203,68,8.458333333333334,0.05746203772897759,0.03025136612021862,0.7536945812807881,0.30533333333333323,-0.008,ret_1d>10 AND range>10,2
199,143,46,5.958333333333333,0.053071673017793454,0.026482758620689724,0.7272727272727273,0.30533333333333323,-0.008,ret_1d>10 AND vol_ratio_5>2,2
244,175,53,7.291666666666667,0.06212029751950849,0.036117647058823595,0.7542857142857143,0.30533333333333323,-0.008,ret_1d>10 AND px>10pct_sma20,2
172,119,38,4.958333333333333,0.07543951715219455,0.05121052631578938,0.8151260504201681,0.30533333333333323,-0.008,ret_1d>10 AND px>20pct_sma20,2
418,313,79,13.041666666666666,0.048824988801672665,0.022303030303030276,0.7348242811501597,0.33682758620689657,-0.008,ret_1d>8 AND ret_1d>5,2
67,52,11,2.1666666666666665,0.04732129869448222,0.024547501759324415,0.7115384615384616,0.2586666666666666,-0.008,ret_1d>8 AND gap>5,2
96,74,15,3.0833333333333335,0.05921575767010222,0.030980836236933713,0.7567567567567568,0.30533333333333323,-0.008,ret_1d>8 AND gap>3,2
126,96,21,4.0,0.06132031442439325,0.030826684414516643,0.7604166666666666,0.33682758620689657,-0.008,ret_1d>8 AND gap>2,2
167,116,36,4.833333333333333,0.07205627480155986,0.04736261491317662,0.8275862068965517,0.30533333333333323,-0.008,ret_1d>8 AND ret_5d>20,2
209,151,43,6.291666666666667,0.06741865794489006,0.04158677685950419,0.8013245033112583,0.30533333333333323,-0.008,ret_1d>8 AND ret_5d>15,2
270,196,58,8.166666666666666,0.05937483249906845,0.03443697478991604,0.7551020408163265,0.30533333333333323,-0.008,ret_1d>8 AND ret_5d>10,2
205,146,42,6.083333333333333,0.06793781377793108,0.04557706138413976,0.8013698630136986,0.30533333333333323,-0.008,ret_1d>8 AND ret_3d>15,2
266,196,49,8.166666666666666,0.05421910576519602,0.02684701311316174,0.7397959183673469,0.2586666666666666,-0.008,ret_1d>8 AND clv>0.7,2
179,130,35,5.416666666666667,0.059236180708454454,0.02755625790139072,0.7461538461538462,0.24122118380062307,-0.008,ret_1d>8 AND clv>0.85,2
418,313,79,13.041666666666666,0.048824988801672665,0.022303030303030276,0.7348242811501597,0.33682758620689657,-0.008,ret_1d>8 AND rk_ret>0.90,2
418,313,79,13.041666666666666,0.048824988801672665,0.022303030303030276,0.7348242811501597,0.33682758620689657,-0.008,ret_1d>8 AND rk_ret>0.95,2
380,283,72,11.791666666666666,0.049396231673586304,0.022303030303030276,0.7491166077738516,0.33682758620689657,-0.008,ret_1d>8 AND body>5,2
369,271,73,11.291666666666666,0.05312483421263899,0.026482758620689724,0.7601476014760148,0.33682758620689657,-0.008,ret_1d>8 AND range>10,2
250,191,48,7.958333333333333,0.04548770335269421,0.01764102564102555,0.7225130890052356,0.33682758620689657,-0.008,ret_1d>8 AND vol_ratio_5>2,2
297,222,58,9.25,0.058105373550538665,0.030980836236933713,0.7522522522522522,0.33682758620689657,-0.008,ret_1d>8 AND px>10pct_sma20,2
205,147,42,6.125,0.0694807786902138,0.04654545454545445,0.8095238095238095,0.30533333333333323,-0.008,ret_1d>8 AND px>20pct_sma20,2
85,67,13,2.7916666666666665,0.04069803064334117,0.02141176470588225,0.7014925373134329,0.2586666666666666,-0.008,ret_1d>5 AND gap>5,2
129,101,18,4.208333333333333,0.05314563061316624,0.024520325203251987,0.7326732673267327,0.3365945945945945,-0.008,ret_1d>5 AND gap>3,2
181,143,26,5.958333333333333,0.051058087737338345,0.02141176470588225,0.7412587412587412,0.33682758620689657,-0.008,ret_1d>5 AND gap>2,2
202,148,39,6.166666666666667,0.06832447754869528,0.044180520214871295,0.8175675675675675,0.3365945945945945,-0.008,ret_1d>5 AND ret_5d>20,2
280,214,50,8.916666666666666,0.061201210046184513,0.03715103338632753,0.7850467289719626,0.3365945945945945,-0.008,ret_1d>5 AND ret_5d>15,2
386,301,68,12.541666666666666,0.052723301342989755,0.0301526104417671,0.7508305647840532,0.3365945945945945,-0.008,ret_1d>5 AND ret_5d>10,2
237,173,46,7.208333333333333,0.06611771725169159,0.04543511450381677,0.8034682080924855,0.30533333333333323,-0.008,ret_1d>5 AND ret_3d>15,2
447,338,74,14.083333333333334,0.04166647551752235,0.014727272727272707,0.6893491124260355,0.2586666666666666,-0.008,ret_1d>5 AND clv>0.7,2
283,206,52,8.583333333333334,0.04752597222031571,0.01899829931972786,0.6893203883495146,0.24442718446601952,-0.008,ret_1d>5 AND clv>0.85,2
780,620,114,25.833333333333332,0.03995507546395791,0.013507863089731738,0.7096774193548387,0.33682758620689657,-0.008,ret_1d>5 AND rk_ret>0.90,2
605,472,95,19.666666666666668,0.04438801990001963,0.016019230769230737,0.7245762711864406,0.33682758620689657,-0.008,ret_1d>5 AND rk_ret>0.95,2
600,465,97,19.375,0.04128131277729011,0.01600000000000002,0.7333333333333333,0.33682758620689657,-0.008,ret_1d>5 AND body>5,2
546,425,86,17.708333333333332,0.050095642314014595,0.022612244897959106,0.7694117647058824,0.33682758620689657,-0.008,ret_1d>5 AND range>10,2
388,308,66,12.833333333333334,0.04078965462309018,0.013515326778484667,0.6948051948051948,0.33682758620689657,-0.008,ret_1d>5 AND vol_ratio_5>2,2
440,349,71,14.541666666666666,0.05137881627223935,0.025707865168539408,0.7507163323782235,0.33682758620689657,-0.008,ret_1d>5 AND px>10pct_sma20,2
265,200,46,8.333333333333334,0.0644037703608827,0.042389940148721335,0.8,0.3365945945945945,-0.008,ret_1d>5 AND px>20pct_sma20,2
215,151,39,6.291666666666667,0.03949080319945761,0.01764102564102555,0.7218543046357616,0.33591534391534394,-0.008,gap>5 AND gap>3,2
215,151,39,6.291666666666667,0.03949080319945761,0.01764102564102555,0.7218543046357616,0.33591534391534394,-0.008,gap>5 AND gap>2,2
59,42,15,1.75,0.07642994477200274,0.06064375461936434,0.8333333333333334,0.33591534391534394,-0.008,gap>5 AND ret_5d>20,2
83,62,17,2.5833333333333335,0.062455198935486934,0.05197239475500349,0.7903225806451613,0.33591534391534394,-0.008,gap>5 AND ret_5d>15,2
98,73,20,3.0416666666666665,0.05471685654328144,0.04061111111111116,0.7671232876712328,0.33591534391534394,-0.008,gap>5 AND ret_5d>10,2
89,62,20,2.5833333333333335,0.06089844701786307,0.047511929930534554,0.7903225806451613,0.33591534391534394,-0.008,gap>5 AND ret_3d>15,2
40,30,7,1.25,0.06372793333390402,0.05673429951690823,0.8333333333333334,0.2586666666666666,-0.008,gap>5 AND clv>0.7,2
32,24,5,1.0,0.06384361664378248,0.0645,0.8333333333333334,0.19199999999999995,-0.008,gap>5 AND clv>0.85,2
105,80,18,3.3333333333333335,0.04214457700257224,0.02285016389975681,0.7,0.2586666666666666,-0.008,gap>5 AND rk_ret>0.90,2
81,63,13,2.625,0.0454345366769748,0.022612244897959106,0.6984126984126984,0.2586666666666666,-0.008,gap>5 AND rk_ret>0.95,2
129,88,24,3.6666666666666665,0.04247376685350344,0.020370221327967737,0.8068181818181818,0.33591534391534394,-0.008,gap>5 AND body>5,2
166,121,31,5.041666666666667,0.03935965180196701,0.020169014084507005,0.768595041322314,0.33591534391534394,-0.008,gap>5 AND range>10,2
112,82,23,3.4166666666666665,0.03783935765511085,0.02099159663865536,0.7682926829268293,0.2586666666666666,-0.008,gap>5 AND vol_ratio_5>2,2
104,80,19,3.3333333333333335,0.051249666533477733,0.02727435610302354,0.775,0.33591534391534394,-0.008,gap>5 AND px>10pct_sma20,2
74,56,16,2.3333333333333335,0.06880248924077062,0.05866666666666665,0.8571428571428571,0.33591534391534394,-0.008,gap>5 AND px>20pct_sma20,2
464,339,62,14.125,0.038008229647762945,0.013582733812949728,0.7079646017699115,0.3365945945945945,-0.008,gap>3 AND gap>2,2
90,66,20,2.75,0.07879964845331287,0.05455201109570041,0.803030303030303,0.3365945945945945,-0.008,gap>3 AND ret_5d>20,2
124,95,23,3.9583333333333335,0.07011428960189964,0.04654545454545445,0.7894736842105263,0.3365945945945945,-0.008,gap>3 AND ret_5d>15,2
153,117,28,4.875,0.062194756139890596,0.038728971962616716,0.7777777777777778,0.3365945945945945,-0.008,gap>3 AND ret_5d>10,2
115,82,25,3.4166666666666665,0.06559111042744169,0.04654545454545445,0.7804878048780488,0.33591534391534394,-0.008,gap>3 AND ret_3d>15,2
80,59,11,2.4583333333333335,0.061911639192081036,0.03163414634146334,0.7627118644067796,0.2586666666666666,-0.008,gap>3 AND clv>0.7,2
59,44,8,1.8333333333333333,0.06237427403925127,0.04176805163372333,0.7954545454545454,0.2241428571428572,-0.008,gap>3 AND clv>0.85,2
176,134,25,5.583333333333333,0.0490382218197584,0.02367307370884176,0.7313432835820896,0.3365945945945945,-0.008,gap>3 AND rk_ret>0.90,2
117,91,18,3.7916666666666665,0.05723483464854861,0.028111111111111205,0.7362637362637363,0.30533333333333323,-0.008,gap>3 AND rk_ret>0.95,2
211,148,33,6.166666666666667,0.04412841788561145,0.019602844083291056,0.777027027027027,0.33591534391534394,-0.008,gap>3 AND body>5,2
254,192,40,8.0,0.04803182811623413,0.021109174534011073,0.7916666666666666,0.3365945945945945,-0.008,gap>3 AND range>10,2
162,125,27,5.208333333333333,0.04616373917449347,0.02141176470588225,0.8,0.30533333333333323,-0.008,gap>3 AND vol_ratio_5>2,2
170,133,29,5.541666666666667,0.05815613015024807,0.030327526132404088,0.7744360902255639,0.3365945945945945,-0.008,gap>3 AND px>10pct_sma20,2
108,81,22,3.375,0.07334592682339561,0.054801932367149815,0.8271604938271605,0.3365945945945945,-0.008,gap>3 AND px>20pct_sma20,2
116,83,27,3.4583333333333335,0.07304447184695134,0.04571900826446274,0.7831325301204819,0.3365945945945945,-0.008,gap>2 AND ret_5d>20,2
157,117,32,4.875,0.06454976869921197,0.03929729729729737,0.7777777777777778,0.3365945945945945,-0.008,gap>2 AND ret_5d>15,2
207,157,39,6.541666666666667,0.057812121134688435,0.02746099290780136,0.7643312101910829,0.3365945945945945,-0.008,gap>2 AND ret_5d>10,2
136,97,29,4.041666666666667,0.06570499845793198,0.04061111111111116,0.7628865979381443,0.33591534391534394,-0.008,gap>2 AND ret_3d>15,2
134,100,17,4.166666666666667,0.05709396550462352,0.02520931514399883,0.72,0.27501886792452823,-0.008,gap>2 AND clv>0.7,2
86,66,11,2.75,0.06315933943919752,0.04176805163372333,0.7575757575757576,0.23009523809523813,-0.008,gap>2 AND clv>0.85,2
256,201,35,8.375,0.043664753459715336,0.018415094339622635,0.7263681592039801,0.33682758620689657,-0.008,gap>2 AND rk_ret>0.90,2
167,131,26,5.458333333333333,0.05403447420327497,0.024520325203251987,0.7404580152671756,0.33682758620689657,-0.008,gap>2 AND rk_ret>0.95,2
320,225,51,9.375,0.04773090953114028,0.019272727272727337,0.7688888888888888,0.33815384615384625,-0.008,gap>2 AND body>5,2
355,266,55,11.083333333333334,0.04960193364391732,0.02141176470588225,0.7819548872180451,0.33682758620689657,-0.008,gap>2 AND range>10,2
217,172,35,7.166666666666667,0.04415805054514605,0.01732051282051273,0.7558139534883721,0.33682758620689657,-0.008,gap>2 AND vol_ratio_5>2,2
247,192,44,8.0,0.05610939484606196,0.026785238959467723,0.7760416666666666,0.33682758620689657,-0.008,gap>2 AND px>10pct_sma20,2
141,105,29,4.375,0.06660933691953304,0.04654545454545445,0.780952380952381,0.3365945945945945,-0.008,gap>2 AND px>20pct_sma20,2
402,299,82,12.458333333333334,0.06351870837669052,0.03929729729729737,0.7959866220735786,0.3365945945945945,-0.008,ret_5d>20 AND ret_5d>15,2
402,299,82,12.458333333333334,0.06351870837669052,0.03929729729729737,0.7959866220735786,0.3365945945945945,-0.008,ret_5d>20 AND ret_5d>10,2
257,196,46,8.166666666666666,0.07208817745170543,0.046795663052543686,0.8316326530612245,0.33591534391534394,-0.008,ret_5d>20 AND ret_3d>15,2
167,126,27,5.25,0.06901859063282417,0.04557706138413976,0.8253968253968254,0.2586666666666666,-0.008,ret_5d>20 AND clv>0.7,2
110,80,21,3.3333333333333335,0.07775259886964062,0.05378586542530684,0.8125,0.24122118380062307,-0.008,ret_5d>20 AND clv>0.85,2
227,167,43,6.958333333333333,0.06767981841634056,0.04292592592592582,0.8203592814371258,0.3365945945945945,-0.008,ret_5d>20 AND rk_ret>0.90,2
195,141,39,5.875,0.07057711497071238,0.04755555555555558,0.8297872340425532,0.30533333333333323,-0.008,ret_5d>20 AND rk_ret>0.95,2
231,163,53,6.791666666666667,0.07122395376330426,0.04571900826446274,0.8282208588957055,0.33591534391534394,-0.008,ret_5d>20 AND body>5,2
296,217,61,9.041666666666666,0.06986469030757822,0.04543511450381677,0.815668202764977,0.3365945945945945,-0.008,ret_5d>20 AND range>10,2
122,88,26,3.6666666666666665,0.07062864674442325,0.04866131621187798,0.8181818181818182,0.30533333333333323,-0.008,ret_5d>20 AND vol_ratio_5>2,2
396,296,79,12.333333333333334,0.0638072770083839,0.03945817245817252,0.793918918918919,0.3365945945945945,-0.008,ret_5d>20 AND px>10pct_sma20,2
338,253,66,10.541666666666666,0.0641875059749282,0.04061111111111116,0.7944664031620553,0.3365945945945945,-0.008,ret_5d>20 AND px>20pct_sma20,2
623,471,121,19.625,0.05184822839591307,0.026482758620689724,0.7600849256900213,0.3365945945945945,-0.008,ret_5d>15 AND ret_5d>10,2
327,249,60,10.375,0.06372239112330466,0.040387096774193505,0.8072289156626506,0.33591534391534394,-0.008,ret_5d>15 AND ret_3d>15,2
245,184,41,7.666666666666667,0.05923397932338023,0.0371137374507562,0.7717391304347826,0.2586666666666666,-0.008,ret_5d>15 AND clv>0.7,2
151,111,27,4.625,0.06737510033314424,0.04340961857379778,0.7837837837837838,0.24122118380062307,-0.008,ret_5d>15 AND clv>0.85,2
332,256,58,10.666666666666666,0.05781195067856627,0.03181707317073169,0.78125,0.3365945945945945,-0.008,ret_5d>15 AND rk_ret>0.90,2
261,196,49,8.166666666666666,0.06494264854470505,0.04052825745682887,0.7959183673469388,0.30533333333333323,-0.008,ret_5d>15 AND rk_ret>0.95,2
322,234,70,9.75,0.06316020500061066,0.03715103338632753,0.8034188034188035,0.33591534391534394,-0.008,ret_5d>15 AND body>5,2
393,294,79,12.25,0.06304907485705935,0.03945817245817252,0.7925170068027211,0.3365945945945945,-0.008,ret_5d>15 AND range>10,2
166,123,34,5.125,0.060820990836826835,0.040387096774193505,0.7886178861788617,0.30533333333333323,-0.008,ret_5d>15 AND vol_ratio_5>2,2
588,446,114,18.583333333333332,0.05334496176714618,0.027304748847064693,0.7645739910313901,0.3365945945945945,-0.008,ret_5d>15 AND px>10pct_sma20,2
397,300,75,12.5,0.0616624651319561,0.0398479853479854,0.8,0.3365945945945945,-0.008,ret_5d>15 AND px>20pct_sma20,2
361,273,68,11.375,0.06309285475541658,0.040275862068965614,0.8058608058608059,0.33591534391534394,-0.008,ret_5d>10 AND ret_3d>15,2
360,274,59,11.416666666666666,0.04794357361539124,0.022573298021498663,0.7116788321167883,0.2586666666666666,-0.008,ret_5d>10 AND clv>0.7,2
216,162,36,6.75,0.05242775412615359,0.027304748847064693,0.6975308641975309,0.24122118380062307,-0.008,ret_5d>10 AND clv>0.85,2
485,380,81,15.833333333333334,0.04967392614974618,0.027304748847064693,0.7421052631578947,0.3365945945945945,-0.008,ret_5d>10 AND rk_ret>0.90,2
350,267,66,11.125,0.05605366792476039,0.030461538461538547,0.7565543071161048,0.30533333333333323,-0.008,ret_5d>10 AND rk_ret>0.95,2
450,332,98,13.833333333333334,0.056320407414561624,0.03181707317073169,0.7801204819277109,0.33591534391534394,-0.008,ret_5d>10 AND body>5,2
532,399,108,16.625,0.05719181801347225,0.033420118343195256,0.7744360902255639,0.3365945945945945,-0.008,ret_5d>10 AND range>10,2
254,192,52,8.0,0.04942989422916252,0.027252692626346338,0.7291666666666666,0.30533333333333323,-0.008,ret_5d>10 AND vol_ratio_5>2,2
870,672,159,28.0,0.04778705705645322,0.023558921840551868,0.7440476190476191,0.3365945945945945,-0.008,ret_5d>10 AND px>10pct_sma20,2
454,347,85,14.458333333333334,0.05805697141918458,0.03401680672268915,0.7809798270893372,0.3365945945945945,-0.008,ret_5d>10 AND px>20pct_sma20,2
186,136,31,5.666666666666667,0.07038450824077408,0.04832909029825672,0.8382352941176471,0.2586666666666666,-0.008,ret_3d>15 AND clv>0.7,2
127,91,22,3.7916666666666665,0.07298284487188057,0.054801932367149815,0.8241758241758241,0.24122118380062307,-0.008,ret_3d>15 AND clv>0.85,2
265,196,49,8.166666666666666,0.06366384038691485,0.0412831843481194,0.8010204081632653,0.30533333333333323,-0.008,ret_3d>15 AND rk_ret>0.90,2
230,166,46,6.916666666666667,0.06858755596466007,0.0461322314049586,0.8012048192771084,0.30533333333333323,-0.008,ret_3d>15 AND rk_ret>0.95,2
258,183,54,7.625,0.07171688574470875,0.04654545454545445,0.819672131147541,0.33591534391534394,-0.008,ret_3d>15 AND body>5,2
311,226,60,9.416666666666666,0.06745256651746663,0.042673046996576376,0.8008849557522124,0.33591534391534394,-0.008,ret_3d>15 AND range>10,2
174,128,34,5.333333333333333,0.05829389892410053,0.0389044626021371,0.7734375,0.30533333333333323,-0.008,ret_3d>15 AND vol_ratio_5>2,2
360,275,65,11.458333333333334,0.06399448683081228,0.04061111111111116,0.8,0.33591534391534394,-0.008,ret_3d>15 AND px>10pct_sma20,2
270,204,51,8.5,0.07112940607318215,0.04717270536506991,0.8333333333333334,0.33591534391534394,-0.008,ret_3d>15 AND px>20pct_sma20,2
1737,1252,279,52.166666666666664,0.016502521193979717,-0.0005925925925926931,0.48482428115015974,0.2947522935779816,-0.008,clv>0.7 AND clv>0.85,2
732,560,110,23.333333333333332,0.031651552354453154,0.006563449982325949,0.625,0.2586666666666666,-0.008,clv>0.7 AND rk_ret>0.90,2
376,286,60,11.916666666666666,0.046750220040535535,0.018357087728325235,0.7062937062937062,0.2586666666666666,-0.008,clv>0.7 AND rk_ret>0.95,2
400,298,69,12.416666666666666,0.044707762427188574,0.017905214595274728,0.7080536912751678,0.24122118380062307,-0.008,clv>0.7 AND body>5,2
343,247,61,10.291666666666666,0.057683064527780624,0.03905882352941182,0.7894736842105263,0.2586666666666666,-0.008,clv>0.7 AND range>10,2
295,213,56,8.875,0.03475850566836141,0.005888888888888839,0.6291079812206573,0.2586666666666666,-0.008,clv>0.7 AND vol_ratio_5>2,2
469,376,68,15.666666666666666,0.04271996439347784,0.015715785526809085,0.7101063829787234,0.2947522935779816,-0.008,clv>0.7 AND px>10pct_sma20,2
226,173,35,7.208333333333333,0.06286194709677842,0.04214749262536866,0.7745664739884393,0.2586666666666666,-0.008,clv>0.7 AND px>20pct_sma20,2
470,353,75,14.708333333333334,0.035562831270922225,0.008000000000000014,0.623229461756374,0.24442718446601952,-0.008,clv>0.85 AND rk_ret>0.90,2
245,183,40,7.625,0.05091627117827155,0.020409090909090828,0.6994535519125683,0.24442718446601952,-0.008,clv>0.85 AND rk_ret>0.95,2
261,192,47,8.0,0.05004654365906286,0.019809987631416177,0.703125,0.24122118380062307,-0.008,clv>0.85 AND body>5,2
194,140,37,5.833333333333333,0.06578425306946091,0.04557706138413976,0.8071428571428572,0.24122118380062307,-0.008,clv>0.85 AND range>10,2
185,135,33,5.625,0.044502408544726854,0.010099547511312153,0.6666666666666666,0.24442718446601952,-0.008,clv>0.85 AND vol_ratio_5>2,2
276,217,43,9.041666666666666,0.04783807069411986,0.018627218934911267,0.7050691244239631,0.2947522935779816,-0.008,clv>0.85 AND px>10pct_sma20,2
151,113,25,4.708333333333333,0.06524157241162211,0.04543511450381677,0.7699115044247787,0.24122118380062307,-0.008,clv>0.85 AND px>20pct_sma20,2
660,519,103,21.625,0.04422711001166795,0.01600000000000002,0.7167630057803468,0.33682758620689657,-0.008,rk_ret>0.90 AND rk_ret>0.95,2
627,487,100,20.291666666666668,0.04100993136273164,0.01600000000000002,0.7268993839835729,0.33682758620689657,-0.008,rk_ret>0.90 AND body>5,2
709,563,105,23.458333333333332,0.046696506692104914,0.021585798816567976,0.7477797513321492,0.33682758620689657,-0.008,rk_ret>0.90 AND range>10,2
516,418,83,17.416666666666668,0.03733965721390281,0.011184762605815253,0.6842105263157895,0.33682758620689657,-0.008,rk_ret>0.90 AND vol_ratio_5>2,2
575,461,87,19.208333333333332,0.0483251096000145,0.02276923076923066,0.7462039045553145,0.33682758620689657,-0.008,rk_ret>0.90 AND px>10pct_sma20,2
306,232,53,9.666666666666666,0.06243701792845985,0.041867134742436425,0.8017241379310345,0.3365945945945945,-0.008,rk_ret>0.90 AND px>20pct_sma20,2
518,400,84,16.666666666666668,0.04482617498234928,0.017128205128205128,0.73,0.33682758620689657,-0.008,rk_ret>0.95 AND body>5,2
506,391,84,16.291666666666668,0.05249329299869296,0.024000000000000028,0.7570332480818415,0.33682758620689657,-0.008,rk_ret>0.95 AND range>10,2
335,265,58,11.041666666666666,0.04525799121877123,0.01764102564102555,0.7056603773584905,0.33682758620689657,-0.008,rk_ret>0.95 AND vol_ratio_5>2,2
406,318,68,13.25,0.0541764419090136,0.027304748847064693,0.7515723270440252,0.33682758620689657,-0.008,rk_ret>0.95 AND px>10pct_sma20,2
257,192,46,8.0,0.06627738458565535,0.04557706138413976,0.8020833333333334,0.30533333333333323,-0.008,rk_ret>0.95 AND px>20pct_sma20,2
1090,745,260,31.041666666666668,0.04616929424746972,0.02141176470588225,0.7664429530201342,0.33682758620689657,-0.008,body>5 AND range>10,2
479,358,94,14.916666666666666,0.03841899154946586,0.013703296703296626,0.729050279329609,0.33682758620689657,-0.008,body>5 AND vol_ratio_5>2,2
548,406,116,16.916666666666668,0.05591195144664594,0.029644058190062335,0.7832512315270936,0.33682758620689657,-0.008,body>5 AND px>10pct_sma20,2
306,221,67,9.208333333333334,0.0663154308766501,0.04214749262536866,0.8144796380090498,0.33591534391534394,-0.008,body>5 AND px>20pct_sma20,2
609,467,110,19.458333333333332,0.04012978520330694,0.016539877300613577,0.7408993576017131,0.33682758620689657,-0.008,range>10 AND vol_ratio_5>2,2
645,490,126,20.416666666666668,0.056634189879013114,0.03152150666826859,0.7857142857142857,0.33682758620689657,-0.008,range>10 AND px>10pct_sma20,2
371,278,74,11.583333333333334,0.0660525485996164,0.04246260928613877,0.8237410071942446,0.3365945945945945,-0.008,range>10 AND px>20pct_sma20,2
274,216,49,9.0,0.04988992190758739,0.02714949345193974,0.7361111111111112,0.33682758620689657,-0.008,vol_ratio_5>2 AND px>10pct_sma20,2
141,109,25,4.541666666666667,0.06688410468872506,0.04543511450381677,0.8165137614678899,0.30533333333333323,-0.008,vol_ratio_5>2 AND px>20pct_sma20,2
579,447,106,18.625,0.05289444043097597,0.0301526104417671,0.7874720357941835,0.3365945945945945,-0.008,px>10pct_sma20 AND px>20pct_sma20,2
178,123,40,5.125,0.0701873637245971,0.04817977528089879,0.8048780487804879,0.2586666666666666,-0.008,ret_1d>15 AND ret_1d>10 AND ret_1d>8,3
178,123,40,5.125,0.0701873637245971,0.04817977528089879,0.8048780487804879,0.2586666666666666,-0.008,ret_1d>15 AND ret_1d>10 AND ret_1d>5,3
46,32,10,1.3333333333333333,0.06303762381238814,0.05673429951690823,0.78125,0.2586666666666666,-0.008,ret_1d>15 AND ret_1d>10 AND gap>5,3
61,43,13,1.7916666666666667,0.07764703194409636,0.06191525423728806,0.813953488372093,0.2586666666666666,-0.008,ret_1d>15 AND ret_1d>10 AND gap>3,3
70,50,14,2.0833333333333335,0.0819499262204484,0.06195762711864406,0.84,0.2586666666666666,-0.008,ret_1d>15 AND ret_1d>10 AND gap>2,3
111,76,24,3.1666666666666665,0.08211496730233912,0.05846500981033354,0.881578947368421,0.2586666666666666,-0.008,ret_1d>15 AND ret_1d>10 AND ret_5d>20,3
127,89,27,3.7083333333333335,0.07954575946063715,0.05674820143884896,0.8314606741573034,0.2586666666666666,-0.008,ret_1d>15 AND ret_1d>10 AND ret_5d>15,3
148,103,33,4.291666666666667,0.07242784141708365,0.04914285714285716,0.7961165048543689,0.2586666666666666,-0.008,ret_1d>15 AND ret_1d>10 AND ret_5d>10,3
143,97,31,4.041666666666667,0.07226712559238112,0.05082352941176472,0.8144329896907216,0.2586666666666666,-0.008,ret_1d>15 AND ret_1d>10 AND ret_3d>15,3
149,105,30,4.375,0.07739262433338867,0.054801932367149815,0.8571428571428571,0.2586666666666666,-0.008,ret_1d>15 AND ret_1d>10 AND clv>0.7,3
112,79,22,3.2916666666666665,0.08000541673406243,0.06018181818181812,0.8481012658227848,0.24122118380062307,-0.008,ret_1d>15 AND ret_1d>10 AND clv>0.85,3
178,123,40,5.125,0.0701873637245971,0.04817977528089879,0.8048780487804879,0.2586666666666666,-0.008,ret_1d>15 AND ret_1d>10 AND rk_ret>0.90,3
178,123,40,5.125,0.0701873637245971,0.04817977528089879,0.8048780487804879,0.2586666666666666,-0.008,ret_1d>15 AND ret_1d>10 AND rk_ret>0.95,3
158,110,34,4.583333333333333,0.0709634669787774,0.04694939177268077,0.8272727272727273,0.24122118380062307,-0.008,ret_1d>15 AND ret_1d>10 AND body>5,3
168,115,39,4.791666666666667,0.0712853498637367,0.04817977528089879,0.8260869565217391,0.2586666666666666,-0.008,ret_1d>15 AND ret_1d>10 AND range>10,3
122,82,30,3.4166666666666665,0.06389013526651868,0.04019976771196288,0.7804878048780488,0.2586666666666666,-0.008,ret_1d>15 AND ret_1d>10 AND vol_ratio_5>2,3
155,112,31,4.666666666666667,0.07168772131549964,0.04881063122923591,0.8125,0.2586666666666666,-0.008,ret_1d>15 AND ret_1d>10 AND px>10pct_sma20,3
123,88,24,3.6666666666666665,0.08207733112996057,0.059424242424242386,0.8863636363636364,0.2586666666666666,-0.008,ret_1d>15 AND ret_1d>10 AND px>20pct_sma20,3
178,123,40,5.125,0.0701873637245971,0.04817977528089879,0.8048780487804879,0.2586666666666666,-0.008,ret_1d>15 AND ret_1d>8 AND ret_1d>5,3
46,32,10,1.3333333333333333,0.06303762381238814,0.05673429951690823,0.78125,0.2586666666666666,-0.008,ret_1d>15 AND ret_1d>8 AND gap>5,3
61,43,13,1.7916666666666667,0.07764703194409636,0.06191525423728806,0.813953488372093,0.2586666666666666,-0.008,ret_1d>15 AND ret_1d>8 AND gap>3,3
70,50,14,2.0833333333333335,0.0819499262204484,0.06195762711864406,0.84,0.2586666666666666,-0.008,ret_1d>15 AND ret_1d>8 AND gap>2,3
111,76,24,3.1666666666666665,0.08211496730233912,0.05846500981033354,0.881578947368421,0.2586666666666666,-0.008,ret_1d>15 AND ret_1d>8 AND ret_5d>20,3
127,89,27,3.7083333333333335,0.07954575946063715,0.05674820143884896,0.8314606741573034,0.2586666666666666,-0.008,ret_1d>15 AND ret_1d>8 AND ret_5d>15,3
148,103,33,4.291666666666667,0.07242784141708365,0.04914285714285716,0.7961165048543689,0.2586666666666666,-0.008,ret_1d>15 AND ret_1d>8 AND ret_5d>10,3
143,97,31,4.041666666666667,0.07226712559238112,0.05082352941176472,0.8144329896907216,0.2586666666666666,-0.008,ret_1d>15 AND ret_1d>8 AND ret_3d>15,3
149,105,30,4.375,0.07739262433338867,0.054801932367149815,0.8571428571428571,0.2586666666666666,-0.008,ret_1d>15 AND ret_1d>8 AND clv>0.7,3
112,79,22,3.2916666666666665,0.08000541673406243,0.06018181818181812,0.8481012658227848,0.24122118380062307,-0.008,ret_1d>15 AND ret_1d>8 AND clv>0.85,3
178,123,40,5.125,0.0701873637245971,0.04817977528089879,0.8048780487804879,0.2586666666666666,-0.008,ret_1d>15 AND ret_1d>8 AND rk_ret>0.90,3
178,123,40,5.125,0.0701873637245971,0.04817977528089879,0.8048780487804879,0.2586666666666666,-0.008,ret_1d>15 AND ret_1d>8 AND rk_ret>0.95,3
158,110,34,4.583333333333333,0.0709634669787774,0.04694939177268077,0.8272727272727273,0.24122118380062307,-0.008,ret_1d>15 AND ret_1d>8 AND body>5,3
168,115,39,4.791666666666667,0.0712853498637367,0.04817977528089879,0.8260869565217391,0.2586666666666666,-0.008,ret_1d>15 AND ret_1d>8 AND range>10,3
122,82,30,3.4166666666666665,0.06389013526651868,0.04019976771196288,0.7804878048780488,0.2586666666666666,-0.008,ret_1d>15 AND ret_1d>8 AND vol_ratio_5>2,3
155,112,31,4.666666666666667,0.07168772131549964,0.04881063122923591,0.8125,0.2586666666666666,-0.008,ret_1d>15 AND ret_1d>8 AND px>10pct_sma20,3
123,88,24,3.6666666666666665,0.08207733112996057,0.059424242424242386,0.8863636363636364,0.2586666666666666,-0.008,ret_1d>15 AND ret_1d>8 AND px>20pct_sma20,3
46,32,10,1.3333333333333333,0.06303762381238814,0.05673429951690823,0.78125,0.2586666666666666,-0.008,ret_1d>15 AND ret_1d>5 AND gap>5,3
61,43,13,1.7916666666666667,0.07764703194409636,0.06191525423728806,0.813953488372093,0.2586666666666666,-0.008,ret_1d>15 AND ret_1d>5 AND gap>3,3
70,50,14,2.0833333333333335,0.0819499262204484,0.06195762711864406,0.84,0.2586666666666666,-0.008,ret_1d>15 AND ret_1d>5 AND gap>2,3
111,76,24,3.1666666666666665,0.08211496730233912,0.05846500981033354,0.881578947368421,0.2586666666666666,-0.008,ret_1d>15 AND ret_1d>5 AND ret_5d>20,3
127,89,27,3.7083333333333335,0.07954575946063715,0.05674820143884896,0.8314606741573034,0.2586666666666666,-0.008,ret_1d>15 AND ret_1d>5 AND ret_5d>15,3
148,103,33,4.291666666666667,0.07242784141708365,0.04914285714285716,0.7961165048543689,0.2586666666666666,-0.008,ret_1d>15 AND ret_1d>5 AND ret_5d>10,3
143,97,31,4.041666666666667,0.07226712559238112,0.05082352941176472,0.8144329896907216,0.2586666666666666,-0.008,ret_1d>15 AND ret_1d>5 AND ret_3d>15,3
149,105,30,4.375,0.07739262433338867,0.054801932367149815,0.8571428571428571,0.2586666666666666,-0.008,ret_1d>15 AND ret_1d>5 AND clv>0.7,3
112,79,22,3.2916666666666665,0.08000541673406243,0.06018181818181812,0.8481012658227848,0.24122118380062307,-0.008,ret_1d>15 AND ret_1d>5 AND clv>0.85,3
178,123,40,5.125,0.0701873637245971,0.04817977528089879,0.8048780487804879,0.2586666666666666,-0.008,ret_1d>15 AND ret_1d>5 AND rk_ret>0.90,3
178,123,40,5.125,0.0701873637245971,0.04817977528089879,0.8048780487804879,0.2586666666666666,-0.008,ret_1d>15 AND ret_1d>5 AND rk_ret>0.95,3
158,110,34,4.583333333333333,0.0709634669787774,0.04694939177268077,0.8272727272727273,0.24122118380062307,-0.008,ret_1d>15 AND ret_1d>5 AND body>5,3
168,115,39,4.791666666666667,0.0712853498637367,0.04817977528089879,0.8260869565217391,0.2586666666666666,-0.008,ret_1d>15 AND ret_1d>5 AND range>10,3
122,82,30,3.4166666666666665,0.06389013526651868,0.04019976771196288,0.7804878048780488,0.2586666666666666,-0.008,ret_1d>15 AND ret_1d>5 AND vol_ratio_5>2,3
155,112,31,4.666666666666667,0.07168772131549964,0.04881063122923591,0.8125,0.2586666666666666,-0.008,ret_1d>15 AND ret_1d>5 AND px>10pct_sma20,3
123,88,24,3.6666666666666665,0.08207733112996057,0.059424242424242386,0.8863636363636364,0.2586666666666666,-0.008,ret_1d>15 AND ret_1d>5 AND px>20pct_sma20,3
46,32,10,1.3333333333333333,0.06303762381238814,0.05673429951690823,0.78125,0.2586666666666666,-0.008,ret_1d>15 AND gap>5 AND gap>3,3
46,32,10,1.3333333333333333,0.06303762381238814,0.05673429951690823,0.78125,0.2586666666666666,-0.008,ret_1d>15 AND gap>5 AND gap>2,3
29,20,7,0.8333333333333334,0.08117672324535867,0.08550138553678377,0.85,0.2586666666666666,-0.008,ret_1d>15 AND gap>5 AND ret_5d>20,3
36,26,8,1.0833333333333333,0.07223418585746469,0.062398230088495654,0.8076923076923077,0.2586666666666666,-0.008,ret_1d>15 AND gap>5 AND ret_5d>15,3
39,27,9,1.125,0.06963666082944785,0.06200000000000006,0.8148148148148148,0.2586666666666666,-0.008,ret_1d>15 AND gap>5 AND ret_5d>10,3
43,29,10,1.2083333333333333,0.06989373267967955,0.06200000000000006,0.8275862068965517,0.2586666666666666,-0.008,ret_1d>15 AND gap>5 AND ret_3d>15,3
32,24,5,1.0,0.07396835348801196,0.06740404040404047,0.875,0.2586666666666666,-0.008,ret_1d>15 AND gap>5 AND clv>0.7,3
28,21,4,0.875,0.06864822157663411,0.07280808080808088,0.8571428571428571,0.19199999999999995,-0.008,ret_1d>15 AND gap>5 AND clv>0.85,3
46,32,10,1.3333333333333333,0.06303762381238814,0.05673429951690823,0.78125,0.2586666666666666,-0.008,ret_1d>15 AND gap>5 AND rk_ret>0.90,3
46,32,10,1.3333333333333333,0.06303762381238814,0.05673429951690823,0.78125,0.2586666666666666,-0.008,ret_1d>15 AND gap>5 AND rk_ret>0.95,3
26,19,4,0.7916666666666666,0.0626389258703417,0.05866666666666665,0.8947368421052632,0.19199999999999995,-0.008,ret_1d>15 AND gap>5 AND body>5,3
36,24,9,1.0,0.06591556075836248,0.06033333333333336,0.875,0.2586666666666666,-0.008,ret_1d>15 AND gap>5 AND range>10,3
32,20,9,0.8333333333333334,0.06664464473217717,0.06033333333333336,0.85,0.2586666666666666,-0.008,ret_1d>15 AND gap>5 AND vol_ratio_5>2,3
39,28,8,1.1666666666666667,0.06888100884681095,0.06033333333333336,0.8214285714285714,0.2586666666666666,-0.008,ret_1d>15 AND gap>5 AND px>10pct_sma20,3
32,23,7,0.9583333333333334,0.08180354214159151,0.07280808080808088,0.9130434782608695,0.2586666666666666,-0.008,ret_1d>15 AND gap>5 AND px>20pct_sma20,3
61,43,13,1.7916666666666667,0.07764703194409636,0.06191525423728806,0.813953488372093,0.2586666666666666,-0.008,ret_1d>15 AND gap>3 AND gap>2,3
40,28,9,1.1666666666666667,0.08829805418569772,0.08550138553678377,0.8571428571428571,0.2586666666666666,-0.008,ret_1d>15 AND gap>3 AND ret_5d>20,3
49,36,10,1.5,0.08862949414856529,0.06780227049253607,0.8333333333333334,0.2586666666666666,-0.008,ret_1d>15 AND gap>3 AND ret_5d>15,3
53,37,12,1.5416666666666667,0.08629088647160434,0.06279646017699125,0.8378378378378378,0.2586666666666666,-0.008,ret_1d>15 AND gap>3 AND ret_5d>10,3
54,37,12,1.5416666666666667,0.07824682648614223,0.06200000000000006,0.8378378378378378,0.2586666666666666,-0.008,ret_1d>15 AND gap>3 AND ret_3d>15,3
47,35,8,1.4583333333333333,0.08848168272320028,0.07280808080808088,0.8857142857142857,0.2586666666666666,-0.008,ret_1d>15 AND gap>3 AND clv>0.7,3
41,31,6,1.2916666666666667,0.08140683926096745,0.07280808080808088,0.8709677419354839,0.2241428571428572,-0.008,ret_1d>15 AND gap>3 AND clv>0.85,3
61,43,13,1.7916666666666667,0.07764703194409636,0.06191525423728806,0.813953488372093,0.2586666666666666,-0.008,ret_1d>15 AND gap>3 AND rk_ret>0.90,3
61,43,13,1.7916666666666667,0.07764703194409636,0.06191525423728806,0.813953488372093,0.2586666666666666,-0.008,ret_1d>15 AND gap>3 AND rk_ret>0.95,3
41,30,7,1.25,0.08372526677120717,0.06195762711864406,0.9,0.23961904761904762,-0.008,ret_1d>15 AND gap>3 AND body>5,3
51,35,12,1.4583333333333333,0.08295976770858352,0.06200000000000006,0.8857142857142857,0.2586666666666666,-0.008,ret_1d>15 AND gap>3 AND range>10,3
41,27,11,1.125,0.07312788719452326,0.06191525423728806,0.8518518518518519,0.2586666666666666,-0.008,ret_1d>15 AND gap>3 AND vol_ratio_5>2,3
54,39,11,1.625,0.0833406835720623,0.06200000000000006,0.8461538461538461,0.2586666666666666,-0.008,ret_1d>15 AND gap>3 AND px>10pct_sma20,3
43,31,9,1.2916666666666667,0.08820063261474097,0.07280808080808088,0.9032258064516129,0.2586666666666666,-0.008,ret_1d>15 AND gap>3 AND px>20pct_sma20,3
48,34,10,1.4166666666666667,0.09109070502220136,0.08550138553678377,0.8823529411764706,0.2586666666666666,-0.008,ret_1d>15 AND gap>2 AND ret_5d>20,3
57,42,11,1.75,0.0908428629262776,0.06780227049253607,0.8571428571428571,0.2586666666666666,-0.008,ret_1d>15 AND gap>2 AND ret_5d>15,3
61,43,13,1.7916666666666667,0.08877909890708534,0.06279646017699125,0.8604651162790697,0.2586666666666666,-0.008,ret_1d>15 AND gap>2 AND ret_5d>10,3
62,43,13,1.7916666666666667,0.0818574658963389,0.06200000000000006,0.8604651162790697,0.2586666666666666,-0.008,ret_1d>15 AND gap>2 AND ret_3d>15,3
56,42,9,1.75,0.09179840077948301,0.08040404040404048,0.9047619047619048,0.2586666666666666,-0.008,ret_1d>15 AND gap>2 AND clv>0.7,3
48,37,6,1.5416666666666667,0.08868094717365838,0.08800000000000008,0.8918918918918919,0.23009523809523813,-0.008,ret_1d>15 AND gap>2 AND clv>0.85,3
70,50,14,2.0833333333333335,0.0819499262204484,0.06195762711864406,0.84,0.2586666666666666,-0.008,ret_1d>15 AND gap>2 AND rk_ret>0.90,3
70,50,14,2.0833333333333335,0.0819499262204484,0.06195762711864406,0.84,0.2586666666666666,-0.008,ret_1d>15 AND gap>2 AND rk_ret>0.95,3
50,37,8,1.5416666666666667,0.08839005244763491,0.06200000000000006,0.918918918918919,0.23961904761904762,-0.008,ret_1d>15 AND gap>2 AND body>5,3
60,42,13,1.75,0.08719680493396903,0.062398230088495654,0.9047619047619048,0.2586666666666666,-0.008,ret_1d>15 AND gap>2 AND range>10,3
46,32,11,1.3333333333333333,0.0839474054475948,0.062398230088495654,0.875,0.2586666666666666,-0.008,ret_1d>15 AND gap>2 AND vol_ratio_5>2,3
62,45,12,1.875,0.0861116691747942,0.06200000000000006,0.8666666666666667,0.2586666666666666,-0.008,ret_1d>15 AND gap>2 AND px>10pct_sma20,3
50,36,10,1.5,0.09327408765337139,0.08040404040404048,0.9166666666666666,0.2586666666666666,-0.008,ret_1d>15 AND gap>2 AND px>20pct_sma20,3
111,76,24,3.1666666666666665,0.08211496730233912,0.05846500981033354,0.881578947368421,0.2586666666666666,-0.008,ret_1d>15 AND ret_5d>20 AND ret_5d>15,3
111,76,24,3.1666666666666665,0.08211496730233912,0.05846500981033354,0.881578947368421,0.2586666666666666,-0.008,ret_1d>15 AND ret_5d>20 AND ret_5d>10,3
108,74,23,3.0833333333333335,0.0809533386999813,0.05846500981033354,0.8783783783783784,0.2586666666666666,-0.008,ret_1d>15 AND ret_5d>20 AND ret_3d>15,3
98,71,17,2.9583333333333335,0.08423741819939193,0.06191525423728806,0.8873239436619719,0.2586666666666666,-0.008,ret_1d>15 AND ret_5d>20 AND clv>0.7,3
78,56,14,2.3333333333333335,0.08880643839555244,0.07433952427500823,0.875,0.24122118380062307,-0.008,ret_1d>15 AND ret_5d>20 AND clv>0.85,3
111,76,24,3.1666666666666665,0.08211496730233912,0.05846500981033354,0.881578947368421,0.2586666666666666,-0.008,ret_1d>15 AND ret_5d>20 AND rk_ret>0.90,3
111,76,24,3.1666666666666665,0.08211496730233912,0.05846500981033354,0.881578947368421,0.2586666666666666,-0.008,ret_1d>15 AND ret_5d>20 AND rk_ret>0.95,3
100,70,20,2.9166666666666665,0.07918736278803008,0.051411764705882386,0.8857142857142857,0.24122118380062307,-0.008,ret_1d>15 AND ret_5d>20 AND body>5,3
105,71,24,2.9583333333333335,0.08231421047252399,0.05674820143884896,0.9014084507042254,0.2586666666666666,-0.008,ret_1d>15 AND ret_5d>20 AND range>10,3
77,53,17,2.2083333333333335,0.07775228943388052,0.05200000000000005,0.8867924528301887,0.2586666666666666,-0.008,ret_1d>15 AND ret_5d>20 AND vol_ratio_5>2,3
110,76,23,3.1666666666666665,0.08211496730233912,0.05846500981033354,0.881578947368421,0.2586666666666666,-0.008,ret_1d>15 AND ret_5d>20 AND px>10pct_sma20,3
105,71,23,2.9583333333333335,0.08401918912379203,0.06191525423728806,0.8873239436619719,0.2586666666666666,-0.008,ret_1d>15 AND ret_5d>20 AND px>20pct_sma20,3
127,89,27,3.7083333333333335,0.07954575946063715,0.05674820143884896,0.8314606741573034,0.2586666666666666,-0.008,ret_1d>15 AND ret_5d>15 AND ret_5d>10,3
122,85,26,3.5416666666666665,0.0759521872104491,0.054801932367149815,0.8235294117647058,0.2586666666666666,-0.008,ret_1d>15 AND ret_5d>15 AND ret_3d>15,3
108,79,19,3.2916666666666665,0.08394420174952216,0.06018181818181812,0.8607594936708861,0.2586666666666666,-0.008,ret_1d>15 AND ret_5d>15 AND clv>0.7,3
86,63,15,2.625,0.08546471029503669,0.06200000000000006,0.8412698412698413,0.24122118380062307,-0.008,ret_1d>15 AND ret_5d>15 AND clv>0.85,3
127,89,27,3.7083333333333335,0.07954575946063715,0.05674820143884896,0.8314606741573034,0.2586666666666666,-0.008,ret_1d>15 AND ret_5d>15 AND rk_ret>0.90,3
127,89,27,3.7083333333333335,0.07954575946063715,0.05674820143884896,0.8314606741573034,0.2586666666666666,-0.008,ret_1d>15 AND ret_5d>15 AND rk_ret>0.95,3
113,80,23,3.3333333333333335,0.07921074039547235,0.05437410071942451,0.85,0.24122118380062307,-0.008,ret_1d>15 AND ret_5d>15 AND body>5,3
120,83,27,3.4583333333333335,0.07985954323133716,0.05674820143884896,0.8433734939759037,0.2586666666666666,-0.008,ret_1d>15 AND ret_5d>15 AND range>10,3
90,63,20,2.625,0.07168225501971244,0.05082352941176472,0.8095238095238095,0.2586666666666666,-0.008,ret_1d>15 AND ret_5d>15 AND vol_ratio_5>2,3
126,89,26,3.7083333333333335,0.07954575946063715,0.05674820143884896,0.8314606741573034,0.2586666666666666,-0.008,ret_1d>15 AND ret_5d>15 AND px>10pct_sma20,3
110,76,23,3.1666666666666665,0.08605627966779504,0.06195762711864406,0.8947368421052632,0.2586666666666666,-0.008,ret_1d>15 AND ret_5d>15 AND px>20pct_sma20,3
135,93,30,3.875,0.07118982104547368,0.05082352941176472,0.8064516129032258,0.2586666666666666,-0.008,ret_1d>15 AND ret_5d>10 AND ret_3d>15,3
122,87,24,3.625,0.07973847681425271,0.05674820143884896,0.8390804597701149,0.2586666666666666,-0.008,ret_1d>15 AND ret_5d>10 AND clv>0.7,3
94,67,18,2.7916666666666665,0.08033464707021058,0.06018181818181812,0.8208955223880597,0.24122118380062307,-0.008,ret_1d>15 AND ret_5d>10 AND clv>0.85,3
148,103,33,4.291666666666667,0.07242784141708365,0.04914285714285716,0.7961165048543689,0.2586666666666666,-0.008,ret_1d>15 AND ret_5d>10 AND rk_ret>0.90,3
148,103,33,4.291666666666667,0.07242784141708365,0.04914285714285716,0.7961165048543689,0.2586666666666666,-0.008,ret_1d>15 AND ret_5d>10 AND rk_ret>0.95,3
132,93,28,3.875,0.07220702468279236,0.04817977528089879,0.8064516129032258,0.24122118380062307,-0.008,ret_1d>15 AND ret_5d>10 AND body>5,3
140,97,32,4.041666666666667,0.0722560532181845,0.04817977528089879,0.8041237113402062,0.2586666666666666,-0.008,ret_1d>15 AND ret_5d>10 AND range>10,3
109,75,26,3.125,0.06410242696675268,0.03961904761904767,0.76,0.2586666666666666,-0.008,ret_1d>15 AND ret_5d>10 AND vol_ratio_5>2,3
143,101,30,4.208333333333333,0.07156879820139178,0.04914285714285716,0.7920792079207921,0.2586666666666666,-0.008,ret_1d>15 AND ret_5d>10 AND px>10pct_sma20,3
115,81,23,3.375,0.08229777780491344,0.06018181818181812,0.8765432098765432,0.2586666666666666,-0.008,ret_1d>15 AND ret_5d>10 AND px>20pct_sma20,3
120,84,22,3.5,0.07941986635646943,0.059424242424242386,0.8571428571428571,0.2586666666666666,-0.008,ret_1d>15 AND ret_3d>15 AND clv>0.7,3
92,64,17,2.6666666666666665,0.08022181614027758,0.06195762711864406,0.84375,0.24122118380062307,-0.008,ret_1d>15 AND ret_3d>15 AND clv>0.85,3
143,97,31,4.041666666666667,0.07226712559238112,0.05082352941176472,0.8144329896907216,0.2586666666666666,-0.008,ret_1d>15 AND ret_3d>15 AND rk_ret>0.90,3
143,97,31,4.041666666666667,0.07226712559238112,0.05082352941176472,0.8144329896907216,0.2586666666666666,-0.008,ret_1d>15 AND ret_3d>15 AND rk_ret>0.95,3
125,86,25,3.5833333333333335,0.07170752106977951,0.04998319327731094,0.8255813953488372,0.24122118380062307,-0.008,ret_1d>15 AND ret_3d>15 AND body>5,3
135,91,30,3.7916666666666665,0.07207341405126644,0.05082352941176472,0.8241758241758241,0.2586666666666666,-0.008,ret_1d>15 AND ret_3d>15 AND range>10,3
105,70,25,2.9166666666666665,0.06315918809805185,0.04392764128552185,0.7857142857142857,0.2586666666666666,-0.008,ret_1d>15 AND ret_3d>15 AND vol_ratio_5>2,3
134,95,27,3.9583333333333335,0.07233728562991494,0.05082352941176472,0.8105263157894737,0.2586666666666666,-0.008,ret_1d>15 AND ret_3d>15 AND px>10pct_sma20,3
113,80,22,3.3333333333333335,0.08202133644945282,0.06104853620955309,0.8875,0.2586666666666666,-0.008,ret_1d>15 AND ret_3d>15 AND px>20pct_sma20,3
112,79,22,3.2916666666666665,0.08000541673406243,0.06018181818181812,0.8481012658227848,0.24122118380062307,-0.008,ret_1d>15 AND clv>0.7 AND clv>0.85,3
149,105,30,4.375,0.07739262433338867,0.054801932367149815,0.8571428571428571,0.2586666666666666,-0.008,ret_1d>15 AND clv>0.7 AND rk_ret>0.90,3
149,105,30,4.375,0.07739262433338867,0.054801932367149815,0.8571428571428571,0.2586666666666666,-0.008,ret_1d>15 AND clv>0.7 AND rk_ret>0.95,3
136,97,25,4.041666666666667,0.07494084736749373,0.04914285714285716,0.8556701030927835,0.24122118380062307,-0.008,ret_1d>15 AND clv>0.7 AND body>5,3
143,100,29,4.166666666666667,0.07666995051210089,0.05082352941176472,0.86,0.2586666666666666,-0.008,ret_1d>15 AND clv>0.7 AND range>10,3
100,70,21,2.9166666666666665,0.07237914696467929,0.04832909029825672,0.8285714285714286,0.2586666666666666,-0.008,ret_1d>15 AND clv>0.7 AND vol_ratio_5>2,3
130,96,23,4.0,0.07818963129392009,0.055584874229551946,0.8541666666666666,0.2586666666666666,-0.008,ret_1d>15 AND clv>0.7 AND px>10pct_sma20,3
108,80,18,3.3333333333333335,0.08466139336982173,0.06195762711864406,0.9,0.2586666666666666,-0.008,ret_1d>15 AND clv>0.7 AND px>20pct_sma20,3
112,79,22,3.2916666666666665,0.08000541673406243,0.06018181818181812,0.8481012658227848,0.24122118380062307,-0.008,ret_1d>15 AND clv>0.85 AND rk_ret>0.90,3
112,79,22,3.2916666666666665,0.08000541673406243,0.06018181818181812,0.8481012658227848,0.24122118380062307,-0.008,ret_1d>15 AND clv>0.85 AND rk_ret>0.95,3
101,72,18,3.0,0.0794740448374817,0.05770743405275781,0.8472222222222222,0.24122118380062307,-0.008,ret_1d>15 AND clv>0.85 AND body>5,3
106,74,21,3.0833333333333335,0.07920537051615152,0.059424242424242386,0.8513513513513513,0.24122118380062307,-0.008,ret_1d>15 AND clv>0.85 AND range>10,3
75,54,15,2.25,0.07577437672979341,0.05770743405275781,0.8148148148148148,0.24122118380062307,-0.008,ret_1d>15 AND clv>0.85 AND vol_ratio_5>2,3
101,75,17,3.125,0.07917327919360702,0.05866666666666665,0.84,0.24122118380062307,-0.008,ret_1d>15 AND clv>0.85 AND px>10pct_sma20,3
86,63,15,2.625,0.08686142705487357,0.07280808080808088,0.8888888888888888,0.24122118380062307,-0.008,ret_1d>15 AND clv>0.85 AND px>20pct_sma20,3
178,123,40,5.125,0.0701873637245971,0.04817977528089879,0.8048780487804879,0.2586666666666666,-0.008,ret_1d>15 AND rk_ret>0.90 AND rk_ret>0.95,3
158,110,34,4.583333333333333,0.0709634669787774,0.04694939177268077,0.8272727272727273,0.24122118380062307,-0.008,ret_1d>15 AND rk_ret>0.90 AND body>5,3
168,115,39,4.791666666666667,0.0712853498637367,0.04817977528089879,0.8260869565217391,0.2586666666666666,-0.008,ret_1d>15 AND rk_ret>0.90 AND range>10,3
122,82,30,3.4166666666666665,0.06389013526651868,0.04019976771196288,0.7804878048780488,0.2586666666666666,-0.008,ret_1d>15 AND rk_ret>0.90 AND vol_ratio_5>2,3
155,112,31,4.666666666666667,0.07168772131549964,0.04881063122923591,0.8125,0.2586666666666666,-0.008,ret_1d>15 AND rk_ret>0.90 AND px>10pct_sma20,3
123,88,24,3.6666666666666665,0.08207733112996057,0.059424242424242386,0.8863636363636364,0.2586666666666666,-0.008,ret_1d>15 AND rk_ret>0.90 AND px>20pct_sma20,3
158,110,34,4.583333333333333,0.0709634669787774,0.04694939177268077,0.8272727272727273,0.24122118380062307,-0.008,ret_1d>15 AND rk_ret>0.95 AND body>5,3
168,115,39,4.791666666666667,0.0712853498637367,0.04817977528089879,0.8260869565217391,0.2586666666666666,-0.008,ret_1d>15 AND rk_ret>0.95 AND range>10,3
122,82,30,3.4166666666666665,0.06389013526651868,0.04019976771196288,0.7804878048780488,0.2586666666666666,-0.008,ret_1d>15 AND rk_ret>0.95 AND vol_ratio_5>2,3
155,112,31,4.666666666666667,0.07168772131549964,0.04881063122923591,0.8125,0.2586666666666666,-0.008,ret_1d>15 AND rk_ret>0.95 AND px>10pct_sma20,3
123,88,24,3.6666666666666665,0.08207733112996057,0.059424242424242386,0.8863636363636364,0.2586666666666666,-0.008,ret_1d>15 AND rk_ret>0.95 AND px>20pct_sma20,3
156,108,34,4.5,0.07057390155245846,0.04694939177268077,0.8333333333333334,0.24122118380062307,-0.008,ret_1d>15 AND body>5 AND range>10,3
109,76,24,3.1666666666666665,0.0625987570458182,0.04019976771196288,0.7894736842105263,0.24122118380062307,-0.008,ret_1d>15 AND body>5 AND vol_ratio_5>2,3
140,102,27,4.25,0.07141382761643167,0.04832909029825672,0.8235294117647058,0.24122118380062307,-0.008,ret_1d>15 AND body>5 AND px>10pct_sma20,3
111,81,20,3.375,0.07988124799078657,0.05674820143884896,0.8888888888888888,0.24122118380062307,-0.008,ret_1d>15 AND body>5 AND px>20pct_sma20,3
117,79,29,3.2916666666666665,0.06267800658767037,0.03961904761904767,0.7848101265822784,0.2586666666666666,-0.008,ret_1d>15 AND range>10 AND vol_ratio_5>2,3
148,106,31,4.416666666666667,0.07148862531641734,0.04832909029825672,0.8207547169811321,0.2586666666666666,-0.008,ret_1d>15 AND range>10 AND px>10pct_sma20,3
117,83,24,3.4583333333333335,0.08148885103181697,0.05866666666666665,0.891566265060241,0.2586666666666666,-0.008,ret_1d>15 AND range>10 AND px>20pct_sma20,3
108,77,23,3.2083333333333335,0.06310995635927906,0.04078048780487809,0.7662337662337663,0.2586666666666666,-0.008,ret_1d>15 AND vol_ratio_5>2 AND px>10pct_sma20,3
83,60,16,2.5,0.07623204397829669,0.051411764705882386,0.8833333333333333,0.2586666666666666,-0.008,ret_1d>15 AND vol_ratio_5>2 AND px>20pct_sma20,3
123,88,24,3.6666666666666665,0.08207733112996057,0.059424242424242386,0.8863636363636364,0.2586666666666666,-0.008,ret_1d>15 AND px>10pct_sma20 AND px>20pct_sma20,3
311,218,72,9.083333333333334,0.05583996124863783,0.02755625790139072,0.7339449541284404,0.30533333333333323,-0.008,ret_1d>10 AND ret_1d>8 AND ret_1d>5,3
60,45,11,1.875,0.04912523645508608,0.026482758620689724,0.7111111111111111,0.2586666666666666,-0.008,ret_1d>10 AND ret_1d>8 AND gap>5,3
84,63,15,2.625,0.06244217538143513,0.030327526132404088,0.746031746031746,0.30533333333333323,-0.008,ret_1d>10 AND ret_1d>8 AND gap>3,3
103,76,20,3.1666666666666665,0.06394186148660529,0.030980836236933713,0.75,0.30533333333333323,-0.008,ret_1d>10 AND ret_1d>8 AND gap>2,3
147,99,34,4.125,0.07568013676301633,0.05082352941176472,0.8282828282828283,0.30533333333333323,-0.008,ret_1d>10 AND ret_1d>8 AND ret_5d>20,3
183,129,40,5.375,0.06921261135751929,0.04292592592592582,0.7906976744186046,0.30533333333333323,-0.008,ret_1d>10 AND ret_1d>8 AND ret_5d>15,3
226,157,54,6.541666666666667,0.06424709200234108,0.03929729729729737,0.7579617834394905,0.30533333333333323,-0.008,ret_1d>10 AND ret_1d>8 AND ret_5d>10,3
187,131,39,5.458333333333333,0.06693686367899178,0.04292592592592582,0.7862595419847328,0.30533333333333323,-0.008,ret_1d>10 AND ret_1d>8 AND ret_3d>15,3
214,150,46,6.25,0.06350377895935898,0.03929729729729737,0.76,0.2586666666666666,-0.008,ret_1d>10 AND ret_1d>8 AND clv>0.7,3
147,100,34,4.166666666666667,0.07085926705106595,0.04866131621187798,0.79,0.24122118380062307,-0.008,ret_1d>10 AND ret_1d>8 AND clv>0.85,3
311,218,72,9.083333333333334,0.05583996124863783,0.02755625790139072,0.7339449541284404,0.30533333333333323,-0.008,ret_1d>10 AND ret_1d>8 AND rk_ret>0.90,3
311,218,72,9.083333333333334,0.05583996124863783,0.02755625790139072,0.7339449541284404,0.30533333333333323,-0.008,ret_1d>10 AND ret_1d>8 AND rk_ret>0.95,3
282,197,65,8.208333333333334,0.05737678195966998,0.029974683544303778,0.7563451776649747,0.30533333333333323,-0.008,ret_1d>10 AND ret_1d>8 AND body>5,3
291,203,68,8.458333333333334,0.05746203772897759,0.03025136612021862,0.7536945812807881,0.30533333333333323,-0.008,ret_1d>10 AND ret_1d>8 AND range>10,3
199,143,46,5.958333333333333,0.053071673017793454,0.026482758620689724,0.7272727272727273,0.30533333333333323,-0.008,ret_1d>10 AND ret_1d>8 AND vol_ratio_5>2,3
244,175,53,7.291666666666667,0.06212029751950849,0.036117647058823595,0.7542857142857143,0.30533333333333323,-0.008,ret_1d>10 AND ret_1d>8 AND px>10pct_sma20,3
172,119,38,4.958333333333333,0.07543951715219455,0.05121052631578938,0.8151260504201681,0.30533333333333323,-0.008,ret_1d>10 AND ret_1d>8 AND px>20pct_sma20,3
60,45,11,1.875,0.04912523645508608,0.026482758620689724,0.7111111111111111,0.2586666666666666,-0.008,ret_1d>10 AND ret_1d>5 AND gap>5,3
84,63,15,2.625,0.06244217538143513,0.030327526132404088,0.746031746031746,0.30533333333333323,-0.008,ret_1d>10 AND ret_1d>5 AND gap>3,3
103,76,20,3.1666666666666665,0.06394186148660529,0.030980836236933713,0.75,0.30533333333333323,-0.008,ret_1d>10 AND ret_1d>5 AND gap>2,3
147,99,34,4.125,0.07568013676301633,0.05082352941176472,0.8282828282828283,0.30533333333333323,-0.008,ret_1d>10 AND ret_1d>5 AND ret_5d>20,3
183,129,40,5.375,0.06921261135751929,0.04292592592592582,0.7906976744186046,0.30533333333333323,-0.008,ret_1d>10 AND ret_1d>5 AND ret_5d>15,3
226,157,54,6.541666666666667,0.06424709200234108,0.03929729729729737,0.7579617834394905,0.30533333333333323,-0.008,ret_1d>10 AND ret_1d>5 AND ret_5d>10,3
187,131,39,5.458333333333333,0.06693686367899178,0.04292592592592582,0.7862595419847328,0.30533333333333323,-0.008,ret_1d>10 AND ret_1d>5 AND ret_3d>15,3
214,150,46,6.25,0.06350377895935898,0.03929729729729737,0.76,0.2586666666666666,-0.008,ret_1d>10 AND ret_1d>5 AND clv>0.7,3
147,100,34,4.166666666666667,0.07085926705106595,0.04866131621187798,0.79,0.24122118380062307,-0.008,ret_1d>10 AND ret_1d>5 AND clv>0.85,3
311,218,72,9.083333333333334,0.05583996124863783,0.02755625790139072,0.7339449541284404,0.30533333333333323,-0.008,ret_1d>10 AND ret_1d>5 AND rk_ret>0.90,3
311,218,72,9.083333333333334,0.05583996124863783,0.02755625790139072,0.7339449541284404,0.30533333333333323,-0.008,ret_1d>10 AND ret_1d>5 AND rk_ret>0.95,3
282,197,65,8.208333333333334,0.05737678195966998,0.029974683544303778,0.7563451776649747,0.30533333333333323,-0.008,ret_1d>10 AND ret_1d>5 AND body>5,3
291,203,68,8.458333333333334,0.05746203772897759,0.03025136612021862,0.7536945812807881,0.30533333333333323,-0.008,ret_1d>10 AND ret_1d>5 AND range>10,3
199,143,46,5.958333333333333,0.053071673017793454,0.026482758620689724,0.7272727272727273,0.30533333333333323,-0.008,ret_1d>10 AND ret_1d>5 AND vol_ratio_5>2,3
244,175,53,7.291666666666667,0.06212029751950849,0.036117647058823595,0.7542857142857143,0.30533333333333323,-0.008,ret_1d>10 AND ret_1d>5 AND px>10pct_sma20,3
172,119,38,4.958333333333333,0.07543951715219455,0.05121052631578938,0.8151260504201681,0.30533333333333323,-0.008,ret_1d>10 AND ret_1d>5 AND px>20pct_sma20,3
60,45,11,1.875,0.04912523645508608,0.026482758620689724,0.7111111111111111,0.2586666666666666,-0.008,ret_1d>10 AND gap>5 AND gap>3,3
60,45,11,1.875,0.04912523645508608,0.026482758620689724,0.7111111111111111,0.2586666666666666,-0.008,ret_1d>10 AND gap>5 AND gap>2,3
31,22,7,0.9166666666666666,0.07951670130415257,0.06876767676767681,0.8636363636363636,0.2586666666666666,-0.008,ret_1d>10 AND gap>5 AND ret_5d>20,3
43,32,9,1.3333333333333333,0.06306994322371823,0.059886178861788604,0.78125,0.2586666666666666,-0.008,ret_1d>10 AND gap>5 AND ret_5d>15,3
49,36,10,1.5,0.056554814988929364,0.04321803935430658,0.75,0.2586666666666666,-0.008,ret_1d>10 AND gap>5 AND ret_5d>10,3
52,37,11,1.5416666666666667,0.05939403314817798,0.054801932367149815,0.7837837837837838,0.2586666666666666,-0.008,ret_1d>10 AND gap>5 AND ret_3d>15,3
35,26,6,1.0833333333333333,0.0691874857712981,0.06033333333333336,0.8461538461538461,0.2586666666666666,-0.008,ret_1d>10 AND gap>5 AND clv>0.7,3
29,22,4,0.9166666666666666,0.06696576361139907,0.06740404040404047,0.8636363636363636,0.19199999999999995,-0.008,ret_1d>10 AND gap>5 AND clv>0.85,3
60,45,11,1.875,0.04912523645508608,0.026482758620689724,0.7111111111111111,0.2586666666666666,-0.008,ret_1d>10 AND gap>5 AND rk_ret>0.90,3
60,45,11,1.875,0.04912523645508608,0.026482758620689724,0.7111111111111111,0.2586666666666666,-0.008,ret_1d>10 AND gap>5 AND rk_ret>0.95,3
31,24,4,1.0,0.05586458893045052,0.05357253599114065,0.875,0.19199999999999995,-0.008,ret_1d>10 AND gap>5 AND body>5,3
47,35,9,1.4583333333333333,0.04982384235443375,0.026482758620689724,0.7714285714285715,0.2586666666666666,-0.008,ret_1d>10 AND gap>5 AND range>10,3
44,31,10,1.2916666666666667,0.049752405584709565,0.03163414634146334,0.7741935483870968,0.2586666666666666,-0.008,ret_1d>10 AND gap>5 AND vol_ratio_5>2,3
49,37,9,1.5416666666666667,0.055265340502043465,0.048478405315614655,0.7297297297297297,0.2586666666666666,-0.008,ret_1d>10 AND gap>5 AND px>10pct_sma20,3
37,27,8,1.125,0.07375238640891807,0.06200000000000006,0.8518518518518519,0.2586666666666666,-0.008,ret_1d>10 AND gap>5 AND px>20pct_sma20,3
84,63,15,2.625,0.06244217538143513,0.030327526132404088,0.746031746031746,0.30533333333333323,-0.008,ret_1d>10 AND gap>3 AND gap>2,3
45,33,9,1.375,0.08913835964760931,0.06472727272727274,0.8484848484848485,0.30533333333333323,-0.008,ret_1d>10 AND gap>3 AND ret_5d>20,3
60,46,11,1.9166666666666667,0.08043688766707358,0.06151047264709931,0.8043478260869565,0.30533333333333323,-0.008,ret_1d>10 AND gap>3 AND ret_5d>15,3
69,51,14,2.125,0.07283133723869648,0.054801932367149815,0.7647058823529411,0.30533333333333323,-0.008,ret_1d>10 AND gap>3 AND ret_5d>10,3
66,48,13,2.0,0.07074545737362452,0.05673429951690823,0.7916666666666666,0.30533333333333323,-0.008,ret_1d>10 AND gap>3 AND ret_3d>15,3
56,42,9,1.75,0.0763221889533616,0.05673429951690823,0.8333333333333334,0.2586666666666666,-0.008,ret_1d>10 AND gap>3 AND clv>0.7,3
47,36,6,1.5,0.07266013146155324,0.060290960451977356,0.8333333333333334,0.2241428571428572,-0.008,ret_1d>10 AND gap>3 AND clv>0.85,3
84,63,15,2.625,0.06244217538143513,0.030327526132404088,0.746031746031746,0.30533333333333323,-0.008,ret_1d>10 AND gap>3 AND rk_ret>0.90,3
84,63,15,2.625,0.06244217538143513,0.030327526132404088,0.746031746031746,0.30533333333333323,-0.008,ret_1d>10 AND gap>3 AND rk_ret>0.95,3
55,42,8,1.75,0.07295170340196075,0.04388785130645601,0.8571428571428571,0.30533333333333323,-0.008,ret_1d>10 AND gap>3 AND body>5,3
69,51,13,2.125,0.06754100736914338,0.03851162790697683,0.803921568627451,0.30533333333333323,-0.008,ret_1d>10 AND gap>3 AND range>10,3
58,42,13,1.75,0.059772362808454264,0.030980836236933713,0.7619047619047619,0.30533333333333323,-0.008,ret_1d>10 AND gap>3 AND vol_ratio_5>2,3
70,52,13,2.1666666666666665,0.07127672322323808,0.051640168841382235,0.75,0.30533333333333323,-0.008,ret_1d>10 AND gap>3 AND px>10pct_sma20,3
52,38,10,1.5833333333333333,0.08387999900601423,0.06195762711864406,0.8421052631578947,0.30533333333333323,-0.008,ret_1d>10 AND gap>3 AND px>20pct_sma20,3
57,42,11,1.75,0.08468212664544403,0.06195762711864406,0.8095238095238095,0.30533333333333323,-0.008,ret_1d>10 AND gap>2 AND ret_5d>20,3
73,56,13,2.3333333333333335,0.07707776063124164,0.05673429951690823,0.7857142857142857,0.30533333333333323,-0.008,ret_1d>10 AND gap>2 AND ret_5d>15,3
84,62,17,2.5833333333333335,0.07114094940954953,0.042508152780880055,0.7580645161290323,0.30533333333333323,-0.008,ret_1d>10 AND gap>2 AND ret_5d>10,3
78,58,14,2.4166666666666665,0.06917309856203663,0.0470987067900387,0.7758620689655172,0.30533333333333323,-0.008,ret_1d>10 AND gap>2 AND ret_3d>15,3
67,49,12,2.0416666666666665,0.08090216068300947,0.05866666666666665,0.8571428571428571,0.2586666666666666,-0.008,ret_1d>10 AND gap>2 AND clv>0.7,3
56,42,8,1.75,0.08031780383217343,0.06195762711864406,0.8571428571428571,0.23009523809523813,-0.008,ret_1d>10 AND gap>2 AND clv>0.85,3
103,76,20,3.1666666666666665,0.06394186148660529,0.030980836236933713,0.75,0.30533333333333323,-0.008,ret_1d>10 AND gap>2 AND rk_ret>0.90,3
103,76,20,3.1666666666666665,0.06394186148660529,0.030980836236933713,0.75,0.30533333333333323,-0.008,ret_1d>10 AND gap>2 AND rk_ret>0.95,3
74,55,13,2.2916666666666665,0.072539926669708,0.04571900826446274,0.8363636363636363,0.30533333333333323,-0.008,ret_1d>10 AND gap>2 AND body>5,3
87,64,17,2.6666666666666665,0.0682861843715297,0.0389044626021371,0.796875,0.30533333333333323,-0.008,ret_1d>10 AND gap>2 AND range>10,3
71,52,16,2.1666666666666665,0.06363982390378638,0.030980836236933713,0.75,0.30533333333333323,-0.008,ret_1d>10 AND gap>2 AND vol_ratio_5>2,3
86,63,17,2.625,0.06988460748931637,0.04571900826446274,0.746031746031746,0.30533333333333323,-0.008,ret_1d>10 AND gap>2 AND px>10pct_sma20,3
65,47,13,1.9583333333333333,0.08090652799578255,0.061105691056910556,0.8085106382978723,0.30533333333333323,-0.008,ret_1d>10 AND gap>2 AND px>20pct_sma20,3
147,99,34,4.125,0.07568013676301633,0.05082352941176472,0.8282828282828283,0.30533333333333323,-0.008,ret_1d>10 AND ret_5d>20 AND ret_5d>15,3
147,99,34,4.125,0.07568013676301633,0.05082352941176472,0.8282828282828283,0.30533333333333323,-0.008,ret_1d>10 AND ret_5d>20 AND ret_5d>10,3
132,92,28,3.8333333333333335,0.07761072333475712,0.051411764705882386,0.8260869565217391,0.30533333333333323,-0.008,ret_1d>10 AND ret_5d>20 AND ret_3d>15,3
115,80,23,3.3333333333333335,0.0787171764436532,0.05082352941176472,0.85,0.2586666666666666,-0.008,ret_1d>10 AND ret_5d>20 AND clv>0.7,3
87,60,19,2.5,0.08384581592250048,0.06195762711864406,0.85,0.24122118380062307,-0.008,ret_1d>10 AND ret_5d>20 AND clv>0.85,3
147,99,34,4.125,0.07568013676301633,0.05082352941176472,0.8282828282828283,0.30533333333333323,-0.008,ret_1d>10 AND ret_5d>20 AND rk_ret>0.90,3
147,99,34,4.125,0.07568013676301633,0.05082352941176472,0.8282828282828283,0.30533333333333323,-0.008,ret_1d>10 AND ret_5d>20 AND rk_ret>0.95,3
136,93,30,3.875,0.07306141311530052,0.04817977528089879,0.8279569892473119,0.30533333333333323,-0.008,ret_1d>10 AND ret_5d>20 AND body>5,3
139,93,33,3.875,0.0760577485695162,0.05082352941176472,0.8387096774193549,0.30533333333333323,-0.008,ret_1d>10 AND ret_5d>20 AND range>10,3
94,67,20,2.7916666666666665,0.07230830110773294,0.04817977528089879,0.8208955223880597,0.30533333333333323,-0.008,ret_1d>10 AND ret_5d>20 AND vol_ratio_5>2,3
146,99,33,4.125,0.07568013676301633,0.05082352941176472,0.8282828282828283,0.30533333333333323,-0.008,ret_1d>10 AND ret_5d>20 AND px>10pct_sma20,3
138,92,32,3.8333333333333335,0.07808379262383944,0.05160526315789472,0.8260869565217391,0.30533333333333323,-0.008,ret_1d>10 AND ret_5d>20 AND px>20pct_sma20,3
183,129,40,5.375,0.06921261135751929,0.04292592592592582,0.7906976744186046,0.30533333333333323,-0.008,ret_1d>10 AND ret_5d>15 AND ret_5d>10,3
161,116,33,4.833333333333333,0.06918599636035765,0.04557706138413976,0.7931034482758621,0.30533333333333323,-0.008,ret_1d>10 AND ret_5d>15 AND ret_3d>15,3
136,96,28,4.0,0.07735240083027393,0.04998319327731094,0.8229166666666666,0.2586666666666666,-0.008,ret_1d>10 AND ret_5d>15 AND clv>0.7,3
100,71,21,2.9583333333333335,0.08228552607168542,0.06018181818181812,0.8309859154929577,0.24122118380062307,-0.008,ret_1d>10 AND ret_5d>15 AND clv>0.85,3
183,129,40,5.375,0.06921261135751929,0.04292592592592582,0.7906976744186046,0.30533333333333323,-0.008,ret_1d>10 AND ret_5d>15 AND rk_ret>0.90,3
183,129,40,5.375,0.06921261135751929,0.04292592592592582,0.7906976744186046,0.30533333333333323,-0.008,ret_1d>10 AND ret_5d>15 AND rk_ret>0.95,3
165,117,35,4.875,0.0699917790027468,0.04292592592592582,0.811965811965812,0.30533333333333323,-0.008,ret_1d>10 AND ret_5d>15 AND body>5,3
171,120,38,5.0,0.07024022664298313,0.044180520214871295,0.8,0.30533333333333323,-0.008,ret_1d>10 AND ret_5d>15 AND range>10,3
121,89,25,3.7083333333333335,0.06368277620650112,0.03485714285714293,0.7865168539325843,0.30533333333333323,-0.008,ret_1d>10 AND ret_5d>15 AND vol_ratio_5>2,3
180,127,39,5.291666666666667,0.07012041699166145,0.04543511450381677,0.7952755905511811,0.30533333333333323,-0.008,ret_1d>10 AND ret_5d>15 AND px>10pct_sma20,3
149,101,34,4.208333333333333,0.07907985652882611,0.054801932367149815,0.8316831683168316,0.30533333333333323,-0.008,ret_1d>10 AND ret_5d>15 AND px>20pct_sma20,3
175,125,37,5.208333333333333,0.06679167751047227,0.042420168067226934,0.784,0.30533333333333323,-0.008,ret_1d>10 AND ret_5d>10 AND ret_3d>15,3
159,111,35,4.625,0.07369026597326599,0.04571900826446274,0.8018018018018018,0.2586666666666666,-0.008,ret_1d>10 AND ret_5d>10 AND clv>0.7,3
113,79,25,3.2916666666666665,0.07745929087671206,0.05674820143884896,0.810126582278481,0.24122118380062307,-0.008,ret_1d>10 AND ret_5d>10 AND clv>0.85,3
226,157,54,6.541666666666667,0.06424709200234108,0.03929729729729737,0.7579617834394905,0.30533333333333323,-0.008,ret_1d>10 AND ret_5d>10 AND rk_ret>0.90,3
226,157,54,6.541666666666667,0.06424709200234108,0.03929729729729737,0.7579617834394905,0.30533333333333323,-0.008,ret_1d>10 AND ret_5d>10 AND rk_ret>0.95,3
203,141,48,5.875,0.06616786926330827,0.03961904761904767,0.7801418439716312,0.30533333333333323,-0.008,ret_1d>10 AND ret_5d>10 AND body>5,3
211,146,51,6.083333333333333,0.06547255767135898,0.03945817245817252,0.7671232876712328,0.30533333333333323,-0.008,ret_1d>10 AND ret_5d>10 AND range>10,3
157,111,38,4.625,0.05733863942078149,0.030327526132404088,0.7297297297297297,0.30533333333333323,-0.008,ret_1d>10 AND ret_5d>10 AND vol_ratio_5>2,3
216,152,49,6.333333333333333,0.06447635752123718,0.03929729729729737,0.756578947368421,0.30533333333333323,-0.008,ret_1d>10 AND ret_5d>10 AND px>10pct_sma20,3
156,107,35,4.458333333333333,0.07730443853760437,0.05200000000000005,0.822429906542056,0.30533333333333323,-0.008,ret_1d>10 AND ret_5d>10 AND px>20pct_sma20,3
138,96,27,4.0,0.07697693005026408,0.05281273088945727,0.8333333333333334,0.2586666666666666,-0.008,ret_1d>10 AND ret_3d>15 AND clv>0.7,3
101,69,20,2.875,0.08019902876666492,0.06191525423728806,0.8405797101449275,0.24122118380062307,-0.008,ret_1d>10 AND ret_3d>15 AND clv>0.85,3
187,131,39,5.458333333333333,0.06693686367899178,0.04292592592592582,0.7862595419847328,0.30533333333333323,-0.008,ret_1d>10 AND ret_3d>15 AND rk_ret>0.90,3
187,131,39,5.458333333333333,0.06693686367899178,0.04292592592592582,0.7862595419847328,0.30533333333333323,-0.008,ret_1d>10 AND ret_3d>15 AND rk_ret>0.95,3
163,115,32,4.791666666666667,0.06868241549688109,0.04543511450381677,0.808695652173913,0.30533333333333323,-0.008,ret_1d>10 AND ret_3d>15 AND body>5,3
175,122,37,5.083333333333333,0.06777974978676976,0.044180520214871295,0.7950819672131147,0.30533333333333323,-0.008,ret_1d>10 AND ret_3d>15 AND range>10,3
133,96,27,4.0,0.05843567110720766,0.03443697478991604,0.7708333333333334,0.30533333333333323,-0.008,ret_1d>10 AND ret_3d>15 AND vol_ratio_5>2,3
175,127,35,5.291666666666667,0.06745236347509573,0.04543511450381677,0.7795275590551181,0.30533333333333323,-0.008,ret_1d>10 AND ret_3d>15 AND px>10pct_sma20,3
144,103,29,4.291666666666667,0.07824097747898529,0.05674820143884896,0.8252427184466019,0.30533333333333323,-0.008,ret_1d>10 AND ret_3d>15 AND px>20pct_sma20,3
147,100,34,4.166666666666667,0.07085926705106595,0.04866131621187798,0.79,0.24122118380062307,-0.008,ret_1d>10 AND clv>0.7 AND clv>0.85,3
214,150,46,6.25,0.06350377895935898,0.03929729729729737,0.76,0.2586666666666666,-0.008,ret_1d>10 AND clv>0.7 AND rk_ret>0.90,3
214,150,46,6.25,0.06350377895935898,0.03929729729729737,0.76,0.2586666666666666,-0.008,ret_1d>10 AND clv>0.7 AND rk_ret>0.95,3
198,140,40,5.833333333333333,0.06174978098002476,0.03443697478991604,0.7571428571428571,0.24122118380062307,-0.008,ret_1d>10 AND clv>0.7 AND body>5,3
199,139,42,5.791666666666667,0.06469917596129321,0.03961904761904767,0.7697841726618705,0.2586666666666666,-0.008,ret_1d>10 AND clv>0.7 AND range>10,3
127,91,27,3.7916666666666665,0.061958463959759444,0.03485714285714293,0.7692307692307693,0.2586666666666666,-0.008,ret_1d>10 AND clv>0.7 AND vol_ratio_5>2,3
173,125,34,5.208333333333333,0.07045585092821607,0.04571900826446274,0.792,0.2586666666666666,-0.008,ret_1d>10 AND clv>0.7 AND px>10pct_sma20,3
134,94,27,3.9166666666666665,0.07916667731510686,0.05655800876540152,0.8404255319148937,0.2586666666666666,-0.008,ret_1d>10 AND clv>0.7 AND px>20pct_sma20,3
147,100,34,4.166666666666667,0.07085926705106595,0.04866131621187798,0.79,0.24122118380062307,-0.008,ret_1d>10 AND clv>0.85 AND rk_ret>0.90,3
147,100,34,4.166666666666667,0.07085926705106595,0.04866131621187798,0.79,0.24122118380062307,-0.008,ret_1d>10 AND clv>0.85 AND rk_ret>0.95,3
135,92,30,3.8333333333333335,0.07017386809861825,0.04557706138413976,0.782608695652174,0.24122118380062307,-0.008,ret_1d>10 AND clv>0.85 AND body>5,3
134,90,31,3.75,0.07280598140906122,0.04998319327731094,0.8,0.24122118380062307,-0.008,ret_1d>10 AND clv>0.85 AND range>10,3
87,64,17,2.6666666666666665,0.06870644322573072,0.04680744489235778,0.78125,0.24122118380062307,-0.008,ret_1d>10 AND clv>0.85 AND vol_ratio_5>2,3
120,86,24,3.5833333333333335,0.07691687180847576,0.05655800876540152,0.813953488372093,0.24122118380062307,-0.008,ret_1d>10 AND clv>0.85 AND px>10pct_sma20,3
100,69,22,2.875,0.0852493572259667,0.06200000000000006,0.8695652173913043,0.24122118380062307,-0.008,ret_1d>10 AND clv>0.85 AND px>20pct_sma20,3
311,218,72,9.083333333333334,0.05583996124863783,0.02755625790139072,0.7339449541284404,0.30533333333333323,-0.008,ret_1d>10 AND rk_ret>0.90 AND rk_ret>0.95,3
282,197,65,8.208333333333334,0.05737678195966998,0.029974683544303778,0.7563451776649747,0.30533333333333323,-0.008,ret_1d>10 AND rk_ret>0.90 AND body>5,3
291,203,68,8.458333333333334,0.05746203772897759,0.03025136612021862,0.7536945812807881,0.30533333333333323,-0.008,ret_1d>10 AND rk_ret>0.90 AND range>10,3
199,143,46,5.958333333333333,0.053071673017793454,0.026482758620689724,0.7272727272727273,0.30533333333333323,-0.008,ret_1d>10 AND rk_ret>0.90 AND vol_ratio_5>2,3
244,175,53,7.291666666666667,0.06212029751950849,0.036117647058823595,0.7542857142857143,0.30533333333333323,-0.008,ret_1d>10 AND rk_ret>0.90 AND px>10pct_sma20,3
172,119,38,4.958333333333333,0.07543951715219455,0.05121052631578938,0.8151260504201681,0.30533333333333323,-0.008,ret_1d>10 AND rk_ret>0.90 AND px>20pct_sma20,3
282,197,65,8.208333333333334,0.05737678195966998,0.029974683544303778,0.7563451776649747,0.30533333333333323,-0.008,ret_1d>10 AND rk_ret>0.95 AND body>5,3
291,203,68,8.458333333333334,0.05746203772897759,0.03025136612021862,0.7536945812807881,0.30533333333333323,-0.008,ret_1d>10 AND rk_ret>0.95 AND range>10,3
199,143,46,5.958333333333333,0.053071673017793454,0.026482758620689724,0.7272727272727273,0.30533333333333323,-0.008,ret_1d>10 AND rk_ret>0.95 AND vol_ratio_5>2,3
244,175,53,7.291666666666667,0.06212029751950849,0.036117647058823595,0.7542857142857143,0.30533333333333323,-0.008,ret_1d>10 AND rk_ret>0.95 AND px>10pct_sma20,3
172,119,38,4.958333333333333,0.07543951715219455,0.05121052631578938,0.8151260504201681,0.30533333333333323,-0.008,ret_1d>10 AND rk_ret>0.95 AND px>20pct_sma20,3
273,190,63,7.916666666666667,0.058303733215305686,0.030980836236933713,0.7684210526315789,0.30533333333333323,-0.008,ret_1d>10 AND body>5 AND range>10,3
179,131,39,5.458333333333333,0.05380872175178614,0.027211267605633756,0.7404580152671756,0.30533333333333323,-0.008,ret_1d>10 AND body>5 AND vol_ratio_5>2,3
222,159,48,6.625,0.06385888260386391,0.03929729729729737,0.779874213836478,0.30533333333333323,-0.008,ret_1d>10 AND body>5 AND px>10pct_sma20,3
157,110,33,4.583333333333333,0.07491707717207573,0.05082352941176472,0.8272727272727273,0.30533333333333323,-0.008,ret_1d>10 AND body>5 AND px>20pct_sma20,3
187,135,43,5.625,0.05352037888564797,0.027211267605633756,0.7333333333333333,0.30533333333333323,-0.008,ret_1d>10 AND range>10 AND vol_ratio_5>2,3
231,165,51,6.875,0.0630500583703794,0.03929729729729737,0.7696969696969697,0.30533333333333323,-0.008,ret_1d>10 AND range>10 AND px>10pct_sma20,3
163,113,36,4.708333333333333,0.07518174943513618,0.05082352941176472,0.8141592920353983,0.30533333333333323,-0.008,ret_1d>10 AND range>10 AND px>20pct_sma20,3
159,117,34,4.875,0.05600211375094397,0.02739823008849563,0.717948717948718,0.30533333333333323,-0.008,ret_1d>10 AND vol_ratio_5>2 AND px>10pct_sma20,3
105,78,20,3.25,0.07254999910059262,0.04832909029825672,0.8205128205128205,0.30533333333333323,-0.008,ret_1d>10 AND vol_ratio_5>2 AND px>20pct_sma20,3
172,119,38,4.958333333333333,0.07543951715219455,0.05121052631578938,0.8151260504201681,0.30533333333333323,-0.008,ret_1d>10 AND px>10pct_sma20 AND px>20pct_sma20,3
67,52,11,2.1666666666666665,0.04732129869448222,0.024547501759324415,0.7115384615384616,0.2586666666666666,-0.008,ret_1d>8 AND ret_1d>5 AND gap>5,3
96,74,15,3.0833333333333335,0.05921575767010222,0.030980836236933713,0.7567567567567568,0.30533333333333323,-0.008,ret_1d>8 AND ret_1d>5 AND gap>3,3
126,96,21,4.0,0.06132031442439325,0.030826684414516643,0.7604166666666666,0.33682758620689657,-0.008,ret_1d>8 AND ret_1d>5 AND gap>2,3
167,116,36,4.833333333333333,0.07205627480155986,0.04736261491317662,0.8275862068965517,0.30533333333333323,-0.008,ret_1d>8 AND ret_1d>5 AND ret_5d>20,3
209,151,43,6.291666666666667,0.06741865794489006,0.04158677685950419,0.8013245033112583,0.30533333333333323,-0.008,ret_1d>8 AND ret_1d>5 AND ret_5d>15,3
270,196,58,8.166666666666666,0.05937483249906845,0.03443697478991604,0.7551020408163265,0.30533333333333323,-0.008,ret_1d>8 AND ret_1d>5 AND ret_5d>10,3
205,146,42,6.083333333333333,0.06793781377793108,0.04557706138413976,0.8013698630136986,0.30533333333333323,-0.008,ret_1d>8 AND ret_1d>5 AND ret_3d>15,3
266,196,49,8.166666666666666,0.05421910576519602,0.02684701311316174,0.7397959183673469,0.2586666666666666,-0.008,ret_1d>8 AND ret_1d>5 AND clv>0.7,3
179,130,35,5.416666666666667,0.059236180708454454,0.02755625790139072,0.7461538461538462,0.24122118380062307,-0.008,ret_1d>8 AND ret_1d>5 AND clv>0.85,3
418,313,79,13.041666666666666,0.048824988801672665,0.022303030303030276,0.7348242811501597,0.33682758620689657,-0.008,ret_1d>8 AND ret_1d>5 AND rk_ret>0.90,3
418,313,79,13.041666666666666,0.048824988801672665,0.022303030303030276,0.7348242811501597,0.33682758620689657,-0.008,ret_1d>8 AND ret_1d>5 AND rk_ret>0.95,3
380,283,72,11.791666666666666,0.049396231673586304,0.022303030303030276,0.7491166077738516,0.33682758620689657,-0.008,ret_1d>8 AND ret_1d>5 AND body>5,3
369,271,73,11.291666666666666,0.05312483421263899,0.026482758620689724,0.7601476014760148,0.33682758620689657,-0.008,ret_1d>8 AND ret_1d>5 AND range>10,3
250,191,48,7.958333333333333,0.04548770335269421,0.01764102564102555,0.7225130890052356,0.33682758620689657,-0.008,ret_1d>8 AND ret_1d>5 AND vol_ratio_5>2,3
297,222,58,9.25,0.058105373550538665,0.030980836236933713,0.7522522522522522,0.33682758620689657,-0.008,ret_1d>8 AND ret_1d>5 AND px>10pct_sma20,3
205,147,42,6.125,0.0694807786902138,0.04654545454545445,0.8095238095238095,0.30533333333333323,-0.008,ret_1d>8 AND ret_1d>5 AND px>20pct_sma20,3
67,52,11,2.1666666666666665,0.04732129869448222,0.024547501759324415,0.7115384615384616,0.2586666666666666,-0.008,ret_1d>8 AND gap>5 AND gap>3,3
67,52,11,2.1666666666666665,0.04732129869448222,0.024547501759324415,0.7115384615384616,0.2586666666666666,-0.008,ret_1d>8 AND gap>5 AND gap>2,3
34,25,7,1.0416666666666667,0.07348222961518673,0.06200000000000006,0.84,0.2586666666666666,-0.008,ret_1d>8 AND gap>5 AND ret_5d>20,3
46,35,9,1.4583333333333333,0.06016932842420844,0.054801932367149815,0.7714285714285715,0.2586666666666666,-0.008,ret_1d>8 AND gap>5 AND ret_5d>15,3
53,40,10,1.6666666666666667,0.05330820794891087,0.039089800443458896,0.75,0.2586666666666666,-0.008,ret_1d>8 AND gap>5 AND ret_5d>10,3
55,40,11,1.6666666666666667,0.05713168845427241,0.04881063122923591,0.775,0.2586666666666666,-0.008,ret_1d>8 AND gap>5 AND ret_3d>15,3
36,27,6,1.125,0.06844509211839288,0.05866666666666665,0.8518518518518519,0.2586666666666666,-0.008,ret_1d>8 AND gap>5 AND clv>0.7,3
29,22,4,0.9166666666666666,0.06696576361139907,0.06740404040404047,0.8636363636363636,0.19199999999999995,-0.008,ret_1d>8 AND gap>5 AND clv>0.85,3
67,52,11,2.1666666666666665,0.04732129869448222,0.024547501759324415,0.7115384615384616,0.2586666666666666,-0.008,ret_1d>8 AND gap>5 AND rk_ret>0.90,3
67,52,11,2.1666666666666665,0.04732129869448222,0.024547501759324415,0.7115384615384616,0.2586666666666666,-0.008,ret_1d>8 AND gap>5 AND rk_ret>0.95,3
32,25,4,1.0416666666666667,0.05418912625235338,0.048478405315614655,0.88,0.19199999999999995,-0.008,ret_1d>8 AND gap>5 AND body>5,3
54,42,9,1.75,0.047473961286651975,0.024547501759324415,0.7619047619047619,0.2586666666666666,-0.008,ret_1d>8 AND gap>5 AND range>10,3
48,35,10,1.4583333333333333,0.044450628081689154,0.022612244897959106,0.7428571428571429,0.2586666666666666,-0.008,ret_1d>8 AND gap>5 AND vol_ratio_5>2,3
53,41,9,1.7083333333333333,0.05222372138855088,0.04654545454545445,0.7317073170731707,0.2586666666666666,-0.008,ret_1d>8 AND gap>5 AND px>10pct_sma20,3
40,30,8,1.25,0.06930009149097,0.059886178861788604,0.8333333333333334,0.2586666666666666,-0.008,ret_1d>8 AND gap>5 AND px>20pct_sma20,3
96,74,15,3.0833333333333335,0.05921575767010222,0.030980836236933713,0.7567567567567568,0.30533333333333323,-0.008,ret_1d>8 AND gap>3 AND gap>2,3
51,38,9,1.5833333333333333,0.08278521435236481,0.06195762711864406,0.8421052631578947,0.30533333333333323,-0.008,ret_1d>8 AND gap>3 AND ret_5d>20,3
66,51,11,2.125,0.07655625705302237,0.05866666666666665,0.803921568627451,0.30533333333333323,-0.008,ret_1d>8 AND gap>3 AND ret_5d>15,3
76,57,14,2.375,0.06890065162910425,0.04654545454545445,0.7719298245614035,0.30533333333333323,-0.008,ret_1d>8 AND gap>3 AND ret_5d>10,3
71,53,13,2.2083333333333335,0.06792555152741006,0.04914285714285716,0.7924528301886793,0.30533333333333323,-0.008,ret_1d>8 AND gap>3 AND ret_3d>15,3
59,44,9,1.8333333333333333,0.07399098555937765,0.05197239475500349,0.8409090909090909,0.2586666666666666,-0.008,ret_1d>8 AND gap>3 AND clv>0.7,3
49,37,6,1.5416666666666667,0.07072144064985104,0.05866666666666665,0.8378378378378378,0.2241428571428572,-0.008,ret_1d>8 AND gap>3 AND clv>0.85,3
96,74,15,3.0833333333333335,0.05921575767010222,0.030980836236933713,0.7567567567567568,0.30533333333333323,-0.008,ret_1d>8 AND gap>3 AND rk_ret>0.90,3
96,74,15,3.0833333333333335,0.05921575767010222,0.030980836236933713,0.7567567567567568,0.30533333333333323,-0.008,ret_1d>8 AND gap>3 AND rk_ret>0.95,3
58,44,8,1.8333333333333333,0.06997450309747602,0.03481241171485073,0.8636363636363636,0.30533333333333323,-0.008,ret_1d>8 AND gap>3 AND body>5,3
80,61,13,2.5416666666666665,0.06379953808122776,0.03929729729729737,0.8032786885245902,0.30533333333333323,-0.008,ret_1d>8 AND gap>3 AND range>10,3
64,48,13,2.0,0.05427791269334809,0.026190531852717698,0.75,0.30533333333333323,-0.008,ret_1d>8 AND gap>3 AND vol_ratio_5>2,3
77,58,13,2.4166666666666665,0.06757463019472074,0.047511929930534554,0.7586206896551724,0.30533333333333323,-0.008,ret_1d>8 AND gap>3 AND px>10pct_sma20,3
58,43,10,1.7916666666666667,0.07887702881970458,0.061105691056910556,0.8372093023255814,0.30533333333333323,-0.008,ret_1d>8 AND gap>3 AND px>20pct_sma20,3
64,48,11,2.0,0.07857166905512342,0.05512427409988386,0.8125,0.30533333333333323,-0.008,ret_1d>8 AND gap>2 AND ret_5d>20,3
81,62,14,2.5833333333333335,0.07308299017559368,0.04784415584415581,0.7903225806451613,0.30533333333333323,-0.008,ret_1d>8 AND gap>2 AND ret_5d>15,3
95,71,18,2.9583333333333335,0.06652350283502283,0.04007692307692313,0.7605633802816901,0.30533333333333323,-0.008,ret_1d>8 AND gap>2 AND ret_5d>10,3
84,63,15,2.625,0.06692558720026795,0.04654545454545445,0.7777777777777778,0.30533333333333323,-0.008,ret_1d>8 AND gap>2 AND ret_3d>15,3
76,56,12,2.3333333333333335,0.07540473299677584,0.05197239475500349,0.8571428571428571,0.2586666666666666,-0.008,ret_1d>8 AND gap>2 AND clv>0.7,3
62,47,8,1.9583333333333333,0.07598262890808279,0.06191525423728806,0.851063829787234,0.23009523809523813,-0.008,ret_1d>8 AND gap>2 AND clv>0.85,3
126,96,21,4.0,0.06132031442439325,0.030826684414516643,0.7604166666666666,0.33682758620689657,-0.008,ret_1d>8 AND gap>2 AND rk_ret>0.90,3
126,96,21,4.0,0.06132031442439325,0.030826684414516643,0.7604166666666666,0.33682758620689657,-0.008,ret_1d>8 AND gap>2 AND rk_ret>0.95,3
88,66,14,2.75,0.0694494280824717,0.030826684414516643,0.8333333333333334,0.33682758620689657,-0.008,ret_1d>8 AND gap>2 AND body>5,3
103,78,17,3.25,0.06742408425774792,0.03968711018711025,0.7948717948717948,0.33682758620689657,-0.008,ret_1d>8 AND gap>2 AND range>10,3
82,62,17,2.5833333333333335,0.06048674435720844,0.02425527499135239,0.7419354838709677,0.33682758620689657,-0.008,ret_1d>8 AND gap>2 AND vol_ratio_5>2,3
98,73,18,3.0416666666666665,0.06927741836589328,0.04571900826446274,0.7534246575342466,0.33682758620689657,-0.008,ret_1d>8 AND gap>2 AND px>10pct_sma20,3
74,54,14,2.25,0.07424810391368618,0.05197239475500349,0.7962962962962963,0.30533333333333323,-0.008,ret_1d>8 AND gap>2 AND px>20pct_sma20,3
167,116,36,4.833333333333333,0.07205627480155986,0.04736261491317662,0.8275862068965517,0.30533333333333323,-0.008,ret_1d>8 AND ret_5d>20 AND ret_5d>15,3
167,116,36,4.833333333333333,0.07205627480155986,0.04736261491317662,0.8275862068965517,0.30533333333333323,-0.008,ret_1d>8 AND ret_5d>20 AND ret_5d>10,3
144,102,30,4.25,0.07715136932651877,0.05082352941176472,0.8333333333333334,0.30533333333333323,-0.008,ret_1d>8 AND ret_5d>20 AND ret_3d>15,3
120,83,24,3.4583333333333335,0.07811198494473362,0.05082352941176472,0.8554216867469879,0.2586666666666666,-0.008,ret_1d>8 AND ret_5d>20 AND clv>0.7,3
89,61,19,2.5416666666666665,0.08438932713688571,0.06200000000000006,0.8524590163934426,0.24122118380062307,-0.008,ret_1d>8 AND ret_5d>20 AND clv>0.85,3
167,116,36,4.833333333333333,0.07205627480155986,0.04736261491317662,0.8275862068965517,0.30533333333333323,-0.008,ret_1d>8 AND ret_5d>20 AND rk_ret>0.90,3
167,116,36,4.833333333333333,0.07205627480155986,0.04736261491317662,0.8275862068965517,0.30533333333333323,-0.008,ret_1d>8 AND ret_5d>20 AND rk_ret>0.95,3
151,105,32,4.375,0.07101555695377637,0.04543511450381677,0.8285714285714286,0.30533333333333323,-0.008,ret_1d>8 AND ret_5d>20 AND body>5,3
158,109,35,4.541666666666667,0.07257111487680286,0.04817977528089879,0.8348623853211009,0.30533333333333323,-0.008,ret_1d>8 AND ret_5d>20 AND range>10,3
97,70,20,2.9166666666666665,0.07092564185998526,0.04680744489235778,0.8142857142857143,0.30533333333333323,-0.008,ret_1d>8 AND ret_5d>20 AND vol_ratio_5>2,3
166,116,35,4.833333333333333,0.07205627480155986,0.04736261491317662,0.8275862068965517,0.30533333333333323,-0.008,ret_1d>8 AND ret_5d>20 AND px>10pct_sma20,3
155,106,34,4.416666666666667,0.07472759887790355,0.04998319327731094,0.8301886792452831,0.30533333333333323,-0.008,ret_1d>8 AND ret_5d>20 AND px>20pct_sma20,3
209,151,43,6.291666666666667,0.06741865794489006,0.04158677685950419,0.8013245033112583,0.30533333333333323,-0.008,ret_1d>8 AND ret_5d>15 AND ret_5d>10,3
176,128,36,5.333333333333333,0.07082281405766805,0.04736261491317662,0.8046875,0.30533333333333323,-0.008,ret_1d>8 AND ret_5d>15 AND ret_3d>15,3
144,102,29,4.25,0.07631420214910864,0.04914285714285716,0.8333333333333334,0.2586666666666666,-0.008,ret_1d>8 AND ret_5d>15 AND clv>0.7,3
103,73,21,3.0416666666666665,0.08181573899773076,0.06018181818181812,0.8356164383561644,0.24122118380062307,-0.008,ret_1d>8 AND ret_5d>15 AND clv>0.85,3
209,151,43,6.291666666666667,0.06741865794489006,0.04158677685950419,0.8013245033112583,0.30533333333333323,-0.008,ret_1d>8 AND ret_5d>15 AND rk_ret>0.90,3
209,151,43,6.291666666666667,0.06741865794489006,0.04158677685950419,0.8013245033112583,0.30533333333333323,-0.008,ret_1d>8 AND ret_5d>15 AND rk_ret>0.95,3
186,134,38,5.583333333333333,0.0689295250064256,0.04044203707840078,0.8208955223880597,0.30533333333333323,-0.008,ret_1d>8 AND ret_5d>15 AND body>5,3
193,139,40,5.791666666666667,0.06847529185487647,0.04214749262536866,0.8057553956834532,0.30533333333333323,-0.008,ret_1d>8 AND ret_5d>15 AND range>10,3
126,93,26,3.875,0.06248037708740527,0.03401680672268915,0.7849462365591398,0.30533333333333323,-0.008,ret_1d>8 AND ret_5d>15 AND vol_ratio_5>2,3
206,149,42,6.208333333333333,0.06816834525167391,0.04214749262536866,0.8053691275167785,0.30533333333333323,-0.008,ret_1d>8 AND ret_5d>15 AND px>10pct_sma20,3
170,118,37,4.916666666666667,0.07668008611774091,0.05101702786377705,0.8389830508474576,0.30533333333333323,-0.008,ret_1d>8 AND ret_5d>15 AND px>20pct_sma20,3
192,139,40,5.791666666666667,0.06790304969394714,0.04292592592592582,0.7985611510791367,0.30533333333333323,-0.008,ret_1d>8 AND ret_5d>10 AND ret_3d>15,3
177,127,36,5.291666666666667,0.0683261740082161,0.042000000000000044,0.7795275590551181,0.2586666666666666,-0.008,ret_1d>8 AND ret_5d>10 AND clv>0.7,3
123,88,25,3.6666666666666665,0.07200475264824045,0.04998319327731094,0.7840909090909091,0.24122118380062307,-0.008,ret_1d>8 AND ret_5d>10 AND clv>0.85,3
270,196,58,8.166666666666666,0.05937483249906845,0.03443697478991604,0.7551020408163265,0.30533333333333323,-0.008,ret_1d>8 AND ret_5d>10 AND rk_ret>0.90,3
270,196,58,8.166666666666666,0.05937483249906845,0.03443697478991604,0.7551020408163265,0.30533333333333323,-0.008,ret_1d>8 AND ret_5d>10 AND rk_ret>0.95,3
241,174,52,7.25,0.061306921539602925,0.035050193050193086,0.7701149425287356,0.30533333333333323,-0.008,ret_1d>8 AND ret_5d>10 AND body>5,3
245,176,54,7.333333333333333,0.061628085726279584,0.036182717334721566,0.7670454545454546,0.30533333333333323,-0.008,ret_1d>8 AND ret_5d>10 AND range>10,3
173,125,40,5.208333333333333,0.05332742219252988,0.026482758620689724,0.728,0.30533333333333323,-0.008,ret_1d>8 AND ret_5d>10 AND vol_ratio_5>2,3
254,185,53,7.708333333333333,0.06016357397329259,0.03485714285714293,0.745945945945946,0.30533333333333323,-0.008,ret_1d>8 AND ret_5d>10 AND px>10pct_sma20,3
182,129,38,5.375,0.07260022083832364,0.04914285714285716,0.813953488372093,0.30533333333333323,-0.008,ret_1d>8 AND ret_5d>10 AND px>20pct_sma20,3
143,100,28,4.166666666666667,0.07736517678256657,0.05577506690299939,0.84,0.2586666666666666,-0.008,ret_1d>8 AND ret_3d>15 AND clv>0.7,3
103,71,20,2.9583333333333335,0.08044169628000382,0.06191525423728806,0.8450704225352113,0.24122118380062307,-0.008,ret_1d>8 AND ret_3d>15 AND clv>0.85,3
205,146,42,6.083333333333333,0.06793781377793108,0.04557706138413976,0.8013698630136986,0.30533333333333323,-0.008,ret_1d>8 AND ret_3d>15 AND rk_ret>0.90,3
205,146,42,6.083333333333333,0.06793781377793108,0.04557706138413976,0.8013698630136986,0.30533333333333323,-0.008,ret_1d>8 AND ret_3d>15 AND rk_ret>0.95,3
176,125,35,5.208333333333333,0.07075517739802066,0.04571900826446274,0.824,0.30533333333333323,-0.008,ret_1d>8 AND ret_3d>15 AND body>5,3
190,135,39,5.625,0.06866700463312628,0.04571900826446274,0.8074074074074075,0.30533333333333323,-0.008,ret_1d>8 AND ret_3d>15 AND range>10,3
138,100,28,4.166666666666667,0.057686440233615334,0.03309768907563027,0.77,0.30533333333333323,-0.008,ret_1d>8 AND ret_3d>15 AND vol_ratio_5>2,3
192,141,38,5.875,0.06848237148926789,0.04571900826446274,0.7943262411347518,0.30533333333333323,-0.008,ret_1d>8 AND ret_3d>15 AND px>10pct_sma20,3
160,116,32,4.833333333333333,0.07785676637056126,0.053400966183574934,0.8362068965517241,0.30533333333333323,-0.008,ret_1d>8 AND ret_3d>15 AND px>20pct_sma20,3
179,130,35,5.416666666666667,0.059236180708454454,0.02755625790139072,0.7461538461538462,0.24122118380062307,-0.008,ret_1d>8 AND clv>0.7 AND clv>0.85,3
266,196,49,8.166666666666666,0.05421910576519602,0.02684701311316174,0.7397959183673469,0.2586666666666666,-0.008,ret_1d>8 AND clv>0.7 AND rk_ret>0.90,3
266,196,49,8.166666666666666,0.05421910576519602,0.02684701311316174,0.7397959183673469,0.2586666666666666,-0.008,ret_1d>8 AND clv>0.7 AND rk_ret>0.95,3
249,185,43,7.708333333333333,0.05241732089802801,0.024520325203251987,0.7351351351351352,0.24122118380062307,-0.008,ret_1d>8 AND clv>0.7 AND body>5,3
225,160,44,6.666666666666667,0.06111330681343126,0.039178060413354594,0.76875,0.2586666666666666,-0.008,ret_1d>8 AND clv>0.7 AND range>10,3
144,108,27,4.5,0.05383944099842829,0.02684701311316174,0.75,0.2586666666666666,-0.008,ret_1d>8 AND clv>0.7 AND vol_ratio_5>2,3
197,146,36,6.083333333333333,0.06476163047074344,0.04118363233219114,0.7671232876712328,0.2586666666666666,-0.008,ret_1d>8 AND clv>0.7 AND px>10pct_sma20,3
147,104,29,4.333333333333333,0.0742762780802902,0.05082352941176472,0.8173076923076923,0.2586666666666666,-0.008,ret_1d>8 AND clv>0.7 AND px>20pct_sma20,3
179,130,35,5.416666666666667,0.059236180708454454,0.02755625790139072,0.7461538461538462,0.24122118380062307,-0.008,ret_1d>8 AND clv>0.85 AND rk_ret>0.90,3
179,130,35,5.416666666666667,0.059236180708454454,0.02755625790139072,0.7461538461538462,0.24122118380062307,-0.008,ret_1d>8 AND clv>0.85 AND rk_ret>0.95,3
167,122,31,5.083333333333333,0.05795715288578167,0.025304292729288698,0.7377049180327869,0.24122118380062307,-0.008,ret_1d>8 AND clv>0.85 AND body>5,3
146,101,31,4.208333333333333,0.06945556543306819,0.04817977528089879,0.7821782178217822,0.24122118380062307,-0.008,ret_1d>8 AND clv>0.85 AND range>10,3
97,74,17,3.0833333333333335,0.06125312732889532,0.02886287811044986,0.7702702702702703,0.24122118380062307,-0.008,ret_1d>8 AND clv>0.85 AND vol_ratio_5>2,3
133,98,24,4.083333333333333,0.06977940922155079,0.04866131621187798,0.7755102040816326,0.24122118380062307,-0.008,ret_1d>8 AND clv>0.85 AND px>10pct_sma20,3
108,76,22,3.1666666666666665,0.07750400753595145,0.05770743405275781,0.8289473684210527,0.24122118380062307,-0.008,ret_1d>8 AND clv>0.85 AND px>20pct_sma20,3
418,313,79,13.041666666666666,0.048824988801672665,0.022303030303030276,0.7348242811501597,0.33682758620689657,-0.008,ret_1d>8 AND rk_ret>0.90 AND rk_ret>0.95,3
380,283,72,11.791666666666666,0.049396231673586304,0.022303030303030276,0.7491166077738516,0.33682758620689657,-0.008,ret_1d>8 AND rk_ret>0.90 AND body>5,3
369,271,73,11.291666666666666,0.05312483421263899,0.026482758620689724,0.7601476014760148,0.33682758620689657,-0.008,ret_1d>8 AND rk_ret>0.90 AND range>10,3
250,191,48,7.958333333333333,0.04548770335269421,0.01764102564102555,0.7225130890052356,0.33682758620689657,-0.008,ret_1d>8 AND rk_ret>0.90 AND vol_ratio_5>2,3
297,222,58,9.25,0.058105373550538665,0.030980836236933713,0.7522522522522522,0.33682758620689657,-0.008,ret_1d>8 AND rk_ret>0.90 AND px>10pct_sma20,3
205,147,42,6.125,0.0694807786902138,0.04654545454545445,0.8095238095238095,0.30533333333333323,-0.008,ret_1d>8 AND rk_ret>0.90 AND px>20pct_sma20,3
380,283,72,11.791666666666666,0.049396231673586304,0.022303030303030276,0.7491166077738516,0.33682758620689657,-0.008,ret_1d>8 AND rk_ret>0.95 AND body>5,3
369,271,73,11.291666666666666,0.05312483421263899,0.026482758620689724,0.7601476014760148,0.33682758620689657,-0.008,ret_1d>8 AND rk_ret>0.95 AND range>10,3
250,191,48,7.958333333333333,0.04548770335269421,0.01764102564102555,0.7225130890052356,0.33682758620689657,-0.008,ret_1d>8 AND rk_ret>0.95 AND vol_ratio_5>2,3
297,222,58,9.25,0.058105373550538665,0.030980836236933713,0.7522522522522522,0.33682758620689657,-0.008,ret_1d>8 AND rk_ret>0.95 AND px>10pct_sma20,3
205,147,42,6.125,0.0694807786902138,0.04654545454545445,0.8095238095238095,0.30533333333333323,-0.008,ret_1d>8 AND rk_ret>0.95 AND px>20pct_sma20,3
342,249,68,10.375,0.053721057423294125,0.026482758620689724,0.7710843373493976,0.33682758620689657,-0.008,ret_1d>8 AND body>5 AND range>10,3
226,175,41,7.291666666666667,0.04610200383077187,0.020089887640449396,0.7371428571428571,0.33682758620689657,-0.008,ret_1d>8 AND body>5 AND vol_ratio_5>2,3
269,200,53,8.333333333333334,0.059844821263172684,0.03190635888501737,0.77,0.33682758620689657,-0.008,ret_1d>8 AND body>5 AND px>10pct_sma20,3
185,133,37,5.541666666666667,0.06972164013729214,0.04543511450381677,0.8195488721804511,0.30533333333333323,-0.008,ret_1d>8 AND body>5 AND px>20pct_sma20,3
224,170,44,7.083333333333333,0.04860476954537928,0.02245763760049469,0.7352941176470589,0.33682758620689657,-0.008,ret_1d>8 AND range>10 AND vol_ratio_5>2,3
272,201,55,8.375,0.060833371791483036,0.035243243243243245,0.7761194029850746,0.33682758620689657,-0.008,ret_1d>8 AND range>10 AND px>10pct_sma20,3
188,134,39,5.583333333333333,0.0714020967509605,0.04832909029825672,0.8208955223880597,0.30533333333333323,-0.008,ret_1d>8 AND range>10 AND px>20pct_sma20,3
180,136,36,5.666666666666667,0.05307375664567975,0.023625000000000014,0.7205882352941176,0.33682758620689657,-0.008,ret_1d>8 AND vol_ratio_5>2 AND px>10pct_sma20,3
112,84,21,3.5,0.06829111996772863,0.042673046996576376,0.8214285714285714,0.30533333333333323,-0.008,ret_1d>8 AND vol_ratio_5>2 AND px>20pct_sma20,3
205,147,42,6.125,0.0694807786902138,0.04654545454545445,0.8095238095238095,0.30533333333333323,-0.008,ret_1d>8 AND px>10pct_sma20 AND px>20pct_sma20,3
85,67,13,2.7916666666666665,0.04069803064334117,0.02141176470588225,0.7014925373134329,0.2586666666666666,-0.008,ret_1d>5 AND gap>5 AND gap>3,3
85,67,13,2.7916666666666665,0.04069803064334117,0.02141176470588225,0.7014925373134329,0.2586666666666666,-0.008,ret_1d>5 AND gap>5 AND gap>2,3
38,28,8,1.1666666666666667,0.06942549038660847,0.06053342805272711,0.8571428571428571,0.2586666666666666,-0.008,ret_1d>5 AND gap>5 AND ret_5d>20,3
52,40,10,1.6666666666666667,0.0567946121323166,0.05197239475500349,0.775,0.2586666666666666,-0.008,ret_1d>5 AND gap>5 AND ret_5d>15,3
60,46,11,1.9166666666666667,0.050426045067558406,0.03612262872628725,0.7608695652173914,0.2586666666666666,-0.008,ret_1d>5 AND gap>5 AND ret_5d>10,3
60,44,12,1.8333333333333333,0.05623299043264623,0.04881063122923591,0.7954545454545454,0.2586666666666666,-0.008,ret_1d>5 AND gap>5 AND ret_3d>15,3
39,29,7,1.2083333333333333,0.06575922369643475,0.05866666666666665,0.8275862068965517,0.2586666666666666,-0.008,ret_1d>5 AND gap>5 AND clv>0.7,3
32,24,5,1.0,0.06384361664378248,0.0645,0.8333333333333334,0.19199999999999995,-0.008,ret_1d>5 AND gap>5 AND clv>0.85,3
85,67,13,2.7916666666666665,0.04069803064334117,0.02141176470588225,0.7014925373134329,0.2586666666666666,-0.008,ret_1d>5 AND gap>5 AND rk_ret>0.90,3
74,57,12,2.375,0.04378058059660046,0.02215075376884413,0.7017543859649122,0.2586666666666666,-0.008,ret_1d>5 AND gap>5 AND rk_ret>0.95,3
35,27,5,1.125,0.05205633650376903,0.04061111111111116,0.8888888888888888,0.19199999999999995,-0.008,ret_1d>5 AND gap>5 AND body>5,3
66,52,10,2.1666666666666665,0.04147290051257879,0.02178125923736319,0.7692307692307693,0.2586666666666666,-0.008,ret_1d>5 AND gap>5 AND range>10,3
60,45,12,1.875,0.03833229348169974,0.02141176470588225,0.7111111111111111,0.2586666666666666,-0.008,ret_1d>5 AND gap>5 AND vol_ratio_5>2,3
64,51,10,2.125,0.04618289446628618,0.023088082901554514,0.7450980392156863,0.2586666666666666,-0.008,ret_1d>5 AND gap>5 AND px>10pct_sma20,3
46,36,8,1.5,0.06299857827988954,0.05673429951690823,0.8333333333333334,0.2586666666666666,-0.008,ret_1d>5 AND gap>5 AND px>20pct_sma20,3
129,101,18,4.208333333333333,0.05314563061316624,0.024520325203251987,0.7326732673267327,0.3365945945945945,-0.008,ret_1d>5 AND gap>3 AND gap>2,3
61,47,10,1.9583333333333333,0.08065913953244955,0.05996116504854366,0.8085106382978723,0.3365945945945945,-0.008,ret_1d>5 AND gap>3 AND ret_5d>20,3
79,63,12,2.625,0.07422445673714675,0.054801932367149815,0.7777777777777778,0.3365945945945945,-0.008,ret_1d>5 AND gap>3 AND ret_5d>15,3
90,70,15,2.9166666666666665,0.06743600817572755,0.040344017094017144,0.7571428571428571,0.3365945945945945,-0.008,ret_1d>5 AND gap>3 AND ret_5d>10,3
79,60,14,2.5,0.06665623597061834,0.04881063122923591,0.8,0.30533333333333323,-0.008,ret_1d>5 AND gap>3 AND ret_3d>15,3
69,52,10,2.1666666666666665,0.06982029804071699,0.04881063122923591,0.8076923076923077,0.2586666666666666,-0.008,ret_1d>5 AND gap>3 AND clv>0.7,3
55,41,7,1.7083333333333333,0.06593066722761146,0.054801932367149815,0.8048780487804879,0.2241428571428572,-0.008,ret_1d>5 AND gap>3 AND clv>0.85,3
129,101,18,4.208333333333333,0.05314563061316624,0.024520325203251987,0.7326732673267327,0.3365945945945945,-0.008,ret_1d>5 AND gap>3 AND rk_ret>0.90,3
109,84,17,3.5,0.05545024487747704,0.026190531852717698,0.7380952380952381,0.30533333333333323,-0.008,ret_1d>5 AND gap>3 AND rk_ret>0.95,3
61,46,9,1.9166666666666667,0.06803632751264943,0.03481241171485073,0.8695652173913043,0.30533333333333323,-0.008,ret_1d>5 AND gap>3 AND body>5,3
99,78,14,3.25,0.06000692236491908,0.025501541911970856,0.7948717948717948,0.3365945945945945,-0.008,ret_1d>5 AND gap>3 AND range>10,3
77,59,15,2.4583333333333335,0.04733790046504575,0.022612244897959106,0.7288135593220338,0.30533333333333323,-0.008,ret_1d>5 AND gap>3 AND vol_ratio_5>2,3
97,77,14,3.2083333333333335,0.062169237835395776,0.030327526132404088,0.7532467532467533,0.3365945945945945,-0.008,ret_1d>5 AND gap>3 AND px>10pct_sma20,3
69,54,10,2.25,0.07733623875083952,0.059313915857605155,0.8148148148148148,0.3365945945945945,-0.008,ret_1d>5 AND gap>3 AND px>20pct_sma20,3
77,59,13,2.4583333333333335,0.07603618896469974,0.04654545454545445,0.7966101694915254,0.3365945945945945,-0.008,ret_1d>5 AND gap>2 AND ret_5d>20,3
100,78,17,3.25,0.06917685633336511,0.04316505968778695,0.782051282051282,0.3365945945945945,-0.008,ret_1d>5 AND gap>2 AND ret_5d>15,3
119,92,21,3.8333333333333335,0.06195212524126869,0.030980836236933713,0.7608695652173914,0.3365945945945945,-0.008,ret_1d>5 AND gap>2 AND ret_5d>10,3
92,70,16,2.9166666666666665,0.06593759887001782,0.0461322314049586,0.7857142857142857,0.30533333333333323,-0.008,ret_1d>5 AND gap>2 AND ret_3d>15,3
92,69,14,2.875,0.06811529672247123,0.04571900826446274,0.8260869565217391,0.2586666666666666,-0.008,ret_1d>5 AND gap>2 AND clv>0.7,3
72,55,9,2.2916666666666665,0.068287958376778,0.054801932367149815,0.8181818181818182,0.23009523809523813,-0.008,ret_1d>5 AND gap>2 AND clv>0.85,3
181,143,26,5.958333333333333,0.051058087737338345,0.02141176470588225,0.7412587412587412,0.33682758620689657,-0.008,ret_1d>5 AND gap>2 AND rk_ret>0.90,3
158,123,25,5.125,0.052748734934094606,0.022612244897959106,0.7398373983739838,0.33682758620689657,-0.008,ret_1d>5 AND gap>2 AND rk_ret>0.95,3
95,72,15,3.0,0.06454070828857073,0.026190531852717698,0.8194444444444444,0.33682758620689657,-0.008,ret_1d>5 AND gap>2 AND body>5,3
132,103,20,4.291666666666667,0.061059242570970874,0.026482758620689724,0.7961165048543689,0.33682758620689657,-0.008,ret_1d>5 AND gap>2 AND range>10,3
104,81,20,3.375,0.04919018236325942,0.01764102564102555,0.7037037037037037,0.33682758620689657,-0.008,ret_1d>5 AND gap>2 AND vol_ratio_5>2,3
128,101,20,4.208333333333333,0.060908762334626686,0.026482758620689724,0.7722772277227723,0.33682758620689657,-0.008,ret_1d>5 AND gap>2 AND px>10pct_sma20,3
88,68,14,2.8333333333333335,0.07264028285785382,0.05197239475500349,0.7941176470588235,0.3365945945945945,-0.008,ret_1d>5 AND gap>2 AND px>20pct_sma20,3
202,148,39,6.166666666666667,0.06832447754869528,0.044180520214871295,0.8175675675675675,0.3365945945945945,-0.008,ret_1d>5 AND ret_5d>20 AND ret_5d>15,3
202,148,39,6.166666666666667,0.06832447754869528,0.044180520214871295,0.8175675675675675,0.3365945945945945,-0.008,ret_1d>5 AND ret_5d>20 AND ret_5d>10,3
163,119,32,4.958333333333333,0.0761060698323683,0.05082352941176472,0.8235294117647058,0.30533333333333323,-0.008,ret_1d>5 AND ret_5d>20 AND ret_3d>15,3
132,95,24,3.9583333333333335,0.07565822440117638,0.04914285714285716,0.8526315789473684,0.2586666666666666,-0.008,ret_1d>5 AND ret_5d>20 AND clv>0.7,3
94,66,19,2.75,0.08275469123706183,0.06104853620955309,0.8333333333333334,0.24122118380062307,-0.008,ret_1d>5 AND ret_5d>20 AND clv>0.85,3
202,148,39,6.166666666666667,0.06832447754869528,0.044180520214871295,0.8175675675675675,0.3365945945945945,-0.008,ret_1d>5 AND ret_5d>20 AND rk_ret>0.90,3
189,135,39,5.625,0.0705314463030481,0.04755555555555558,0.8296296296296296,0.30533333333333323,-0.008,ret_1d>5 AND ret_5d>20 AND rk_ret>0.95,3
170,122,34,5.083333333333333,0.06936175339921505,0.044180520214871295,0.8360655737704918,0.30533333333333323,-0.008,ret_1d>5 AND ret_5d>20 AND body>5,3
185,133,38,5.541666666666667,0.07184545343719459,0.04755555555555558,0.8345864661654135,0.3365945945945945,-0.008,ret_1d>5 AND ret_5d>20 AND range>10,3
105,76,22,3.1666666666666665,0.06983038395682882,0.04680744489235778,0.8289473684210527,0.30533333333333323,-0.008,ret_1d>5 AND ret_5d>20 AND vol_ratio_5>2,3
199,146,38,6.083333333333333,0.06874642537776238,0.044180520214871295,0.815068493150685,0.3365945945945945,-0.008,ret_1d>5 AND ret_5d>20 AND px>10pct_sma20,3
182,132,35,5.5,0.07261016710749613,0.04847416711643194,0.8257575757575758,0.3365945945945945,-0.008,ret_1d>5 AND ret_5d>20 AND px>20pct_sma20,3
280,214,50,8.916666666666666,0.061201210046184513,0.03715103338632753,0.7850467289719626,0.3365945945945945,-0.008,ret_1d>5 AND ret_5d>15 AND ret_5d>10,3
203,152,39,6.333333333333333,0.06872464234824519,0.0461322314049586,0.8026315789473685,0.30533333333333323,-0.008,ret_1d>5 AND ret_5d>15 AND ret_3d>15,3
179,133,32,5.541666666666667,0.06763190749387414,0.04158677685950419,0.7969924812030075,0.2586666666666666,-0.008,ret_1d>5 AND ret_5d>15 AND clv>0.7,3
120,87,23,3.625,0.07448971909625884,0.04914285714285716,0.8045977011494253,0.24122118380062307,-0.008,ret_1d>5 AND ret_5d>15 AND clv>0.85,3
280,214,50,8.916666666666666,0.061201210046184513,0.03715103338632753,0.7850467289719626,0.3365945945945945,-0.008,ret_1d>5 AND ret_5d>15 AND rk_ret>0.90,3
254,189,49,7.875,0.06454198678639855,0.04007692307692313,0.7936507936507936,0.30533333333333323,-0.008,ret_1d>5 AND ret_5d>15 AND rk_ret>0.95,3
229,172,43,7.166666666666667,0.06437350160893626,0.039954204204204265,0.8197674418604651,0.30533333333333323,-0.008,ret_1d>5 AND ret_5d>15 AND body>5,3
238,179,45,7.458333333333333,0.06760718207582979,0.04214749262536866,0.8156424581005587,0.3365945945945945,-0.008,ret_1d>5 AND ret_5d>15 AND range>10,3
144,107,30,4.458333333333333,0.05986869292460143,0.03485714285714293,0.7850467289719626,0.30533333333333323,-0.008,ret_1d>5 AND ret_5d>15 AND vol_ratio_5>2,3
273,209,48,8.708333333333334,0.06223387785000433,0.03929729729729737,0.7894736842105263,0.3365945945945945,-0.008,ret_1d>5 AND ret_5d>15 AND px>10pct_sma20,3
212,156,40,6.5,0.07231540837156807,0.048955708047411124,0.8269230769230769,0.3365945945945945,-0.008,ret_1d>5 AND ret_5d>15 AND px>20pct_sma20,3
223,166,44,6.916666666666667,0.06601185650857448,0.042673046996576376,0.8012048192771084,0.30533333333333323,-0.008,ret_1d>5 AND ret_5d>10 AND ret_3d>15,3
235,178,42,7.416666666666667,0.05790652180160665,0.03181707317073169,0.7528089887640449,0.2586666666666666,-0.008,ret_1d>5 AND ret_5d>10 AND clv>0.7,3
153,114,28,4.75,0.0625448068724678,0.04013844456701599,0.7543859649122807,0.24122118380062307,-0.008,ret_1d>5 AND ret_5d>10 AND clv>0.85,3
386,301,68,12.541666666666666,0.052723301342989755,0.0301526104417671,0.7508305647840532,0.3365945945945945,-0.008,ret_1d>5 AND ret_5d>10 AND rk_ret>0.90,3
342,259,66,10.791666666666666,0.05544076154026901,0.03025136612021862,0.752895752895753,0.30533333333333323,-0.008,ret_1d>5 AND ret_5d>10 AND rk_ret>0.95,3
313,238,60,9.916666666666666,0.05486183284291868,0.03181707317073169,0.7689075630252101,0.30533333333333323,-0.008,ret_1d>5 AND ret_5d>10 AND body>5,3
311,236,60,9.833333333333334,0.06054321443057322,0.039178060413354594,0.7838983050847458,0.3365945945945945,-0.008,ret_1d>5 AND ret_5d>10 AND range>10,3
208,155,45,6.458333333333333,0.04982752537545065,0.026482758620689724,0.7225806451612903,0.30533333333333323,-0.008,ret_1d>5 AND ret_5d>10 AND vol_ratio_5>2,3
353,275,61,11.458333333333334,0.05427420578911333,0.03025136612021862,0.7454545454545455,0.3365945945945945,-0.008,ret_1d>5 AND ret_5d>10 AND px>10pct_sma20,3
234,176,42,7.333333333333333,0.06771876833432722,0.045741224562338874,0.8068181818181818,0.3365945945945945,-0.008,ret_1d>5 AND ret_5d>10 AND px>20pct_sma20,3
157,112,29,4.666666666666667,0.07605538529064038,0.05281273088945727,0.8392857142857143,0.2586666666666666,-0.008,ret_1d>5 AND ret_3d>15 AND clv>0.7,3
112,79,20,3.2916666666666665,0.07800416601126967,0.060627450980392135,0.8354430379746836,0.24122118380062307,-0.008,ret_1d>5 AND ret_3d>15 AND clv>0.85,3
237,173,46,7.208333333333333,0.06611771725169159,0.04543511450381677,0.8034682080924855,0.30533333333333323,-0.008,ret_1d>5 AND ret_3d>15 AND rk_ret>0.90,3
227,163,46,6.791666666666667,0.06785922787206113,0.04571900826446274,0.7975460122699386,0.30533333333333323,-0.008,ret_1d>5 AND ret_3d>15 AND rk_ret>0.95,3
198,142,39,5.916666666666667,0.06938157193858928,0.04557706138413976,0.823943661971831,0.30533333333333323,-0.008,ret_1d>5 AND ret_3d>15 AND body>5,3
213,154,43,6.416666666666667,0.0685082084404058,0.0461322314049586,0.8116883116883117,0.30533333333333323,-0.008,ret_1d>5 AND ret_3d>15 AND range>10,3
148,108,30,4.5,0.057445485596789365,0.03668438538205988,0.7777777777777778,0.30533333333333323,-0.008,ret_1d>5 AND ret_3d>15 AND vol_ratio_5>2,3
222,166,42,6.916666666666667,0.06656624617628483,0.044180520214871295,0.7951807228915663,0.30533333333333323,-0.008,ret_1d>5 AND ret_3d>15 AND px>10pct_sma20,3
182,134,35,5.583333333333333,0.07673072673455907,0.051411764705882386,0.835820895522388,0.30533333333333323,-0.008,ret_1d>5 AND ret_3d>15 AND px>20pct_sma20,3
283,206,52,8.583333333333334,0.04752597222031571,0.01899829931972786,0.6893203883495146,0.24442718446601952,-0.008,ret_1d>5 AND clv>0.7 AND clv>0.85,3
447,338,74,14.083333333333334,0.04166647551752235,0.014727272727272707,0.6893491124260355,0.2586666666666666,-0.008,ret_1d>5 AND clv>0.7 AND rk_ret>0.90,3
356,269,57,11.208333333333334,0.04762440894238846,0.01977777777777768,0.7211895910780669,0.2586666666666666,-0.008,ret_1d>5 AND clv>0.7 AND rk_ret>0.95,3
369,278,61,11.583333333333334,0.04336255012558951,0.017128205128205128,0.7086330935251799,0.24122118380062307,-0.008,ret_1d>5 AND clv>0.7 AND body>5,3
257,183,48,7.625,0.05973347617372017,0.03851162790697683,0.7759562841530054,0.2586666666666666,-0.008,ret_1d>5 AND clv>0.7 AND range>10,3
188,139,38,5.791666666666667,0.04731321111907628,0.01764102564102555,0.7050359712230215,0.2586666666666666,-0.008,ret_1d>5 AND clv>0.7 AND vol_ratio_5>2,3
262,203,42,8.458333333333334,0.05520072732292162,0.0301526104417671,0.7536945812807881,0.2586666666666666,-0.008,ret_1d>5 AND clv>0.7 AND px>10pct_sma20,3
178,131,31,5.458333333333333,0.06826956229241395,0.04817977528089879,0.8015267175572519,0.2586666666666666,-0.008,ret_1d>5 AND clv>0.7 AND px>20pct_sma20,3
283,206,52,8.583333333333334,0.04752597222031571,0.01899829931972786,0.6893203883495146,0.24442718446601952,-0.008,ret_1d>5 AND clv>0.85 AND rk_ret>0.90,3
230,170,38,7.083333333333333,0.05263867344576423,0.022418690724034247,0.7176470588235294,0.24442718446601952,-0.008,ret_1d>5 AND clv>0.85 AND rk_ret>0.95,3
241,176,44,7.333333333333333,0.04881006199290123,0.01870646661031273,0.7045454545454546,0.24122118380062307,-0.008,ret_1d>5 AND clv>0.85 AND body>5,3
158,109,33,4.541666666666667,0.06832851472100467,0.04543511450381677,0.7798165137614679,0.24122118380062307,-0.008,ret_1d>5 AND clv>0.85 AND range>10,3
124,92,24,3.8333333333333335,0.05750930280145604,0.026554786345189714,0.75,0.24442718446601952,-0.008,ret_1d>5 AND clv>0.85 AND vol_ratio_5>2,3
173,132,28,5.5,0.059165886416872225,0.030240068287085593,0.7575757575757576,0.24122118380062307,-0.008,ret_1d>5 AND clv>0.85 AND px>10pct_sma20,3
127,92,23,3.8333333333333335,0.07041362786060003,0.04998319327731094,0.8043478260869565,0.24122118380062307,-0.008,ret_1d>5 AND clv>0.85 AND px>20pct_sma20,3
605,472,95,19.666666666666668,0.04438801990001963,0.016019230769230737,0.7245762711864406,0.33682758620689657,-0.008,ret_1d>5 AND rk_ret>0.90 AND rk_ret>0.95,3
600,465,97,19.375,0.04128131277729011,0.01600000000000002,0.7333333333333333,0.33682758620689657,-0.008,ret_1d>5 AND rk_ret>0.90 AND body>5,3
546,425,86,17.708333333333332,0.050095642314014595,0.022612244897959106,0.7694117647058824,0.33682758620689657,-0.008,ret_1d>5 AND rk_ret>0.90 AND range>10,3
388,308,66,12.833333333333334,0.04078965462309018,0.013515326778484667,0.6948051948051948,0.33682758620689657,-0.008,ret_1d>5 AND rk_ret>0.90 AND vol_ratio_5>2,3
440,349,71,14.541666666666666,0.05137881627223935,0.025707865168539408,0.7507163323782235,0.33682758620689657,-0.008,ret_1d>5 AND rk_ret>0.90 AND px>10pct_sma20,3
265,200,46,8.333333333333334,0.0644037703608827,0.042389940148721335,0.8,0.3365945945945945,-0.008,ret_1d>5 AND rk_ret>0.90 AND px>20pct_sma20,3
510,393,83,16.375,0.04442231062894969,0.01764102564102555,0.7353689567430025,0.33682758620689657,-0.008,ret_1d>5 AND rk_ret>0.95 AND body>5,3
481,368,82,15.333333333333334,0.051433262127202714,0.022928656835392587,0.7608695652173914,0.33682758620689657,-0.008,ret_1d>5 AND rk_ret>0.95 AND range>10,3
321,252,57,10.5,0.045078426476750616,0.01764102564102555,0.7103174603174603,0.33682758620689657,-0.008,ret_1d>5 AND rk_ret>0.95 AND vol_ratio_5>2,3
391,305,66,12.708333333333334,0.05363325049182963,0.026482758620689724,0.7508196721311475,0.33682758620689657,-0.008,ret_1d>5 AND rk_ret>0.95 AND px>10pct_sma20,3
247,182,46,7.583333333333333,0.06628499672260776,0.04557706138413976,0.8076923076923077,0.30533333333333323,-0.008,ret_1d>5 AND rk_ret>0.95 AND px>20pct_sma20,3
457,346,78,14.416666666666666,0.04904108980353124,0.02245763760049469,0.7745664739884393,0.33682758620689657,-0.008,ret_1d>5 AND body>5 AND range>10,3
313,246,54,10.25,0.04136430793788416,0.016019230769230737,0.7113821138211383,0.33682758620689657,-0.008,ret_1d>5 AND body>5 AND vol_ratio_5>2,3
363,281,64,11.708333333333334,0.054020584993504685,0.029974683544303778,0.7758007117437722,0.33682758620689657,-0.008,ret_1d>5 AND body>5 AND px>10pct_sma20,3
224,166,41,6.916666666666667,0.06498797445897098,0.041867134742436425,0.8192771084337349,0.30533333333333323,-0.008,ret_1d>5 AND body>5 AND px>20pct_sma20,3
305,242,51,10.083333333333334,0.04708025615505913,0.021857397504456262,0.7479338842975206,0.33682758620689657,-0.008,ret_1d>5 AND range>10 AND vol_ratio_5>2,3
359,279,63,11.625,0.059126272025644425,0.03416867469879526,0.7849462365591398,0.33682758620689657,-0.008,ret_1d>5 AND range>10 AND px>10pct_sma20,3
226,168,42,7.0,0.07075244813345534,0.047867665418227186,0.8273809523809523,0.3365945945945945,-0.008,ret_1d>5 AND range>10 AND px>20pct_sma20,3
223,173,42,7.208333333333333,0.05057887009780016,0.025707865168539408,0.7283236994219653,0.33682758620689657,-0.008,ret_1d>5 AND vol_ratio_5>2 AND px>10pct_sma20,3
122,93,22,3.875,0.0684623663989404,0.04543511450381677,0.8279569892473119,0.30533333333333323,-0.008,ret_1d>5 AND vol_ratio_5>2 AND px>20pct_sma20,3
265,200,46,8.333333333333334,0.0644037703608827,0.042389940148721335,0.8,0.3365945945945945,-0.008,ret_1d>5 AND px>10pct_sma20 AND px>20pct_sma20,3
215,151,39,6.291666666666667,0.03949080319945761,0.01764102564102555,0.7218543046357616,0.33591534391534394,-0.008,gap>5 AND gap>3 AND gap>2,3
59,42,15,1.75,0.07642994477200274,0.06064375461936434,0.8333333333333334,0.33591534391534394,-0.008,gap>5 AND gap>3 AND ret_5d>20,3
83,62,17,2.5833333333333335,0.062455198935486934,0.05197239475500349,0.7903225806451613,0.33591534391534394,-0.008,gap>5 AND gap>3 AND ret_5d>15,3
98,73,20,3.0416666666666665,0.05471685654328144,0.04061111111111116,0.7671232876712328,0.33591534391534394,-0.008,gap>5 AND gap>3 AND ret_5d>10,3
89,62,20,2.5833333333333335,0.06089844701786307,0.047511929930534554,0.7903225806451613,0.33591534391534394,-0.008,gap>5 AND gap>3 AND ret_3d>15,3
40,30,7,1.25,0.06372793333390402,0.05673429951690823,0.8333333333333334,0.2586666666666666,-0.008,gap>5 AND gap>3 AND clv>0.7,3
32,24,5,1.0,0.06384361664378248,0.0645,0.8333333333333334,0.19199999999999995,-0.008,gap>5 AND gap>3 AND clv>0.85,3
105,80,18,3.3333333333333335,0.04214457700257224,0.02285016389975681,0.7,0.2586666666666666,-0.008,gap>5 AND gap>3 AND rk_ret>0.90,3
81,63,13,2.625,0.0454345366769748,0.022612244897959106,0.6984126984126984,0.2586666666666666,-0.008,gap>5 AND gap>3 AND rk_ret>0.95,3
129,88,24,3.6666666666666665,0.04247376685350344,0.020370221327967737,0.8068181818181818,0.33591534391534394,-0.008,gap>5 AND gap>3 AND body>5,3
166,121,31,5.041666666666667,0.03935965180196701,0.020169014084507005,0.768595041322314,0.33591534391534394,-0.008,gap>5 AND gap>3 AND range>10,3
112,82,23,3.4166666666666665,0.03783935765511085,0.02099159663865536,0.7682926829268293,0.2586666666666666,-0.008,gap>5 AND gap>3 AND vol_ratio_5>2,3
104,80,19,3.3333333333333335,0.051249666533477733,0.02727435610302354,0.775,0.33591534391534394,-0.008,gap>5 AND gap>3 AND px>10pct_sma20,3
74,56,16,2.3333333333333335,0.06880248924077062,0.05866666666666665,0.8571428571428571,0.33591534391534394,-0.008,gap>5 AND gap>3 AND px>20pct_sma20,3
59,42,15,1.75,0.07642994477200274,0.06064375461936434,0.8333333333333334,0.33591534391534394,-0.008,gap>5 AND gap>2 AND ret_5d>20,3
83,62,17,2.5833333333333335,0.062455198935486934,0.05197239475500349,0.7903225806451613,0.33591534391534394,-0.008,gap>5 AND gap>2 AND ret_5d>15,3
98,73,20,3.0416666666666665,0.05471685654328144,0.04061111111111116,0.7671232876712328,0.33591534391534394,-0.008,gap>5 AND gap>2 AND ret_5d>10,3
89,62,20,2.5833333333333335,0.06089844701786307,0.047511929930534554,0.7903225806451613,0.33591534391534394,-0.008,gap>5 AND gap>2 AND ret_3d>15,3
40,30,7,1.25,0.06372793333390402,0.05673429951690823,0.8333333333333334,0.2586666666666666,-0.008,gap>5 AND gap>2 AND clv>0.7,3
32,24,5,1.0,0.06384361664378248,0.0645,0.8333333333333334,0.19199999999999995,-0.008,gap>5 AND gap>2 AND clv>0.85,3
105,80,18,3.3333333333333335,0.04214457700257224,0.02285016389975681,0.7,0.2586666666666666,-0.008,gap>5 AND gap>2 AND rk_ret>0.90,3
81,63,13,2.625,0.0454345366769748,0.022612244897959106,0.6984126984126984,0.2586666666666666,-0.008,gap>5 AND gap>2 AND rk_ret>0.95,3
129,88,24,3.6666666666666665,0.04247376685350344,0.020370221327967737,0.8068181818181818,0.33591534391534394,-0.008,gap>5 AND gap>2 AND body>5,3
166,121,31,5.041666666666667,0.03935965180196701,0.020169014084507005,0.768595041322314,0.33591534391534394,-0.008,gap>5 AND gap>2 AND range>10,3
112,82,23,3.4166666666666665,0.03783935765511085,0.02099159663865536,0.7682926829268293,0.2586666666666666,-0.008,gap>5 AND gap>2 AND vol_ratio_5>2,3
104,80,19,3.3333333333333335,0.051249666533477733,0.02727435610302354,0.775,0.33591534391534394,-0.008,gap>5 AND gap>2 AND px>10pct_sma20,3
74,56,16,2.3333333333333335,0.06880248924077062,0.05866666666666665,0.8571428571428571,0.33591534391534394,-0.008,gap>5 AND gap>2 AND px>20pct_sma20,3
59,42,15,1.75,0.07642994477200274,0.06064375461936434,0.8333333333333334,0.33591534391534394,-0.008,gap>5 AND ret_5d>20 AND ret_5d>15,3
59,42,15,1.75,0.07642994477200274,0.06064375461936434,0.8333333333333334,0.33591534391534394,-0.008,gap>5 AND ret_5d>20 AND ret_5d>10,3
57,41,14,1.7083333333333333,0.07814077966191221,0.061105691056910556,0.8292682926829268,0.33591534391534394,-0.008,gap>5 AND ret_5d>20 AND ret_3d>15,3
22,18,3,0.75,0.08175618411354992,0.08550138553678377,0.8888888888888888,0.2586666666666666,-0.008,gap>5 AND ret_5d>20 AND clv>0.7,3
18,15,2,0.625,0.07582126877424566,0.09819469026548666,0.8666666666666667,0.19199999999999995,-0.008,gap>5 AND ret_5d>20 AND clv>0.85,3
41,30,9,1.25,0.07177327500757347,0.06155284552845531,0.8666666666666667,0.2586666666666666,-0.008,gap>5 AND ret_5d>20 AND rk_ret>0.90,3
37,27,8,1.125,0.07341461487105665,0.06200000000000006,0.8518518518518519,0.2586666666666666,-0.008,gap>5 AND ret_5d>20 AND rk_ret>0.95,3
41,30,10,1.25,0.07645910322862018,0.06064375461936434,0.8333333333333334,0.33591534391534394,-0.008,gap>5 AND ret_5d>20 AND body>5,3
53,37,15,1.5416666666666667,0.07604402997285253,0.06018181818181812,0.8648648648648649,0.33591534391534394,-0.008,gap>5 AND ret_5d>20 AND range>10,3
37,26,9,1.0833333333333333,0.07381227666968618,0.06155284552845531,0.8846153846153846,0.2586666666666666,-0.008,gap>5 AND ret_5d>20 AND vol_ratio_5>2,3
59,42,15,1.75,0.07642994477200274,0.06064375461936434,0.8333333333333334,0.33591534391534394,-0.008,gap>5 AND ret_5d>20 AND px>10pct_sma20,3
55,39,14,1.625,0.08183472907679967,0.06200000000000006,0.8717948717948718,0.33591534391534394,-0.008,gap>5 AND ret_5d>20 AND px>20pct_sma20,3
83,62,17,2.5833333333333335,0.062455198935486934,0.05197239475500349,0.7903225806451613,0.33591534391534394,-0.008,gap>5 AND ret_5d>15 AND ret_5d>10,3
74,55,16,2.2916666666666665,0.06471371317479221,0.054801932367149815,0.7818181818181819,0.33591534391534394,-0.008,gap>5 AND ret_5d>15 AND ret_3d>15,3
29,24,4,1.0,0.07209871755224231,0.0645,0.8333333333333334,0.2586666666666666,-0.008,gap>5 AND ret_5d>15 AND clv>0.7,3
24,21,2,0.875,0.06647985422969534,0.06699999999999995,0.8095238095238095,0.19199999999999995,-0.008,gap>5 AND ret_5d>15 AND clv>0.85,3
58,45,11,1.875,0.06044140547669343,0.05866666666666665,0.8,0.2586666666666666,-0.008,gap>5 AND ret_5d>15 AND rk_ret>0.90,3
51,39,10,1.625,0.06009643610666844,0.054801932367149815,0.7692307692307693,0.2586666666666666,-0.008,gap>5 AND ret_5d>15 AND rk_ret>0.95,3
53,39,11,1.625,0.06708658735116317,0.05866666666666665,0.8461538461538461,0.33591534391534394,-0.008,gap>5 AND ret_5d>15 AND body>5,3
69,51,16,2.125,0.06321483789579414,0.04914285714285716,0.8235294117647058,0.33591534391534394,-0.008,gap>5 AND ret_5d>15 AND range>10,3
49,35,11,1.4583333333333333,0.0616285011234812,0.05996116504854366,0.8285714285714286,0.2586666666666666,-0.008,gap>5 AND ret_5d>15 AND vol_ratio_5>2,3
81,61,17,2.5416666666666665,0.061828306259447165,0.04914285714285716,0.7868852459016393,0.33591534391534394,-0.008,gap>5 AND ret_5d>15 AND px>10pct_sma20,3
66,49,15,2.0416666666666665,0.073649923243115,0.06018181818181812,0.8571428571428571,0.33591534391534394,-0.008,gap>5 AND ret_5d>15 AND px>20pct_sma20,3
80,58,18,2.4166666666666665,0.0620424772738779,0.04784415584415581,0.7931034482758621,0.33591534391534394,-0.008,gap>5 AND ret_5d>10 AND ret_3d>15,3
32,25,5,1.0416666666666667,0.07048013470381115,0.06200000000000006,0.84,0.2586666666666666,-0.008,gap>5 AND ret_5d>10 AND clv>0.7,3
27,22,3,0.9166666666666666,0.06489595841659389,0.0645,0.8181818181818182,0.19199999999999995,-0.008,gap>5 AND ret_5d>10 AND clv>0.85,3
67,51,13,2.125,0.054268173220906386,0.04654545454545445,0.7843137254901961,0.2586666666666666,-0.008,gap>5 AND ret_5d>10 AND rk_ret>0.90,3
59,45,11,1.875,0.05314610213277981,0.03163414634146334,0.7555555555555555,0.2586666666666666,-0.008,gap>5 AND ret_5d>10 AND rk_ret>0.95,3
59,43,12,1.7916666666666667,0.06275980261720225,0.04342857142857138,0.8372093023255814,0.33591534391534394,-0.008,gap>5 AND ret_5d>10 AND body>5,3
80,60,17,2.5,0.05537384633338989,0.03403605200945626,0.8,0.33591534391534394,-0.008,gap>5 AND ret_5d>10 AND range>10,3
60,43,13,1.7916666666666667,0.05278168222377333,0.04061111111111116,0.813953488372093,0.2586666666666666,-0.008,gap>5 AND ret_5d>10 AND vol_ratio_5>2,3
89,68,17,2.8333333333333335,0.05633074301562554,0.04227958152958156,0.7794117647058824,0.33591534391534394,-0.008,gap>5 AND ret_5d>10 AND px>10pct_sma20,3
67,50,15,2.0833333333333335,0.0724908584275418,0.06007149161518089,0.86,0.33591534391534394,-0.008,gap>5 AND ret_5d>10 AND px>20pct_sma20,3
35,26,6,1.0833333333333333,0.07219606256036269,0.0645,0.8461538461538461,0.2586666666666666,-0.008,gap>5 AND ret_3d>15 AND clv>0.7,3
28,21,4,0.875,0.07153937803921914,0.07280808080808088,0.8571428571428571,0.19199999999999995,-0.008,gap>5 AND ret_3d>15 AND clv>0.85,3
64,46,13,1.9166666666666667,0.05833774127040436,0.05197239475500349,0.8043478260869565,0.2586666666666666,-0.008,gap>5 AND ret_3d>15 AND rk_ret>0.90,3
58,42,12,1.75,0.05822696308880776,0.04881063122923591,0.7857142857142857,0.2586666666666666,-0.008,gap>5 AND ret_3d>15 AND rk_ret>0.95,3
57,39,12,1.625,0.0667862523366898,0.048478405315614655,0.8461538461538461,0.33591534391534394,-0.008,gap>5 AND ret_3d>15 AND body>5,3
78,54,18,2.25,0.060324753766208904,0.04654545454545445,0.8148148148148148,0.33591534391534394,-0.008,gap>5 AND ret_3d>15 AND range>10,3
57,39,14,1.625,0.057994493977176875,0.048478405315614655,0.8461538461538461,0.2586666666666666,-0.008,gap>5 AND ret_3d>15 AND vol_ratio_5>2,3
81,60,17,2.5,0.060649034786675556,0.047511929930534554,0.7833333333333333,0.33591534391534394,-0.008,gap>5 AND ret_3d>15 AND px>10pct_sma20,3
64,47,15,1.9583333333333333,0.07475988056853997,0.06018181818181812,0.851063829787234,0.33591534391534394,-0.008,gap>5 AND ret_3d>15 AND px>20pct_sma20,3
32,24,5,1.0,0.06384361664378248,0.0645,0.8333333333333334,0.19199999999999995,-0.008,gap>5 AND clv>0.7 AND clv>0.85,3
39,29,7,1.2083333333333333,0.06575922369643475,0.05866666666666665,0.8275862068965517,0.2586666666666666,-0.008,gap>5 AND clv>0.7 AND rk_ret>0.90,3
37,28,6,1.1666666666666667,0.06571491025702171,0.05673429951690823,0.8214285714285714,0.2586666666666666,-0.008,gap>5 AND clv>0.7 AND rk_ret>0.95,3
19,16,0,0.6666666666666666,0.057392320209585554,0.05357253599114065,0.875,0.19199999999999995,-0.008,gap>5 AND clv>0.7 AND body>5,3
29,22,4,0.9166666666666666,0.061907879539997095,0.05390476190476191,0.8636363636363636,0.2586666666666666,-0.008,gap>5 AND clv>0.7 AND range>10,3
27,18,7,0.75,0.07264608726150029,0.06033333333333336,0.8888888888888888,0.2586666666666666,-0.008,gap>5 AND clv>0.7 AND vol_ratio_5>2,3
32,26,4,1.0833333333333333,0.06810952409882423,0.06033333333333336,0.8076923076923077,0.2586666666666666,-0.008,gap>5 AND clv>0.7 AND px>10pct_sma20,3
29,24,4,1.0,0.0741899299330554,0.0645,0.875,0.2586666666666666,-0.008,gap>5 AND clv>0.7 AND px>20pct_sma20,3
32,24,5,1.0,0.06384361664378248,0.0645,0.8333333333333334,0.19199999999999995,-0.008,gap>5 AND clv>0.85 AND rk_ret>0.90,3
30,23,4,0.9583333333333334,0.0637063825848165,0.06200000000000006,0.8260869565217391,0.19199999999999995,-0.008,gap>5 AND clv>0.85 AND rk_ret>0.95,3
17,14,0,0.5833333333333334,0.06023685424407604,0.06033333333333336,0.8571428571428571,0.19199999999999995,-0.008,gap>5 AND clv>0.85 AND body>5,3
22,16,3,0.6666666666666666,0.061398884332099696,0.06740404040404047,0.875,0.13138053097345126,-0.008,gap>5 AND clv>0.85 AND range>10,3
22,15,5,0.625,0.06493344934026896,0.06200000000000006,0.8666666666666667,0.19199999999999995,-0.008,gap>5 AND clv>0.85 AND vol_ratio_5>2,3
25,21,2,0.875,0.06647985422969534,0.06699999999999995,0.8095238095238095,0.19199999999999995,-0.008,gap>5 AND clv>0.85 AND px>10pct_sma20,3
22,19,2,0.7916666666666666,0.07398882266565797,0.07280808080808088,0.8947368421052632,0.19199999999999995,-0.008,gap>5 AND clv>0.85 AND px>20pct_sma20,3
81,63,13,2.625,0.0454345366769748,0.022612244897959106,0.6984126984126984,0.2586666666666666,-0.008,gap>5 AND rk_ret>0.90 AND rk_ret>0.95,3
40,31,5,1.2916666666666667,0.05276911748519249,0.04061111111111116,0.8709677419354839,0.19199999999999995,-0.008,gap>5 AND rk_ret>0.90 AND body>5,3
80,61,14,2.5416666666666665,0.04383222102123122,0.023088082901554514,0.7704918032786885,0.2586666666666666,-0.008,gap>5 AND rk_ret>0.90 AND range>10,3
69,50,16,2.0833333333333335,0.040417887900350655,0.02285016389975681,0.72,0.2586666666666666,-0.008,gap>5 AND rk_ret>0.90 AND vol_ratio_5>2,3
71,56,11,2.3333333333333335,0.04943447069048325,0.04227958152958156,0.7678571428571429,0.2586666666666666,-0.008,gap>5 AND rk_ret>0.90 AND px>10pct_sma20,3
52,41,9,1.7083333333333333,0.06538906241371926,0.05996116504854366,0.8536585365853658,0.2586666666666666,-0.008,gap>5 AND rk_ret>0.90 AND px>20pct_sma20,3
34,26,5,1.0833333333333333,0.057445434736999285,0.05357253599114065,0.8846153846153846,0.19199999999999995,-0.008,gap>5 AND rk_ret>0.95 AND body>5,3
65,50,11,2.0833333333333335,0.0483914930515144,0.02478542076112212,0.78,0.2586666666666666,-0.008,gap>5 AND rk_ret>0.95 AND range>10,3
54,39,12,1.625,0.04552135498758108,0.023088082901554514,0.7435897435897436,0.2586666666666666,-0.008,gap>5 AND rk_ret>0.95 AND vol_ratio_5>2,3
61,48,10,2.0,0.049592310782890094,0.02478542076112212,0.7291666666666666,0.2586666666666666,-0.008,gap>5 AND rk_ret>0.95 AND px>10pct_sma20,3
45,35,8,1.4583333333333333,0.06585283773346731,0.05866666666666665,0.8285714285714286,0.2586666666666666,-0.008,gap>5 AND rk_ret>0.95 AND px>20pct_sma20,3
114,80,21,3.3333333333333335,0.04098693287976532,0.021109174534011073,0.8125,0.33591534391534394,-0.008,gap>5 AND body>5 AND range>10,3
69,53,10,2.2083333333333335,0.04215810802580845,0.0251125827814569,0.8679245283018868,0.20318012422360243,-0.008,gap>5 AND body>5 AND vol_ratio_5>2,3
64,47,13,1.9583333333333333,0.059867602496480384,0.04061111111111116,0.851063829787234,0.33591534391534394,-0.008,gap>5 AND body>5 AND px>10pct_sma20,3
45,34,10,1.4166666666666667,0.07563243787777209,0.059424242424242386,0.9117647058823529,0.33591534391534394,-0.008,gap>5 AND body>5 AND px>20pct_sma20,3
98,72,20,3.0,0.0377448613831244,0.02141176470588225,0.7916666666666666,0.2586666666666666,-0.008,gap>5 AND range>10 AND vol_ratio_5>2,3
86,66,17,2.75,0.05160726810142034,0.026785238959467723,0.803030303030303,0.33591534391534394,-0.008,gap>5 AND range>10 AND px>10pct_sma20,3
62,46,15,1.9166666666666667,0.06861014379966492,0.05866666666666665,0.8695652173913043,0.33591534391534394,-0.008,gap>5 AND range>10 AND px>20pct_sma20,3
62,48,11,2.0,0.048949081332283956,0.02727435610302354,0.7916666666666666,0.2586666666666666,-0.008,gap>5 AND vol_ratio_5>2 AND px>10pct_sma20,3
41,30,9,1.25,0.07330692232513902,0.06155284552845531,0.9333333333333333,0.2586666666666666,-0.008,gap>5 AND vol_ratio_5>2 AND px>20pct_sma20,3
74,56,16,2.3333333333333335,0.06880248924077062,0.05866666666666665,0.8571428571428571,0.33591534391534394,-0.008,gap>5 AND px>10pct_sma20 AND px>20pct_sma20,3
90,66,20,2.75,0.07879964845331287,0.05455201109570041,0.803030303030303,0.3365945945945945,-0.008,gap>3 AND gap>2 AND ret_5d>20,3
124,95,23,3.9583333333333335,0.07011428960189964,0.04654545454545445,0.7894736842105263,0.3365945945945945,-0.008,gap>3 AND gap>2 AND ret_5d>15,3
153,117,28,4.875,0.062194756139890596,0.038728971962616716,0.7777777777777778,0.3365945945945945,-0.008,gap>3 AND gap>2 AND ret_5d>10,3
115,82,25,3.4166666666666665,0.06559111042744169,0.04654545454545445,0.7804878048780488,0.33591534391534394,-0.008,gap>3 AND gap>2 AND ret_3d>15,3
80,59,11,2.4583333333333335,0.061911639192081036,0.03163414634146334,0.7627118644067796,0.2586666666666666,-0.008,gap>3 AND gap>2 AND clv>0.7,3
59,44,8,1.8333333333333333,0.06237427403925127,0.04176805163372333,0.7954545454545454,0.2241428571428572,-0.008,gap>3 AND gap>2 AND clv>0.85,3
176,134,25,5.583333333333333,0.0490382218197584,0.02367307370884176,0.7313432835820896,0.3365945945945945,-0.008,gap>3 AND gap>2 AND rk_ret>0.90,3
117,91,18,3.7916666666666665,0.05723483464854861,0.028111111111111205,0.7362637362637363,0.30533333333333323,-0.008,gap>3 AND gap>2 AND rk_ret>0.95,3
211,148,33,6.166666666666667,0.04412841788561145,0.019602844083291056,0.777027027027027,0.33591534391534394,-0.008,gap>3 AND gap>2 AND body>5,3
254,192,40,8.0,0.04803182811623413,0.021109174534011073,0.7916666666666666,0.3365945945945945,-0.008,gap>3 AND gap>2 AND range>10,3
162,125,27,5.208333333333333,0.04616373917449347,0.02141176470588225,0.8,0.30533333333333323,-0.008,gap>3 AND gap>2 AND vol_ratio_5>2,3
170,133,29,5.541666666666667,0.05815613015024807,0.030327526132404088,0.7744360902255639,0.3365945945945945,-0.008,gap>3 AND gap>2 AND px>10pct_sma20,3
108,81,22,3.375,0.07334592682339561,0.054801932367149815,0.8271604938271605,0.3365945945945945,-0.008,gap>3 AND gap>2 AND px>20pct_sma20,3
90,66,20,2.75,0.07879964845331287,0.05455201109570041,0.803030303030303,0.3365945945945945,-0.008,gap>3 AND ret_5d>20 AND ret_5d>15,3
90,66,20,2.75,0.07879964845331287,0.05455201109570041,0.803030303030303,0.3365945945945945,-0.008,gap>3 AND ret_5d>20 AND ret_5d>10,3
78,56,19,2.3333333333333335,0.07981181606567013,0.06064375461936434,0.8214285714285714,0.33591534391534394,-0.008,gap>3 AND ret_5d>20 AND ret_3d>15,3
39,30,6,1.25,0.08525833845486647,0.06740404040404047,0.8333333333333334,0.2586666666666666,-0.008,gap>3 AND ret_5d>20 AND clv>0.7,3
34,26,5,1.0833333333333333,0.0778283491975605,0.06740404040404047,0.8076923076923077,0.22021576763485484,-0.008,gap>3 AND ret_5d>20 AND clv>0.85,3
67,50,13,2.0833333333333335,0.08012697168939095,0.06053342805272711,0.82,0.3365945945945945,-0.008,gap>3 AND ret_5d>20 AND rk_ret>0.90,3
56,42,10,1.75,0.08292613806209362,0.06195762711864406,0.8333333333333334,0.30533333333333323,-0.008,gap>3 AND ret_5d>20 AND rk_ret>0.95,3
58,43,12,1.7916666666666667,0.0842933708524702,0.061105691056910556,0.8372093023255814,0.33591534391534394,-0.008,gap>3 AND ret_5d>20 AND body>5,3
79,58,18,2.4166666666666665,0.08262043801960389,0.06007149161518089,0.8275862068965517,0.3365945945945945,-0.008,gap>3 AND ret_5d>20 AND range>10,3
47,35,10,1.4583333333333333,0.07597261658020801,0.061105691056910556,0.8571428571428571,0.30533333333333323,-0.008,gap>3 AND ret_5d>20 AND vol_ratio_5>2,3
90,66,20,2.75,0.07879964845331287,0.05455201109570041,0.803030303030303,0.3365945945945945,-0.008,gap>3 AND ret_5d>20 AND px>10pct_sma20,3
82,59,19,2.4583333333333335,0.08382302004191511,0.061105691056910556,0.8305084745762712,0.3365945945945945,-0.008,gap>3 AND ret_5d>20 AND px>20pct_sma20,3
124,95,23,3.9583333333333335,0.07011428960189964,0.04654545454545445,0.7894736842105263,0.3365945945945945,-0.008,gap>3 AND ret_5d>15 AND ret_5d>10,3
99,74,21,3.0833333333333335,0.0698023027265619,0.05197239475500349,0.7837837837837838,0.33591534391534394,-0.008,gap>3 AND ret_5d>15 AND ret_3d>15,3
50,40,7,1.6666666666666667,0.08434496307008506,0.0645,0.825,0.2586666666666666,-0.008,gap>3 AND ret_5d>15 AND clv>0.7,3
42,34,5,1.4166666666666667,0.07448047495806155,0.06195762711864406,0.7941176470588235,0.2241428571428572,-0.008,gap>3 AND ret_5d>15 AND clv>0.85,3
89,70,15,2.9166666666666665,0.07335105687559064,0.05673429951690823,0.8,0.3365945945945945,-0.008,gap>3 AND ret_5d>15 AND rk_ret>0.90,3
73,57,12,2.375,0.07603727044028284,0.05866666666666665,0.7894736842105263,0.30533333333333323,-0.008,gap>3 AND ret_5d>15 AND rk_ret>0.95,3
76,58,13,2.4166666666666665,0.0782672817752242,0.059424242424242386,0.8448275862068966,0.33591534391534394,-0.008,gap>3 AND ret_5d>15 AND body>5,3
103,79,20,3.2916666666666665,0.07393162659447355,0.04914285714285716,0.810126582278481,0.3365945945945945,-0.008,gap>3 AND ret_5d>15 AND range>10,3
63,48,12,2.0,0.06786634302225543,0.059313915857605155,0.8333333333333334,0.30533333333333323,-0.008,gap>3 AND ret_5d>15 AND vol_ratio_5>2,3
120,92,23,3.8333333333333335,0.07072336162182087,0.04784415584415581,0.782608695652174,0.3365945945945945,-0.008,gap>3 AND ret_5d>15 AND px>10pct_sma20,3
96,72,20,3.0,0.07859573660117283,0.06007149161518089,0.8333333333333334,0.3365945945945945,-0.008,gap>3 AND ret_5d>15 AND px>20pct_sma20,3
105,77,23,3.2083333333333335,0.06759194622125882,0.04654545454545445,0.7922077922077922,0.33591534391534394,-0.008,gap>3 AND ret_5d>10 AND ret_3d>15,3
55,42,9,1.75,0.08099997331406017,0.06195762711864406,0.8095238095238095,0.2586666666666666,-0.008,gap>3 AND ret_5d>10 AND clv>0.7,3
46,36,6,1.5,0.07112601402670052,0.060290960451977356,0.7777777777777778,0.2241428571428572,-0.008,gap>3 AND ret_5d>10 AND clv>0.85,3
101,77,19,3.2083333333333335,0.06725913998898739,0.043948051948051965,0.7792207792207793,0.3365945945945945,-0.008,gap>3 AND ret_5d>10 AND rk_ret>0.90,3
84,64,15,2.6666666666666665,0.06841412832745011,0.04331118881118879,0.765625,0.30533333333333323,-0.008,gap>3 AND ret_5d>10 AND rk_ret>0.95,3
91,69,16,2.875,0.0714224434029126,0.04061111111111116,0.8405797101449275,0.33591534391534394,-0.008,gap>3 AND ret_5d>10 AND body>5,3
120,92,23,3.8333333333333335,0.06765419749817644,0.040344017094017144,0.8043478260869565,0.3365945945945945,-0.008,gap>3 AND ret_5d>10 AND range>10,3
80,60,16,2.5,0.05976910623452093,0.0325271323423293,0.8166666666666667,0.30533333333333323,-0.008,gap>3 AND ret_5d>10 AND vol_ratio_5>2,3
136,105,25,4.375,0.06488544447354704,0.04007692307692313,0.780952380952381,0.3365945945945945,-0.008,gap>3 AND ret_5d>10 AND px>10pct_sma20,3
97,73,20,3.0416666666666665,0.07773410572258765,0.05996116504854366,0.8356164383561644,0.3365945945945945,-0.008,gap>3 AND ret_5d>10 AND px>20pct_sma20,3
50,37,9,1.5416666666666667,0.0802672381828837,0.06200000000000006,0.8378378378378378,0.2586666666666666,-0.008,gap>3 AND ret_3d>15 AND clv>0.7,3
41,30,7,1.25,0.07185257617742044,0.0645,0.8333333333333334,0.2111780821917808,-0.008,gap>3 AND ret_3d>15 AND clv>0.85,3
86,63,17,2.625,0.06690068547113524,0.04914285714285716,0.8095238095238095,0.30533333333333323,-0.008,gap>3 AND ret_3d>15 AND rk_ret>0.90,3
76,57,14,2.375,0.06933754271212228,0.04914285714285716,0.7894736842105263,0.30533333333333323,-0.008,gap>3 AND ret_3d>15 AND rk_ret>0.95,3
73,52,14,2.1666666666666665,0.07457260883637276,0.05357253599114065,0.8269230769230769,0.33591534391534394,-0.008,gap>3 AND ret_3d>15 AND body>5,3
99,71,21,2.9583333333333335,0.06805169110422946,0.04654545454545445,0.8028169014084507,0.33591534391534394,-0.008,gap>3 AND ret_3d>15 AND range>10,3
70,51,15,2.125,0.06092482766254651,0.04654545454545445,0.8235294117647058,0.30533333333333323,-0.008,gap>3 AND ret_3d>15 AND vol_ratio_5>2,3
106,79,22,3.2916666666666665,0.06602292559567717,0.04654545454545445,0.7721518987341772,0.33591534391534394,-0.008,gap>3 AND ret_3d>15 AND px>10pct_sma20,3
84,61,20,2.5416666666666665,0.07789435543720208,0.06018181818181812,0.819672131147541,0.33591534391534394,-0.008,gap>3 AND ret_3d>15 AND px>20pct_sma20,3
59,44,8,1.8333333333333333,0.06237427403925127,0.04176805163372333,0.7954545454545454,0.2241428571428572,-0.008,gap>3 AND clv>0.7 AND clv>0.85,3
75,57,10,2.375,0.06413975788618015,0.03929729729729737,0.7719298245614035,0.2586666666666666,-0.008,gap>3 AND clv>0.7 AND rk_ret>0.90,3
64,49,9,2.0416666666666665,0.0713606592824484,0.048478405315614655,0.8163265306122449,0.2586666666666666,-0.008,gap>3 AND clv>0.7 AND rk_ret>0.95,3
42,33,3,1.375,0.0704806969930114,0.03929729729729737,0.8484848484848485,0.23961904761904762,-0.008,gap>3 AND clv>0.7 AND body>5,3
55,40,8,1.6666666666666667,0.07657569715779997,0.05390476190476191,0.875,0.2586666666666666,-0.008,gap>3 AND clv>0.7 AND range>10,3
40,29,9,1.2083333333333333,0.06797722322866641,0.048478405315614655,0.8275862068965517,0.2586666666666666,-0.008,gap>3 AND clv>0.7 AND vol_ratio_5>2,3
57,44,8,1.8333333333333333,0.07777503178946589,0.060290960451977356,0.7954545454545454,0.2586666666666666,-0.008,gap>3 AND clv>0.7 AND px>10pct_sma20,3
48,37,7,1.5416666666666667,0.07941228377308832,0.06200000000000006,0.8378378378378378,0.2586666666666666,-0.008,gap>3 AND clv>0.7 AND px>20pct_sma20,3
58,44,7,1.8333333333333333,0.06237427403925127,0.04176805163372333,0.7954545454545454,0.2241428571428572,-0.008,gap>3 AND clv>0.85 AND rk_ret>0.90,3
51,39,6,1.625,0.06761036961937436,0.054801932367149815,0.8205128205128205,0.2241428571428572,-0.008,gap>3 AND clv>0.85 AND rk_ret>0.95,3
37,29,2,1.2083333333333333,0.0685090504831301,0.03929729729729737,0.8275862068965517,0.2241428571428572,-0.008,gap>3 AND clv>0.85 AND body>5,3
42,30,6,1.25,0.07172487562477702,0.060290960451977356,0.8666666666666667,0.2241428571428572,-0.008,gap>3 AND clv>0.85 AND range>10,3
34,26,6,1.0833333333333333,0.06298890934724442,0.045150406504064995,0.8076923076923077,0.2241428571428572,-0.008,gap>3 AND clv>0.85 AND vol_ratio_5>2,3
46,36,5,1.5,0.07056001719976598,0.060290960451977356,0.7777777777777778,0.2241428571428572,-0.008,gap>3 AND clv>0.85 AND px>10pct_sma20,3
39,30,5,1.25,0.07653109225594638,0.0645,0.8333333333333334,0.2241428571428572,-0.008,gap>3 AND clv>0.85 AND px>20pct_sma20,3
117,91,18,3.7916666666666665,0.05723483464854861,0.028111111111111205,0.7362637362637363,0.30533333333333323,-0.008,gap>3 AND rk_ret>0.90 AND rk_ret>0.95,3
66,50,9,2.0833333333333335,0.06719985244042155,0.03481241171485073,0.86,0.30533333333333323,-0.008,gap>3 AND rk_ret>0.90 AND body>5,3
121,95,18,3.9583333333333335,0.05897677437385761,0.02903703703703698,0.8105263157894737,0.3365945945945945,-0.008,gap>3 AND rk_ret>0.90 AND range>10,3
92,69,19,2.875,0.050376436854494264,0.025898305084745672,0.7536231884057971,0.30533333333333323,-0.008,gap>3 AND rk_ret>0.90 AND vol_ratio_5>2,3
111,87,17,3.625,0.06262359765949087,0.04014814814814805,0.7816091954022989,0.3365945945945945,-0.008,gap>3 AND rk_ret>0.90 AND px>10pct_sma20,3
78,60,13,2.5,0.07655715953470178,0.06053342805272711,0.8333333333333334,0.3365945945945945,-0.008,gap>3 AND rk_ret>0.90 AND px>20pct_sma20,3
60,45,9,1.875,0.07150513962537983,0.03929729729729737,0.8666666666666667,0.30533333333333323,-0.008,gap>3 AND rk_ret>0.95 AND body>5,3
94,72,15,3.0,0.06518093833662646,0.03968711018711025,0.8055555555555556,0.30533333333333323,-0.008,gap>3 AND rk_ret>0.95 AND range>10,3
71,53,15,2.2083333333333335,0.056765421464224856,0.026482758620689724,0.7547169811320755,0.30533333333333323,-0.008,gap>3 AND rk_ret>0.95 AND vol_ratio_5>2,3
88,68,14,2.8333333333333335,0.06439145286959205,0.03968711018711025,0.75,0.30533333333333323,-0.008,gap>3 AND rk_ret>0.95 AND px>10pct_sma20,3
65,50,10,2.0833333333333335,0.07618959214537523,0.059886178861788604,0.82,0.30533333333333323,-0.008,gap>3 AND rk_ret>0.95 AND px>20pct_sma20,3
169,121,28,5.041666666666667,0.049400182596863663,0.022612244897959106,0.8181818181818182,0.33591534391534394,-0.008,gap>3 AND body>5 AND range>10,3
99,77,14,3.2083333333333335,0.05002031609208946,0.027087719298245723,0.8571428571428571,0.30533333333333323,-0.008,gap>3 AND body>5 AND vol_ratio_5>2,3
96,70,19,2.9166666666666665,0.0685821465531983,0.039954204204204265,0.8428571428571429,0.33591534391534394,-0.008,gap>3 AND body>5 AND px>10pct_sma20,3
65,48,13,2.0,0.0822428029833177,0.059424242424242386,0.8958333333333334,0.33591534391534394,-0.008,gap>3 AND body>5 AND px>20pct_sma20,3
132,101,24,4.208333333333333,0.04982205524003965,0.0251125827814569,0.8217821782178217,0.30533333333333323,-0.008,gap>3 AND range>10 AND vol_ratio_5>2,3
132,101,25,4.208333333333333,0.06404349823835684,0.033420118343195256,0.8118811881188119,0.3365945945945945,-0.008,gap>3 AND range>10 AND px>10pct_sma20,3
91,68,19,2.8333333333333335,0.07707673254257318,0.05866666666666665,0.8529411764705882,0.3365945945945945,-0.008,gap>3 AND range>10 AND px>20pct_sma20,3
84,67,14,2.7916666666666665,0.054526495854177945,0.030327526132404088,0.7761194029850746,0.30533333333333323,-0.008,gap>3 AND vol_ratio_5>2 AND px>10pct_sma20,3
53,41,10,1.7083333333333333,0.07763150483641282,0.061105691056910556,0.8780487804878049,0.30533333333333323,-0.008,gap>3 AND vol_ratio_5>2 AND px>20pct_sma20,3
108,81,22,3.375,0.07334592682339561,0.054801932367149815,0.8271604938271605,0.3365945945945945,-0.008,gap>3 AND px>10pct_sma20 AND px>20pct_sma20,3
116,83,27,3.4583333333333335,0.07304447184695134,0.04571900826446274,0.7831325301204819,0.3365945945945945,-0.008,gap>2 AND ret_5d>20 AND ret_5d>15,3
116,83,27,3.4583333333333335,0.07304447184695134,0.04571900826446274,0.7831325301204819,0.3365945945945945,-0.008,gap>2 AND ret_5d>20 AND ret_5d>10,3
95,68,22,2.8333333333333335,0.07708695658127775,0.05455201109570041,0.7941176470588235,0.33591534391534394,-0.008,gap>2 AND ret_5d>20 AND ret_3d>15,3
47,36,7,1.5,0.08840246131114733,0.06740404040404047,0.8611111111111112,0.2586666666666666,-0.008,gap>2 AND ret_5d>20 AND clv>0.7,3
40,31,5,1.2916666666666667,0.08539305237422494,0.07280808080808088,0.8387096774193549,0.23009523809523813,-0.008,gap>2 AND ret_5d>20 AND clv>0.85,3
84,62,16,2.5833333333333335,0.07583071250583394,0.04784415584415581,0.8064516129032258,0.3365945945945945,-0.008,gap>2 AND ret_5d>20 AND rk_ret>0.90,3
72,54,13,2.25,0.07737135906481647,0.053038961038961004,0.8148148148148148,0.30533333333333323,-0.008,gap>2 AND ret_5d>20 AND rk_ret>0.95,3
76,55,17,2.2916666666666665,0.08007199931047723,0.04654545454545445,0.8181818181818182,0.33591534391534394,-0.008,gap>2 AND ret_5d>20 AND body>5,3
101,72,24,3.0,0.07815502829467025,0.04784415584415581,0.8055555555555556,0.3365945945945945,-0.008,gap>2 AND ret_5d>20 AND range>10,3
58,43,13,1.7916666666666667,0.07534729466024377,0.06018181818181812,0.813953488372093,0.30533333333333323,-0.008,gap>2 AND ret_5d>20 AND vol_ratio_5>2,3
116,83,27,3.4583333333333335,0.07304447184695134,0.04571900826446274,0.7831325301204819,0.3365945945945945,-0.008,gap>2 AND ret_5d>20 AND px>10pct_sma20,3
104,74,24,3.0833333333333335,0.0782940957035049,0.053038961038961004,0.7972972972972973,0.3365945945945945,-0.008,gap>2 AND ret_5d>20 AND px>20pct_sma20,3
157,117,32,4.875,0.06454976869921197,0.03929729729729737,0.7777777777777778,0.3365945945945945,-0.008,gap>2 AND ret_5d>15 AND ret_5d>10,3
118,87,25,3.625,0.06826432254645459,0.04654545454545445,0.7701149425287356,0.33591534391534394,-0.008,gap>2 AND ret_5d>15 AND ret_3d>15,3
59,46,9,1.9166666666666667,0.0869247168773633,0.0645,0.8478260869565217,0.2586666666666666,-0.008,gap>2 AND ret_5d>15 AND clv>0.7,3
48,39,5,1.625,0.0809226587958588,0.06200000000000006,0.8205128205128205,0.23009523809523813,-0.008,gap>2 AND ret_5d>15 AND clv>0.85,3
111,85,20,3.5416666666666665,0.06887327059827737,0.04571900826446274,0.8,0.3365945945945945,-0.008,gap>2 AND ret_5d>15 AND rk_ret>0.90,3
93,71,17,2.9583333333333335,0.07089023952235111,0.04654545454545445,0.7887323943661971,0.30533333333333323,-0.008,gap>2 AND ret_5d>15 AND rk_ret>0.95,3
96,71,19,2.9583333333333335,0.07492988268041745,0.04571900826446274,0.8309859154929577,0.33591534391534394,-0.008,gap>2 AND ret_5d>15 AND body>5,3
129,96,27,4.0,0.06979451626784082,0.04316505968778695,0.8020833333333334,0.3365945945945945,-0.008,gap>2 AND ret_5d>15 AND range>10,3
76,57,16,2.375,0.0673622959136503,0.04654545454545445,0.8070175438596491,0.30533333333333323,-0.008,gap>2 AND ret_5d>15 AND vol_ratio_5>2,3
152,114,31,4.75,0.06489486574416542,0.03968711018711025,0.7719298245614035,0.3365945945945945,-0.008,gap>2 AND ret_5d>15 AND px>10pct_sma20,3
120,88,26,3.6666666666666665,0.07395763916815251,0.05197239475500349,0.8068181818181818,0.3365945945945945,-0.008,gap>2 AND ret_5d>15 AND px>20pct_sma20,3
124,90,27,3.75,0.06642450576458771,0.04316505968778695,0.7777777777777778,0.33591534391534394,-0.008,gap>2 AND ret_5d>10 AND ret_3d>15,3
70,54,11,2.25,0.07863882995303124,0.060290960451977356,0.8333333333333334,0.2586666666666666,-0.008,gap>2 AND ret_5d>10 AND clv>0.7,3
56,45,6,1.875,0.07470929621951403,0.06191525423728806,0.8,0.23009523809523813,-0.008,gap>2 AND ret_5d>10 AND clv>0.85,3
132,99,26,4.125,0.062202310394422415,0.03929729729729737,0.7777777777777778,0.3365945945945945,-0.008,gap>2 AND ret_5d>10 AND rk_ret>0.90,3
112,85,21,3.5416666666666665,0.0627883262856608,0.03163414634146334,0.7647058823529411,0.30533333333333323,-0.008,gap>2 AND ret_5d>10 AND rk_ret>0.95,3
116,86,23,3.5833333333333335,0.06847407928418875,0.03635870782024631,0.8255813953488372,0.33591534391534394,-0.008,gap>2 AND ret_5d>10 AND body>5,3
150,112,31,4.666666666666667,0.06518506819009451,0.03968711018711025,0.8035714285714286,0.3365945945945945,-0.008,gap>2 AND ret_5d>10 AND range>10,3
95,70,21,2.9166666666666665,0.05951097616623739,0.02902090592334495,0.7857142857142857,0.30533333333333323,-0.008,gap>2 AND ret_5d>10 AND vol_ratio_5>2,3
184,140,35,5.833333333333333,0.05951428756566949,0.028894259520102723,0.7714285714285715,0.3365945945945945,-0.008,gap>2 AND ret_5d>10 AND px>10pct_sma20,3
127,95,26,3.9583333333333335,0.07087909830714127,0.04914285714285716,0.8,0.3365945945945945,-0.008,gap>2 AND ret_5d>10 AND px>20pct_sma20,3
58,43,10,1.7916666666666667,0.08359595968190713,0.06200000000000006,0.8604651162790697,0.2586666666666666,-0.008,gap>2 AND ret_3d>15 AND clv>0.7,3
47,35,7,1.4583333333333333,0.07940642370820039,0.06699999999999995,0.8571428571428571,0.23009523809523813,-0.008,gap>2 AND ret_3d>15 AND clv>0.85,3
101,74,19,3.0833333333333335,0.06517568847764414,0.0461322314049586,0.7837837837837838,0.30533333333333323,-0.008,gap>2 AND ret_3d>15 AND rk_ret>0.90,3
89,67,16,2.7916666666666665,0.06818653279485248,0.04654545454545445,0.7761194029850746,0.30533333333333323,-0.008,gap>2 AND ret_3d>15 AND rk_ret>0.95,3
90,64,18,2.6666666666666665,0.07604243718842982,0.047511929930534554,0.8125,0.33591534391534394,-0.008,gap>2 AND ret_3d>15 AND body>5,3
118,85,24,3.5416666666666665,0.06837066989050065,0.04571900826446274,0.7764705882352941,0.33591534391534394,-0.008,gap>2 AND ret_3d>15 AND range>10,3
80,59,17,2.4583333333333335,0.06231549247624828,0.04061111111111116,0.7966101694915254,0.30533333333333323,-0.008,gap>2 AND ret_3d>15 AND vol_ratio_5>2,3
126,93,26,3.875,0.06686800986481378,0.04571900826446274,0.7634408602150538,0.33591534391534394,-0.008,gap>2 AND ret_3d>15 AND px>10pct_sma20,3
102,73,24,3.0416666666666665,0.07567247167608744,0.05866666666666665,0.7945205479452054,0.33591534391534394,-0.008,gap>2 AND ret_3d>15 AND px>20pct_sma20,3
86,66,11,2.75,0.06315933943919752,0.04176805163372333,0.7575757575757576,0.23009523809523813,-0.008,gap>2 AND clv>0.7 AND clv>0.85,3
104,79,15,3.2916666666666665,0.06081569749641633,0.030327526132404088,0.7848101265822784,0.2586666666666666,-0.008,gap>2 AND clv>0.7 AND rk_ret>0.90,3
87,66,13,2.75,0.0691813981905031,0.042508152780880055,0.8333333333333334,0.2586666666666666,-0.008,gap>2 AND clv>0.7 AND rk_ret>0.95,3
62,48,6,2.0,0.06902917704202582,0.03481241171485073,0.8541666666666666,0.23961904761904762,-0.008,gap>2 AND clv>0.7 AND body>5,3
69,49,11,2.0416666666666665,0.08533151360529995,0.06191525423728806,0.8979591836734694,0.2586666666666666,-0.008,gap>2 AND clv>0.7 AND range>10,3
52,40,10,1.6666666666666667,0.07264072550328328,0.040056275828539,0.8,0.2586666666666666,-0.008,gap>2 AND clv>0.7 AND vol_ratio_5>2,3
74,58,10,2.4166666666666665,0.07387002873517201,0.05197239475500349,0.8275862068965517,0.2586666666666666,-0.008,gap>2 AND clv>0.7 AND px>10pct_sma20,3
59,45,9,1.875,0.0809480877517905,0.06200000000000006,0.8444444444444444,0.2586666666666666,-0.008,gap>2 AND clv>0.7 AND px>20pct_sma20,3
78,60,10,2.5,0.06461149688986101,0.04497890711730602,0.8,0.23009523809523813,-0.008,gap>2 AND clv>0.85 AND rk_ret>0.90,3
68,53,8,2.2083333333333335,0.06961292018011923,0.054801932367149815,0.8301886792452831,0.23009523809523813,-0.008,gap>2 AND clv>0.85 AND rk_ret>0.95,3
53,42,4,1.75,0.07051734601636207,0.042508152780880055,0.8333333333333334,0.23009523809523813,-0.008,gap>2 AND clv>0.85 AND body>5,3
51,37,7,1.5416666666666667,0.08139366263651673,0.06200000000000006,0.8918918918918919,0.23009523809523813,-0.008,gap>2 AND clv>0.85 AND range>10,3
45,36,7,1.5,0.07112557416799559,0.045150406504064995,0.7777777777777778,0.23009523809523813,-0.008,gap>2 AND clv>0.85 AND vol_ratio_5>2,3
58,46,6,1.9166666666666667,0.0729780023276552,0.060290960451977356,0.8043478260869565,0.23009523809523813,-0.008,gap>2 AND clv>0.85 AND px>10pct_sma20,3
49,38,6,1.5833333333333333,0.07895637412907096,0.0645,0.8421052631578947,0.23009523809523813,-0.008,gap>2 AND clv>0.85 AND px>20pct_sma20,3
167,131,26,5.458333333333333,0.05403447420327497,0.024520325203251987,0.7404580152671756,0.33682758620689657,-0.008,gap>2 AND rk_ret>0.90 AND rk_ret>0.95,3
100,76,15,3.1666666666666665,0.06417437570021442,0.02775989782886335,0.8157894736842105,0.33682758620689657,-0.008,gap>2 AND rk_ret>0.90 AND body>5,3
163,128,24,5.333333333333333,0.05682347331134198,0.02503868609155891,0.7890625,0.33682758620689657,-0.008,gap>2 AND rk_ret>0.90 AND range>10,3
124,96,24,4.0,0.04928359175417435,0.021325765393876768,0.7083333333333334,0.33682758620689657,-0.008,gap>2 AND rk_ret>0.90 AND vol_ratio_5>2,3
147,114,24,4.75,0.06016006030636806,0.030644282546721476,0.7894736842105263,0.33682758620689657,-0.008,gap>2 AND rk_ret>0.90 AND px>10pct_sma20,3
98,74,17,3.0833333333333335,0.0723893501874437,0.05586849865110733,0.8108108108108109,0.3365945945945945,-0.008,gap>2 AND rk_ret>0.90 AND px>20pct_sma20,3
94,71,15,2.9583333333333335,0.06669001710334238,0.026482758620689724,0.8169014084507042,0.33682758620689657,-0.008,gap>2 AND rk_ret>0.95 AND body>5,3
127,97,21,4.041666666666667,0.06516381971585072,0.0398723404255319,0.8041237113402062,0.33682758620689657,-0.008,gap>2 AND rk_ret>0.95 AND range>10,3
97,74,20,3.0833333333333335,0.05674360773758408,0.022012004801920677,0.7162162162162162,0.33682758620689657,-0.008,gap>2 AND rk_ret>0.95 AND vol_ratio_5>2,3
118,91,20,3.7916666666666665,0.06288792361574344,0.030327526132404088,0.7692307692307693,0.33682758620689657,-0.008,gap>2 AND rk_ret>0.95 AND px>10pct_sma20,3
84,64,14,2.6666666666666665,0.07145096795402323,0.05197239475500349,0.796875,0.30533333333333323,-0.008,gap>2 AND rk_ret>0.95 AND px>20pct_sma20,3
232,164,39,6.833333333333333,0.05495644054967347,0.023361168320539145,0.8109756097560976,0.33682758620689657,-0.008,gap>2 AND body>5 AND range>10,3
126,98,20,4.083333333333333,0.05262438406142658,0.025505443933101286,0.8061224489795918,0.33682758620689657,-0.008,gap>2 AND body>5 AND vol_ratio_5>2,3
132,95,29,3.9583333333333335,0.07074719983557162,0.03929729729729737,0.8315789473684211,0.33682758620689657,-0.008,gap>2 AND body>5 AND px>10pct_sma20,3
88,63,20,2.625,0.07502407214944247,0.04654545454545445,0.8412698412698413,0.33591534391534394,-0.008,gap>2 AND body>5 AND px>20pct_sma20,3
162,126,29,5.25,0.05118463194150123,0.02376025766699342,0.7857142857142857,0.33682758620689657,-0.008,gap>2 AND range>10 AND vol_ratio_5>2,3
171,128,35,5.333333333333333,0.06486144777051281,0.03219057865211706,0.8125,0.33682758620689657,-0.008,gap>2 AND range>10 AND px>10pct_sma20,3
114,84,24,3.5,0.0739673970591017,0.05057142857142861,0.8333333333333334,0.3365945945945945,-0.008,gap>2 AND range>10 AND px>20pct_sma20,3
102,79,20,3.2916666666666665,0.05827169092077212,0.02746099290780136,0.7721518987341772,0.33682758620689657,-0.008,gap>2 AND vol_ratio_5>2 AND px>10pct_sma20,3
64,49,13,2.0416666666666665,0.07657835803268778,0.06018181818181812,0.8367346938775511,0.30533333333333323,-0.008,gap>2 AND vol_ratio_5>2 AND px>20pct_sma20,3
141,105,29,4.375,0.06660933691953304,0.04654545454545445,0.780952380952381,0.3365945945945945,-0.008,gap>2 AND px>10pct_sma20 AND px>20pct_sma20,3
402,299,82,12.458333333333334,0.06351870837669052,0.03929729729729737,0.7959866220735786,0.3365945945945945,-0.008,ret_5d>20 AND ret_5d>15 AND ret_5d>10,3
257,196,46,8.166666666666666,0.07208817745170543,0.046795663052543686,0.8316326530612245,0.33591534391534394,-0.008,ret_5d>20 AND ret_5d>15 AND ret_3d>15,3
167,126,27,5.25,0.06901859063282417,0.04557706138413976,0.8253968253968254,0.2586666666666666,-0.008,ret_5d>20 AND ret_5d>15 AND clv>0.7,3
110,80,21,3.3333333333333335,0.07775259886964062,0.05378586542530684,0.8125,0.24122118380062307,-0.008,ret_5d>20 AND ret_5d>15 AND clv>0.85,3
227,167,43,6.958333333333333,0.06767981841634056,0.04292592592592582,0.8203592814371258,0.3365945945945945,-0.008,ret_5d>20 AND ret_5d>15 AND rk_ret>0.90,3
195,141,39,5.875,0.07057711497071238,0.04755555555555558,0.8297872340425532,0.30533333333333323,-0.008,ret_5d>20 AND ret_5d>15 AND rk_ret>0.95,3
231,163,53,6.791666666666667,0.07122395376330426,0.04571900826446274,0.8282208588957055,0.33591534391534394,-0.008,ret_5d>20 AND ret_5d>15 AND body>5,3
296,217,61,9.041666666666666,0.06986469030757822,0.04543511450381677,0.815668202764977,0.3365945945945945,-0.008,ret_5d>20 AND ret_5d>15 AND range>10,3
122,88,26,3.6666666666666665,0.07062864674442325,0.04866131621187798,0.8181818181818182,0.30533333333333323,-0.008,ret_5d>20 AND ret_5d>15 AND vol_ratio_5>2,3
396,296,79,12.333333333333334,0.0638072770083839,0.03945817245817252,0.793918918918919,0.3365945945945945,-0.008,ret_5d>20 AND ret_5d>15 AND px>10pct_sma20,3
338,253,66,10.541666666666666,0.0641875059749282,0.04061111111111116,0.7944664031620553,0.3365945945945945,-0.008,ret_5d>20 AND ret_5d>15 AND px>20pct_sma20,3
257,196,46,8.166666666666666,0.07208817745170543,0.046795663052543686,0.8316326530612245,0.33591534391534394,-0.008,ret_5d>20 AND ret_5d>10 AND ret_3d>15,3
167,126,27,5.25,0.06901859063282417,0.04557706138413976,0.8253968253968254,0.2586666666666666,-0.008,ret_5d>20 AND ret_5d>10 AND clv>0.7,3
110,80,21,3.3333333333333335,0.07775259886964062,0.05378586542530684,0.8125,0.24122118380062307,-0.008,ret_5d>20 AND ret_5d>10 AND clv>0.85,3
227,167,43,6.958333333333333,0.06767981841634056,0.04292592592592582,0.8203592814371258,0.3365945945945945,-0.008,ret_5d>20 AND ret_5d>10 AND rk_ret>0.90,3
195,141,39,5.875,0.07057711497071238,0.04755555555555558,0.8297872340425532,0.30533333333333323,-0.008,ret_5d>20 AND ret_5d>10 AND rk_ret>0.95,3
231,163,53,6.791666666666667,0.07122395376330426,0.04571900826446274,0.8282208588957055,0.33591534391534394,-0.008,ret_5d>20 AND ret_5d>10 AND body>5,3
296,217,61,9.041666666666666,0.06986469030757822,0.04543511450381677,0.815668202764977,0.3365945945945945,-0.008,ret_5d>20 AND ret_5d>10 AND range>10,3
122,88,26,3.6666666666666665,0.07062864674442325,0.04866131621187798,0.8181818181818182,0.30533333333333323,-0.008,ret_5d>20 AND ret_5d>10 AND vol_ratio_5>2,3
396,296,79,12.333333333333334,0.0638072770083839,0.03945817245817252,0.793918918918919,0.3365945945945945,-0.008,ret_5d>20 AND ret_5d>10 AND px>10pct_sma20,3
338,253,66,10.541666666666666,0.0641875059749282,0.04061111111111116,0.7944664031620553,0.3365945945945945,-0.008,ret_5d>20 AND ret_5d>10 AND px>20pct_sma20,3
132,100,21,4.166666666666667,0.07670346177140334,0.04914285714285716,0.85,0.2586666666666666,-0.008,ret_5d>20 AND ret_3d>15 AND clv>0.7,3
93,69,16,2.875,0.08145670179388947,0.06018181818181812,0.8405797101449275,0.24122118380062307,-0.008,ret_5d>20 AND ret_3d>15 AND clv>0.85,3
177,129,35,5.375,0.07548940342802696,0.04914285714285716,0.8294573643410853,0.30533333333333323,-0.008,ret_5d>20 AND ret_3d>15 AND rk_ret>0.90,3
160,116,32,4.833333333333333,0.07904471413534589,0.051411764705882386,0.8275862068965517,0.30533333333333323,-0.008,ret_5d>20 AND ret_3d>15 AND rk_ret>0.95,3
181,133,37,5.541666666666667,0.08022586946111358,0.05200000000000005,0.8421052631578947,0.33591534391534394,-0.008,ret_5d>20 AND ret_3d>15 AND body>5,3
224,166,44,6.916666666666667,0.0769286074622223,0.05082352941176472,0.8373493975903614,0.33591534391534394,-0.008,ret_5d>20 AND ret_3d>15 AND range>10,3
115,85,22,3.5416666666666665,0.07282292019072903,0.05082352941176472,0.8117647058823529,0.30533333333333323,-0.008,ret_5d>20 AND ret_3d>15 AND vol_ratio_5>2,3
255,195,45,8.125,0.07213604135155453,0.04654545454545445,0.8307692307692308,0.33591534391534394,-0.008,ret_5d>20 AND ret_3d>15 AND px>10pct_sma20,3
230,173,43,7.208333333333333,0.07346191421065038,0.04817977528089879,0.8323699421965318,0.33591534391534394,-0.008,ret_5d>20 AND ret_3d>15 AND px>20pct_sma20,3
110,80,21,3.3333333333333335,0.07775259886964062,0.05378586542530684,0.8125,0.24122118380062307,-0.008,ret_5d>20 AND clv>0.7 AND clv>0.85,3
138,101,24,4.208333333333333,0.07428331220782328,0.04876855895196509,0.8514851485148515,0.2586666666666666,-0.008,ret_5d>20 AND clv>0.7 AND rk_ret>0.90,3
129,92,24,3.8333333333333335,0.07943719046237678,0.05082352941176472,0.8586956521739131,0.2586666666666666,-0.008,ret_5d>20 AND clv>0.7 AND rk_ret>0.95,3
123,89,21,3.7083333333333335,0.07336869682884659,0.04817977528089879,0.8426966292134831,0.24122118380062307,-0.008,ret_5d>20 AND clv>0.7 AND body>5,3
132,94,24,3.9166666666666665,0.07780997841516701,0.04998319327731094,0.851063829787234,0.2586666666666666,-0.008,ret_5d>20 AND clv>0.7 AND range>10,3
75,57,12,2.375,0.07396459262147562,0.04914285714285716,0.8421052631578947,0.2586666666666666,-0.008,ret_5d>20 AND clv>0.7 AND vol_ratio_5>2,3
165,124,27,5.166666666666667,0.06952659554582459,0.04557706138413976,0.8225806451612904,0.2586666666666666,-0.008,ret_5d>20 AND clv>0.7 AND px>10pct_sma20,3
150,111,25,4.625,0.07237635555003362,0.04817977528089879,0.8198198198198198,0.2586666666666666,-0.008,ret_5d>20 AND clv>0.7 AND px>20pct_sma20,3
97,69,19,2.875,0.08264516911205157,0.06018181818181812,0.8405797101449275,0.24122118380062307,-0.008,ret_5d>20 AND clv>0.85 AND rk_ret>0.90,3
92,64,19,2.6666666666666665,0.08748752259142713,0.06740404040404047,0.859375,0.24122118380062307,-0.008,ret_5d>20 AND clv>0.85 AND rk_ret>0.95,3
89,63,17,2.625,0.08451999287438725,0.06018181818181812,0.8412698412698413,0.24122118380062307,-0.008,ret_5d>20 AND clv>0.85 AND body>5,3
89,61,19,2.5416666666666665,0.0869244650726487,0.06200000000000006,0.8524590163934426,0.24122118380062307,-0.008,ret_5d>20 AND clv>0.85 AND range>10,3
59,46,9,1.9166666666666667,0.07705372935659802,0.05846500981033354,0.8478260869565217,0.24122118380062307,-0.008,ret_5d>20 AND clv>0.85 AND vol_ratio_5>2,3
110,80,21,3.3333333333333335,0.07775259886964062,0.05378586542530684,0.8125,0.24122118380062307,-0.008,ret_5d>20 AND clv>0.85 AND px>10pct_sma20,3
104,75,20,3.125,0.07737330407396922,0.05082352941176472,0.8133333333333334,0.24122118380062307,-0.008,ret_5d>20 AND clv>0.85 AND px>20pct_sma20,3
195,141,39,5.875,0.07057711497071238,0.04755555555555558,0.8297872340425532,0.30533333333333323,-0.008,ret_5d>20 AND rk_ret>0.90 AND rk_ret>0.95,3
174,126,34,5.25,0.07017361788011757,0.04557706138413976,0.8333333333333334,0.30533333333333323,-0.008,ret_5d>20 AND rk_ret>0.90 AND body>5,3
198,144,39,6.0,0.07180743998347684,0.047867665418227186,0.8333333333333334,0.3365945945945945,-0.008,ret_5d>20 AND rk_ret>0.90 AND range>10,3
108,78,23,3.25,0.07072299615539945,0.04866131621187798,0.8333333333333334,0.30533333333333323,-0.008,ret_5d>20 AND rk_ret>0.90 AND vol_ratio_5>2,3
224,165,42,6.875,0.06804536426348654,0.04292592592592582,0.8181818181818182,0.3365945945945945,-0.008,ret_5d>20 AND rk_ret>0.90 AND px>10pct_sma20,3
202,147,38,6.125,0.07025262645870897,0.047299539170506895,0.8231292517006803,0.3365945945945945,-0.008,ret_5d>20 AND rk_ret>0.90 AND px>20pct_sma20,3
168,120,34,5.0,0.07217750070105867,0.047867665418227186,0.8333333333333334,0.30533333333333323,-0.008,ret_5d>20 AND rk_ret>0.95 AND body>5,3
182,130,38,5.416666666666667,0.07238269751982261,0.04847416711643194,0.8307692307692308,0.30533333333333323,-0.008,ret_5d>20 AND rk_ret>0.95 AND range>10,3
103,74,22,3.0833333333333335,0.07198614806855216,0.04866131621187798,0.8243243243243243,0.30533333333333323,-0.008,ret_5d>20 AND rk_ret>0.95 AND vol_ratio_5>2,3
193,140,38,5.833333333333333,0.07063298924206651,0.047050505050505016,0.8285714285714286,0.30533333333333323,-0.008,ret_5d>20 AND rk_ret>0.95 AND px>10pct_sma20,3
178,128,35,5.333333333333333,0.07380154329113373,0.04914285714285716,0.8359375,0.30533333333333323,-0.008,ret_5d>20 AND rk_ret>0.95 AND px>20pct_sma20,3
214,150,49,6.25,0.07334171015814762,0.047050505050505016,0.8266666666666667,0.33591534391534394,-0.008,ret_5d>20 AND body>5 AND range>10,3
104,78,20,3.25,0.07169526742724115,0.04866131621187798,0.8333333333333334,0.30533333333333323,-0.008,ret_5d>20 AND body>5 AND vol_ratio_5>2,3
228,162,51,6.75,0.07127623300270039,0.04557706138413976,0.8271604938271605,0.33591534391534394,-0.008,ret_5d>20 AND body>5 AND px>10pct_sma20,3
206,145,47,6.041666666666667,0.07331637917388473,0.04817977528089879,0.8344827586206897,0.33591534391534394,-0.008,ret_5d>20 AND body>5 AND px>20pct_sma20,3
116,83,26,3.4583333333333335,0.07099686065342896,0.04914285714285716,0.8192771084337349,0.30533333333333323,-0.008,ret_5d>20 AND range>10 AND vol_ratio_5>2,3
292,215,59,8.958333333333334,0.0703174544352408,0.04571900826446274,0.813953488372093,0.3365945945945945,-0.008,ret_5d>20 AND range>10 AND px>10pct_sma20,3
260,192,52,8.0,0.071631021888916,0.046795663052543686,0.8177083333333334,0.3365945945945945,-0.008,ret_5d>20 AND range>10 AND px>20pct_sma20,3
121,88,25,3.6666666666666665,0.07062864674442325,0.04866131621187798,0.8181818181818182,0.30533333333333323,-0.008,ret_5d>20 AND vol_ratio_5>2 AND px>10pct_sma20,3
105,76,22,3.1666666666666665,0.07440065137647045,0.05437410071942451,0.8157894736842105,0.30533333333333323,-0.008,ret_5d>20 AND vol_ratio_5>2 AND px>20pct_sma20,3
338,253,66,10.541666666666666,0.0641875059749282,0.04061111111111116,0.7944664031620553,0.3365945945945945,-0.008,ret_5d>20 AND px>10pct_sma20 AND px>20pct_sma20,3
327,249,60,10.375,0.06372239112330466,0.040387096774193505,0.8072289156626506,0.33591534391534394,-0.008,ret_5d>15 AND ret_5d>10 AND ret_3d>15,3
245,184,41,7.666666666666667,0.05923397932338023,0.0371137374507562,0.7717391304347826,0.2586666666666666,-0.008,ret_5d>15 AND ret_5d>10 AND clv>0.7,3
151,111,27,4.625,0.06737510033314424,0.04340961857379778,0.7837837837837838,0.24122118380062307,-0.008,ret_5d>15 AND ret_5d>10 AND clv>0.85,3
332,256,58,10.666666666666666,0.05781195067856627,0.03181707317073169,0.78125,0.3365945945945945,-0.008,ret_5d>15 AND ret_5d>10 AND rk_ret>0.90,3
261,196,49,8.166666666666666,0.06494264854470505,0.04052825745682887,0.7959183673469388,0.30533333333333323,-0.008,ret_5d>15 AND ret_5d>10 AND rk_ret>0.95,3
322,234,70,9.75,0.06316020500061066,0.03715103338632753,0.8034188034188035,0.33591534391534394,-0.008,ret_5d>15 AND ret_5d>10 AND body>5,3
393,294,79,12.25,0.06304907485705935,0.03945817245817252,0.7925170068027211,0.3365945945945945,-0.008,ret_5d>15 AND ret_5d>10 AND range>10,3
166,123,34,5.125,0.060820990836826835,0.040387096774193505,0.7886178861788617,0.30533333333333323,-0.008,ret_5d>15 AND ret_5d>10 AND vol_ratio_5>2,3
588,446,114,18.583333333333332,0.05334496176714618,0.027304748847064693,0.7645739910313901,0.3365945945945945,-0.008,ret_5d>15 AND ret_5d>10 AND px>10pct_sma20,3
397,300,75,12.5,0.0616624651319561,0.0398479853479854,0.8,0.3365945945945945,-0.008,ret_5d>15 AND ret_5d>10 AND px>20pct_sma20,3
161,122,26,5.083333333333333,0.0714656934989407,0.04650927371748482,0.8360655737704918,0.2586666666666666,-0.008,ret_5d>15 AND ret_3d>15 AND clv>0.7,3
113,85,19,3.5416666666666665,0.07253128924492751,0.04914285714285716,0.8117647058823529,0.24122118380062307,-0.008,ret_5d>15 AND ret_3d>15 AND clv>0.85,3
224,169,42,7.041666666666667,0.06617157777322705,0.04214749262536866,0.8047337278106509,0.30533333333333323,-0.008,ret_5d>15 AND ret_3d>15 AND rk_ret>0.90,3
197,146,39,6.083333333333333,0.07161658844678946,0.04847416711643194,0.8013698630136986,0.30533333333333323,-0.008,ret_5d>15 AND ret_3d>15 AND rk_ret>0.95,3
222,164,46,6.833333333333333,0.073257822203621,0.04736261491317662,0.823170731707317,0.33591534391534394,-0.008,ret_5d>15 AND ret_3d>15 AND body>5,3
265,199,51,8.291666666666666,0.0704236454826774,0.04654545454545445,0.8140703517587939,0.33591534391534394,-0.008,ret_5d>15 AND ret_3d>15 AND range>10,3
148,111,28,4.625,0.06287652888283908,0.04158677685950419,0.7837837837837838,0.30533333333333323,-0.008,ret_5d>15 AND ret_3d>15 AND vol_ratio_5>2,3
319,245,58,10.208333333333334,0.06432627205449498,0.04061111111111116,0.8081632653061225,0.33591534391534394,-0.008,ret_5d>15 AND ret_3d>15 AND px>10pct_sma20,3
250,188,48,7.833333333333333,0.0723319499023742,0.04773965722570284,0.8404255319148937,0.33591534391534394,-0.008,ret_5d>15 AND ret_3d>15 AND px>20pct_sma20,3
151,111,27,4.625,0.06737510033314424,0.04340961857379778,0.7837837837837838,0.24122118380062307,-0.008,ret_5d>15 AND clv>0.7 AND clv>0.85,3
196,148,34,6.166666666666667,0.06392269029838957,0.039178060413354594,0.7837837837837838,0.2586666666666666,-0.008,ret_5d>15 AND clv>0.7 AND rk_ret>0.90,3
167,122,31,5.083333333333333,0.07309974947924204,0.046859504132231396,0.8114754098360656,0.2586666666666666,-0.008,ret_5d>15 AND clv>0.7 AND rk_ret>0.95,3
160,120,27,5.0,0.06862314613837371,0.0412831843481194,0.8083333333333333,0.24122118380062307,-0.008,ret_5d>15 AND clv>0.7 AND body>5,3
160,116,30,4.833333333333333,0.07572190873530031,0.048955708047411124,0.8189655172413793,0.2586666666666666,-0.008,ret_5d>15 AND clv>0.7 AND range>10,3
93,70,17,2.9166666666666665,0.06936322519529224,0.04351094568166048,0.7857142857142857,0.2586666666666666,-0.008,ret_5d>15 AND clv>0.7 AND vol_ratio_5>2,3
233,176,39,7.333333333333333,0.06114432267209236,0.039178060413354594,0.7784090909090909,0.2586666666666666,-0.008,ret_5d>15 AND clv>0.7 AND px>10pct_sma20,3
179,134,29,5.583333333333333,0.07022157212463565,0.0466384059488898,0.8134328358208955,0.2586666666666666,-0.008,ret_5d>15 AND clv>0.7 AND px>20pct_sma20,3
131,97,24,4.041666666666667,0.07088025832032252,0.04571900826446274,0.8041237113402062,0.24122118380062307,-0.008,ret_5d>15 AND clv>0.85 AND rk_ret>0.90,3
114,82,22,3.4166666666666665,0.07913609204563336,0.05577506690299939,0.8170731707317073,0.24122118380062307,-0.008,ret_5d>15 AND clv>0.85 AND rk_ret>0.95,3
111,81,21,3.375,0.07771612327355998,0.04914285714285716,0.8148148148148148,0.24122118380062307,-0.008,ret_5d>15 AND clv>0.85 AND body>5,3
102,72,21,3.0,0.08512272217781207,0.06195762711864406,0.8194444444444444,0.24122118380062307,-0.008,ret_5d>15 AND clv>0.85 AND range>10,3
70,55,11,2.2916666666666665,0.07489148109987373,0.05674820143884896,0.8,0.24122118380062307,-0.008,ret_5d>15 AND clv>0.85 AND vol_ratio_5>2,3
146,108,26,4.5,0.06859841242848869,0.044422366538807274,0.7870370370370371,0.24122118380062307,-0.008,ret_5d>15 AND clv>0.85 AND px>10pct_sma20,3
122,89,22,3.7083333333333335,0.07538312545973914,0.05082352941176472,0.8202247191011236,0.24122118380062307,-0.008,ret_5d>15 AND clv>0.85 AND px>20pct_sma20,3
261,196,49,8.166666666666666,0.06494264854470505,0.04052825745682887,0.7959183673469388,0.30533333333333323,-0.008,ret_5d>15 AND rk_ret>0.90 AND rk_ret>0.95,3
235,178,43,7.416666666666667,0.06486159431265297,0.04079535147392289,0.8146067415730337,0.30533333333333323,-0.008,ret_5d>15 AND rk_ret>0.90 AND body>5,3
258,196,47,8.166666666666666,0.06716695354064785,0.0422536024277922,0.8163265306122449,0.3365945945945945,-0.008,ret_5d>15 AND rk_ret>0.90 AND range>10,3
148,110,31,4.583333333333333,0.060505652355533734,0.03984219703574544,0.7909090909090909,0.30533333333333323,-0.008,ret_5d>15 AND rk_ret>0.90 AND vol_ratio_5>2,3
323,249,56,10.375,0.05870275197713442,0.03401680672268915,0.7871485943775101,0.3365945945945945,-0.008,ret_5d>15 AND rk_ret>0.90 AND px>10pct_sma20,3
242,179,45,7.458333333333333,0.06897415029955273,0.04654545454545445,0.8324022346368715,0.3365945945945945,-0.008,ret_5d>15 AND rk_ret>0.90 AND px>20pct_sma20,3
221,165,42,6.875,0.06748164270115084,0.04158677685950419,0.8121212121212121,0.30533333333333323,-0.008,ret_5d>15 AND rk_ret>0.95 AND body>5,3
231,172,45,7.166666666666667,0.06900812760783573,0.04557706138413976,0.8081395348837209,0.30533333333333323,-0.008,ret_5d>15 AND rk_ret>0.95 AND range>10,3
139,103,29,4.291666666666667,0.062052972884038896,0.03485714285714293,0.7864077669902912,0.30533333333333323,-0.008,ret_5d>15 AND rk_ret>0.95 AND vol_ratio_5>2,3
254,191,47,7.958333333333333,0.06570772166716314,0.040979591836734615,0.8010471204188482,0.30533333333333323,-0.008,ret_5d>15 AND rk_ret>0.95 AND px>10pct_sma20,3
205,149,40,6.208333333333333,0.07368316173893669,0.04914285714285716,0.8322147651006712,0.30533333333333323,-0.008,ret_5d>15 AND rk_ret>0.95 AND px>20pct_sma20,3
283,205,61,8.541666666666666,0.0674468576092169,0.04158677685950419,0.8097560975609757,0.33591534391534394,-0.008,ret_5d>15 AND body>5 AND range>10,3
141,107,27,4.458333333333333,0.06383682291920821,0.042359712230215736,0.822429906542056,0.30533333333333323,-0.008,ret_5d>15 AND body>5 AND vol_ratio_5>2,3
309,225,67,9.375,0.06501775101904472,0.03929729729729737,0.8133333333333334,0.33591534391534394,-0.008,ret_5d>15 AND body>5 AND px>10pct_sma20,3
233,167,51,6.958333333333333,0.07344781211615414,0.04817977528089879,0.844311377245509,0.33591534391534394,-0.008,ret_5d>15 AND body>5 AND px>20pct_sma20,3
152,113,31,4.708333333333333,0.06327344171652335,0.042359712230215736,0.8141592920353983,0.30533333333333323,-0.008,ret_5d>15 AND range>10 AND vol_ratio_5>2,3
379,285,75,11.875,0.06421887183962459,0.040275862068965614,0.7964912280701755,0.3365945945945945,-0.008,ret_5d>15 AND range>10 AND px>10pct_sma20,3
288,216,55,9.0,0.07111140982829507,0.04654545454545445,0.8240740740740741,0.3365945945945945,-0.008,ret_5d>15 AND range>10 AND px>20pct_sma20,3
161,120,33,5.0,0.06196141068442225,0.041098943985307675,0.7916666666666666,0.30533333333333323,-0.008,ret_5d>15 AND vol_ratio_5>2 AND px>10pct_sma20,3
116,84,25,3.5,0.07644082349115465,0.05770743405275781,0.8333333333333334,0.30533333333333323,-0.008,ret_5d>15 AND vol_ratio_5>2 AND px>20pct_sma20,3
397,300,75,12.5,0.0616624651319561,0.0398479853479854,0.8,0.3365945945945945,-0.008,ret_5d>15 AND px>10pct_sma20 AND px>20pct_sma20,3
174,130,30,5.416666666666667,0.07023390649640744,0.04650927371748482,0.8384615384615385,0.2586666666666666,-0.008,ret_5d>10 AND ret_3d>15 AND clv>0.7,3
119,88,21,3.6666666666666665,0.07267925798298773,0.04998319327731094,0.8181818181818182,0.24122118380062307,-0.008,ret_5d>10 AND ret_3d>15 AND clv>0.85,3
247,186,47,7.75,0.06455768708456998,0.0412831843481194,0.8064516129032258,0.30533333333333323,-0.008,ret_5d>10 AND ret_3d>15 AND rk_ret>0.90,3
216,159,44,6.625,0.06858576972336031,0.04543511450381677,0.7987421383647799,0.30533333333333323,-0.008,ret_5d>10 AND ret_3d>15 AND rk_ret>0.95,3
243,177,52,7.375,0.07040008145858555,0.04292592592592582,0.8135593220338984,0.33591534391534394,-0.008,ret_5d>10 AND ret_3d>15 AND body>5,3
289,215,57,8.958333333333334,0.0672936871252485,0.04214749262536866,0.8046511627906977,0.33591534391534394,-0.008,ret_5d>10 AND ret_3d>15 AND range>10,3
167,124,33,5.166666666666667,0.059451547195851315,0.03945817245817252,0.7741935483870968,0.30533333333333323,-0.008,ret_5d>10 AND ret_3d>15 AND vol_ratio_5>2,3
348,267,63,11.125,0.06372690821554686,0.040387096774193505,0.8052434456928839,0.33591534391534394,-0.008,ret_5d>10 AND ret_3d>15 AND px>10pct_sma20,3
261,198,49,8.25,0.0714559979272728,0.046795663052543686,0.8383838383838383,0.33591534391534394,-0.008,ret_5d>10 AND ret_3d>15 AND px>20pct_sma20,3
216,162,36,6.75,0.05242775412615359,0.027304748847064693,0.6975308641975309,0.24122118380062307,-0.008,ret_5d>10 AND clv>0.7 AND clv>0.85,3
274,208,47,8.666666666666666,0.05354884369902021,0.027304748847064693,0.7307692307692307,0.2586666666666666,-0.008,ret_5d>10 AND clv>0.7 AND rk_ret>0.90,3
214,159,40,6.625,0.06329071427331567,0.03929729729729737,0.7672955974842768,0.2586666666666666,-0.008,ret_5d>10 AND clv>0.7 AND rk_ret>0.95,3
208,158,36,6.583333333333333,0.05978599886015123,0.03443697478991604,0.759493670886076,0.24122118380062307,-0.008,ret_5d>10 AND clv>0.7 AND body>5,3
187,135,37,5.625,0.07221677576122826,0.04571900826446274,0.7925925925925926,0.2586666666666666,-0.008,ret_5d>10 AND clv>0.7 AND range>10,3
120,88,25,3.6666666666666665,0.05970683700911029,0.030980836236933713,0.7159090909090909,0.2586666666666666,-0.008,ret_5d>10 AND clv>0.7 AND vol_ratio_5>2,3
316,243,51,10.125,0.05112103907331802,0.026482758620689724,0.720164609053498,0.2586666666666666,-0.008,ret_5d>10 AND clv>0.7 AND px>10pct_sma20,3
197,150,31,6.25,0.06544336866845042,0.044422366538807274,0.7866666666666666,0.2586666666666666,-0.008,ret_5d>10 AND clv>0.7 AND px>20pct_sma20,3
176,130,32,5.416666666666667,0.058312699179146874,0.030980836236933713,0.7384615384615385,0.24122118380062307,-0.008,ret_5d>10 AND clv>0.85 AND rk_ret>0.90,3
141,103,27,4.291666666666667,0.0682749708324346,0.04543511450381677,0.7669902912621359,0.24122118380062307,-0.008,ret_5d>10 AND clv>0.85 AND rk_ret>0.95,3
139,104,25,4.333333333333333,0.0657982051507521,0.04156354223105164,0.7596153846153846,0.24122118380062307,-0.008,ret_5d>10 AND clv>0.85 AND body>5,3
114,80,24,3.3333333333333335,0.07952059085732414,0.059424242424242386,0.7875,0.24122118380062307,-0.008,ret_5d>10 AND clv>0.85 AND range>10,3
84,63,16,2.625,0.06604417448868313,0.04543511450381677,0.7619047619047619,0.24122118380062307,-0.008,ret_5d>10 AND clv>0.85 AND vol_ratio_5>2,3
192,147,31,6.125,0.0559046223451522,0.0301526104417671,0.7074829931972789,0.24122118380062307,-0.008,ret_5d>10 AND clv>0.85 AND px>10pct_sma20,3
135,102,22,4.25,0.06834315347821153,0.04650927371748482,0.7745098039215687,0.24122118380062307,-0.008,ret_5d>10 AND clv>0.85 AND px>20pct_sma20,3
350,267,66,11.125,0.05605366792476039,0.030461538461538547,0.7565543071161048,0.30533333333333323,-0.008,ret_5d>10 AND rk_ret>0.90 AND rk_ret>0.95,3
319,244,60,10.166666666666666,0.055451793965286204,0.032089285714285716,0.7663934426229508,0.30533333333333323,-0.008,ret_5d>10 AND rk_ret>0.90 AND body>5,3
342,264,62,11.0,0.060230621266938636,0.039178060413354594,0.7803030303030303,0.3365945945945945,-0.008,ret_5d>10 AND rk_ret>0.90 AND range>10,3
221,167,46,6.958333333333333,0.04942664857546341,0.026482758620689724,0.7125748502994012,0.30533333333333323,-0.008,ret_5d>10 AND rk_ret>0.90 AND vol_ratio_5>2,3
434,339,73,14.125,0.05157960113032382,0.029837837837837895,0.7463126843657817,0.3365945945945945,-0.008,ret_5d>10 AND rk_ret>0.90 AND px>10pct_sma20,3
267,202,47,8.416666666666666,0.06530234674132467,0.04343698893698889,0.8118811881188119,0.3365945945945945,-0.008,ret_5d>10 AND rk_ret>0.90 AND px>20pct_sma20,3
295,222,58,9.25,0.05793554747199928,0.03190635888501737,0.7612612612612613,0.30533333333333323,-0.008,ret_5d>10 AND rk_ret>0.95 AND body>5,3
296,221,60,9.208333333333334,0.061774267764685975,0.03929729729729737,0.7737556561085973,0.30533333333333323,-0.008,ret_5d>10 AND rk_ret>0.95 AND range>10,3
198,146,44,6.083333333333333,0.05187356848358493,0.026190531852717698,0.7191780821917808,0.30533333333333323,-0.008,ret_5d>10 AND rk_ret>0.95 AND vol_ratio_5>2,3
322,246,59,10.25,0.057358040448698876,0.031047842401500943,0.7520325203252033,0.30533333333333323,-0.008,ret_5d>10 AND rk_ret>0.95 AND px>10pct_sma20,3
224,166,42,6.916666666666667,0.06965713180945102,0.047050505050505016,0.8132530120481928,0.30533333333333323,-0.008,ret_5d>10 AND rk_ret>0.95 AND px>20pct_sma20,3
371,268,84,11.166666666666666,0.06078424210665594,0.03536075205640422,0.7873134328358209,0.33591534391534394,-0.008,ret_5d>10 AND body>5 AND range>10,3
204,152,44,6.333333333333333,0.05350147964771475,0.030980836236933713,0.756578947368421,0.30533333333333323,-0.008,ret_5d>10 AND body>5 AND vol_ratio_5>2,3
399,293,87,12.208333333333334,0.0584222837082321,0.032983606557376983,0.7747440273037542,0.33591534391534394,-0.008,ret_5d>10 AND body>5 AND px>10pct_sma20,3
260,190,55,7.916666666666667,0.0687084105290306,0.044180520214871295,0.8210526315789474,0.33591534391534394,-0.008,ret_5d>10 AND body>5 AND px>20pct_sma20,3
223,167,47,6.958333333333333,0.05296853734824107,0.03240404040404044,0.7544910179640718,0.30533333333333323,-0.008,ret_5d>10 AND range>10 AND vol_ratio_5>2,3
483,361,98,15.041666666666666,0.058672780293188974,0.03425352112676051,0.7728531855955678,0.3365945945945945,-0.008,ret_5d>10 AND range>10 AND px>10pct_sma20,3
315,237,61,9.875,0.06846071633096089,0.04438095238095242,0.8143459915611815,0.3365945945945945,-0.008,ret_5d>10 AND range>10 AND px>20pct_sma20,3
221,167,45,6.958333333333333,0.05195097614815886,0.02739823008849563,0.7305389221556886,0.30533333333333323,-0.008,ret_5d>10 AND vol_ratio_5>2 AND px>10pct_sma20,3
127,95,25,3.9583333333333335,0.07218105846634457,0.05082352941176472,0.8105263157894737,0.30533333333333323,-0.008,ret_5d>10 AND vol_ratio_5>2 AND px>20pct_sma20,3
454,347,85,14.458333333333334,0.05805697141918458,0.03401680672268915,0.7809798270893372,0.3365945945945945,-0.008,ret_5d>10 AND px>10pct_sma20 AND px>20pct_sma20,3
127,91,22,3.7916666666666665,0.07298284487188057,0.054801932367149815,0.8241758241758241,0.24122118380062307,-0.008,ret_3d>15 AND clv>0.7 AND clv>0.85,3
165,120,29,5.0,0.07320051578483804,0.04914285714285716,0.8416666666666667,0.2586666666666666,-0.008,ret_3d>15 AND clv>0.7 AND rk_ret>0.90,3
154,109,29,4.541666666666667,0.07832809836347483,0.054801932367149815,0.8440366972477065,0.2586666666666666,-0.008,ret_3d>15 AND clv>0.7 AND rk_ret>0.95,3
140,101,23,4.208333333333333,0.07557026365246225,0.05082352941176472,0.8415841584158416,0.24122118380062307,-0.008,ret_3d>15 AND clv>0.7 AND body>5,3
149,105,28,4.375,0.07856216706955176,0.05082352941176472,0.8380952380952381,0.2586666666666666,-0.008,ret_3d>15 AND clv>0.7 AND range>10,3
99,71,19,2.9583333333333335,0.0667129822362339,0.04158677685950419,0.8028169014084507,0.2586666666666666,-0.008,ret_3d>15 AND clv>0.7 AND vol_ratio_5>2,3
170,129,27,5.375,0.07155377154552625,0.04817977528089879,0.8372093023255814,0.2586666666666666,-0.008,ret_3d>15 AND clv>0.7 AND px>10pct_sma20,3
145,109,24,4.541666666666667,0.07906784381124993,0.054801932367149815,0.8623853211009175,0.2586666666666666,-0.008,ret_3d>15 AND clv>0.7 AND px>20pct_sma20,3
118,85,20,3.5416666666666665,0.0753284044664994,0.05866666666666665,0.8352941176470589,0.24122118380062307,-0.008,ret_3d>15 AND clv>0.85 AND rk_ret>0.90,3
109,76,20,3.1666666666666665,0.081340640578386,0.0612713526088401,0.8421052631578947,0.24122118380062307,-0.008,ret_3d>15 AND clv>0.85 AND rk_ret>0.95,3
101,72,16,3.0,0.08022851259897225,0.06040463458110513,0.8333333333333334,0.24122118380062307,-0.008,ret_3d>15 AND clv>0.85 AND body>5,3
101,69,20,2.875,0.0838449798914481,0.06200000000000006,0.8405797101449275,0.24122118380062307,-0.008,ret_3d>15 AND clv>0.85 AND range>10,3
74,55,13,2.2916666666666665,0.07098418150291895,0.05082352941176472,0.8,0.24122118380062307,-0.008,ret_3d>15 AND clv>0.85 AND vol_ratio_5>2,3
114,86,18,3.5833333333333335,0.07444134949498749,0.05281273088945727,0.8255813953488372,0.24122118380062307,-0.008,ret_3d>15 AND clv>0.85 AND px>10pct_sma20,3
102,76,17,3.1666666666666665,0.0822551596323319,0.06104853620955309,0.868421052631579,0.24122118380062307,-0.008,ret_3d>15 AND clv>0.85 AND px>20pct_sma20,3
230,166,46,6.916666666666667,0.06858755596466007,0.0461322314049586,0.8012048192771084,0.30533333333333323,-0.008,ret_3d>15 AND rk_ret>0.90 AND rk_ret>0.95,3
202,145,39,6.041666666666667,0.0705694635330606,0.04817977528089879,0.8275862068965517,0.30533333333333323,-0.008,ret_3d>15 AND rk_ret>0.90 AND body>5,3
226,164,44,6.833333333333333,0.06822106926844546,0.04557706138413976,0.8048780487804879,0.30533333333333323,-0.008,ret_3d>15 AND rk_ret>0.90 AND range>10,3
154,113,31,4.708333333333333,0.05889026781676877,0.03929729729729737,0.7876106194690266,0.30533333333333323,-0.008,ret_3d>15 AND rk_ret>0.90 AND vol_ratio_5>2,3
246,185,45,7.708333333333333,0.06544734314902666,0.04214749262536866,0.8054054054054054,0.30533333333333323,-0.008,ret_3d>15 AND rk_ret>0.90 AND px>10pct_sma20,3
196,144,38,6.0,0.07610549541730006,0.05082352941176472,0.8402777777777778,0.30533333333333323,-0.008,ret_3d>15 AND rk_ret>0.90 AND px>20pct_sma20,3
195,139,39,5.791666666666667,0.07215513219725932,0.048478405315614655,0.8273381294964028,0.30533333333333323,-0.008,ret_3d>15 AND rk_ret>0.95 AND body>5,3
210,151,43,6.291666666666667,0.07046560335727331,0.04817977528089879,0.8079470198675497,0.30533333333333323,-0.008,ret_3d>15 AND rk_ret>0.95 AND range>10,3
146,106,30,4.416666666666667,0.0587167756679917,0.03668438538205988,0.7735849056603774,0.30533333333333323,-0.008,ret_3d>15 AND rk_ret>0.95 AND vol_ratio_5>2,3
216,160,42,6.666666666666667,0.06912420713475798,0.0461322314049586,0.79375,0.30533333333333323,-0.008,ret_3d>15 AND rk_ret>0.95 AND px>10pct_sma20,3
178,130,35,5.416666666666667,0.0793543012967769,0.053400966183574934,0.8384615384615385,0.30533333333333323,-0.008,ret_3d>15 AND rk_ret>0.95 AND px>20pct_sma20,3
240,168,52,7.0,0.07369850094019906,0.04832909029825672,0.8214285714285714,0.33591534391534394,-0.008,ret_3d>15 AND body>5 AND range>10,3
144,108,26,4.5,0.06040014624951418,0.040115079365079416,0.7962962962962963,0.30533333333333323,-0.008,ret_3d>15 AND body>5 AND vol_ratio_5>2,3
244,178,51,7.416666666666667,0.07231788483095118,0.0461322314049586,0.8146067415730337,0.33591534391534394,-0.008,ret_3d>15 AND body>5 AND px>10pct_sma20,3
194,142,40,5.916666666666667,0.08027193460660541,0.05437410071942451,0.8591549295774648,0.33591534391534394,-0.008,ret_3d>15 AND body>5 AND px>20pct_sma20,3
160,118,31,4.916666666666667,0.05872616351328287,0.04000307219662059,0.788135593220339,0.30533333333333323,-0.008,ret_3d>15 AND range>10 AND vol_ratio_5>2,3
292,219,56,9.125,0.06847938900527546,0.04543511450381677,0.8036529680365296,0.33591534391534394,-0.008,ret_3d>15 AND range>10 AND px>10pct_sma20,3
232,173,46,7.208333333333333,0.0756036311124347,0.05082352941176472,0.838150289017341,0.33591534391534394,-0.008,ret_3d>15 AND range>10 AND px>20pct_sma20,3
162,124,29,5.166666666666667,0.05928712957812969,0.03984219703574544,0.7661290322580645,0.30533333333333323,-0.008,ret_3d>15 AND vol_ratio_5>2 AND px>10pct_sma20,3
120,90,23,3.75,0.07087634659837777,0.04881063122923591,0.8111111111111111,0.30533333333333323,-0.008,ret_3d>15 AND vol_ratio_5>2 AND px>20pct_sma20,3
270,204,51,8.5,0.07112940607318215,0.04717270536506991,0.8333333333333334,0.33591534391534394,-0.008,ret_3d>15 AND px>10pct_sma20 AND px>20pct_sma20,3
470,353,75,14.708333333333334,0.035562831270922225,0.008000000000000014,0.623229461756374,0.24442718446601952,-0.008,clv>0.7 AND clv>0.85 AND rk_ret>0.90,3
245,183,40,7.625,0.05091627117827155,0.020409090909090828,0.6994535519125683,0.24442718446601952,-0.008,clv>0.7 AND clv>0.85 AND rk_ret>0.95,3
261,192,47,8.0,0.05004654365906286,0.019809987631416177,0.703125,0.24122118380062307,-0.008,clv>0.7 AND clv>0.85 AND body>5,3
194,140,37,5.833333333333333,0.06578425306946091,0.04557706138413976,0.8071428571428572,0.24122118380062307,-0.008,clv>0.7 AND clv>0.85 AND range>10,3
185,135,33,5.625,0.044502408544726854,0.010099547511312153,0.6666666666666666,0.24442718446601952,-0.008,clv>0.7 AND clv>0.85 AND vol_ratio_5>2,3
276,217,43,9.041666666666666,0.04783807069411986,0.018627218934911267,0.7050691244239631,0.2947522935779816,-0.008,clv>0.7 AND clv>0.85 AND px>10pct_sma20,3
151,113,25,4.708333333333333,0.06524157241162211,0.04543511450381677,0.7699115044247787,0.24122118380062307,-0.008,clv>0.7 AND clv>0.85 AND px>20pct_sma20,3
376,286,60,11.916666666666666,0.046750220040535535,0.018357087728325235,0.7062937062937062,0.2586666666666666,-0.008,clv>0.7 AND rk_ret>0.90 AND rk_ret>0.95,3
383,288,64,12.0,0.04365362036876055,0.017128205128205128,0.7048611111111112,0.24122118380062307,-0.008,clv>0.7 AND rk_ret>0.90 AND body>5,3
281,204,50,8.5,0.059668862164405014,0.03929729729729737,0.7794117647058824,0.2586666666666666,-0.008,clv>0.7 AND rk_ret>0.90 AND range>10,3
215,164,40,6.833333333333333,0.04175030462193142,0.00974542592956907,0.6829268292682927,0.2586666666666666,-0.008,clv>0.7 AND rk_ret>0.90 AND vol_ratio_5>2,3
322,254,48,10.583333333333334,0.05063049376243563,0.022573298021498663,0.7362204724409449,0.2586666666666666,-0.008,clv>0.7 AND rk_ret>0.90 AND px>10pct_sma20,3
190,141,33,5.875,0.06766517137684222,0.045763440860215006,0.8014184397163121,0.2586666666666666,-0.008,clv>0.7 AND rk_ret>0.90 AND px>20pct_sma20,3
325,248,49,10.333333333333334,0.04674284149701453,0.01870646661031273,0.717741935483871,0.24122118380062307,-0.008,clv>0.7 AND rk_ret>0.95 AND body>5,3
256,185,47,7.708333333333333,0.06166282497083227,0.03929729729729737,0.772972972972973,0.2586666666666666,-0.008,clv>0.7 AND rk_ret>0.95 AND range>10,3
167,127,30,5.291666666666667,0.049776330748114474,0.022303030303030276,0.7165354330708661,0.2586666666666666,-0.008,clv>0.7 AND rk_ret>0.95 AND vol_ratio_5>2,3
245,190,38,7.916666666666667,0.059662369194687266,0.03443697478991604,0.7631578947368421,0.2586666666666666,-0.008,clv>0.7 AND rk_ret>0.95 AND px>10pct_sma20,3
173,126,31,5.25,0.07167921628479333,0.04862348213378987,0.7936507936507936,0.2586666666666666,-0.008,clv>0.7 AND rk_ret>0.95 AND px>20pct_sma20,3
256,182,48,7.583333333333333,0.060490907584668706,0.03929729729729737,0.7857142857142857,0.24122118380062307,-0.008,clv>0.7 AND body>5 AND range>10,3
170,127,31,5.291666666666667,0.04607697462512357,0.01764102564102555,0.7086614173228346,0.24122118380062307,-0.008,clv>0.7 AND body>5 AND vol_ratio_5>2,3
239,186,37,7.75,0.05669834385756921,0.030980836236933713,0.7634408602150538,0.24122118380062307,-0.008,clv>0.7 AND body>5 AND px>10pct_sma20,3
163,121,27,5.041666666666667,0.06855801127293296,0.04571900826446274,0.8016528925619835,0.24122118380062307,-0.008,clv>0.7 AND body>5 AND px>20pct_sma20,3
136,97,27,4.041666666666667,0.057182513718077636,0.03401680672268915,0.7628865979381443,0.2586666666666666,-0.008,clv>0.7 AND range>10 AND vol_ratio_5>2,3
215,162,37,6.75,0.0689178605149136,0.04528760556108714,0.7962962962962963,0.2586666666666666,-0.008,clv>0.7 AND range>10 AND px>10pct_sma20,3
160,116,29,4.833333333333333,0.0764439999939387,0.05082352941176472,0.8103448275862069,0.2586666666666666,-0.008,clv>0.7 AND range>10 AND px>20pct_sma20,3
119,91,21,3.7916666666666665,0.05894308678937434,0.03401680672268915,0.7252747252747253,0.2586666666666666,-0.008,clv>0.7 AND vol_ratio_5>2 AND px>10pct_sma20,3
83,64,13,2.6666666666666665,0.0736749882935395,0.04881063122923591,0.84375,0.2586666666666666,-0.008,clv>0.7 AND vol_ratio_5>2 AND px>20pct_sma20,3
226,173,35,7.208333333333333,0.06286194709677842,0.04214749262536866,0.7745664739884393,0.2586666666666666,-0.008,clv>0.7 AND px>10pct_sma20 AND px>20pct_sma20,3
245,183,40,7.625,0.05091627117827155,0.020409090909090828,0.6994535519125683,0.24442718446601952,-0.008,clv>0.85 AND rk_ret>0.90 AND rk_ret>0.95,3
248,182,45,7.583333333333333,0.048671790359565446,0.01870646661031273,0.6978021978021978,0.24122118380062307,-0.008,clv>0.85 AND rk_ret>0.90 AND body>5,3
168,119,33,4.958333333333333,0.0682609105995828,0.04543511450381677,0.7899159663865546,0.24122118380062307,-0.008,clv>0.85 AND rk_ret>0.90 AND range>10,3
138,105,25,4.375,0.05289982461941753,0.022612244897959106,0.7333333333333333,0.24442718446601952,-0.008,clv>0.85 AND rk_ret>0.90 AND vol_ratio_5>2,3
209,162,33,6.75,0.05453763316696631,0.027304748847064693,0.7530864197530864,0.24122118380062307,-0.008,clv>0.85 AND rk_ret>0.90 AND px>10pct_sma20,3
135,99,24,4.125,0.06954633664863095,0.04817977528089879,0.8080808080808081,0.24122118380062307,-0.008,clv>0.85 AND rk_ret>0.90 AND px>20pct_sma20,3
211,158,33,6.583333333333333,0.05161706039282738,0.01959740259740251,0.7151898734177216,0.24122118380062307,-0.008,clv>0.85 AND rk_ret>0.95 AND body>5,3
159,112,31,4.666666666666667,0.06997641230407474,0.04694939177268077,0.7857142857142857,0.24122118380062307,-0.008,clv>0.85 AND rk_ret>0.95 AND range>10,3
111,86,18,3.5833333333333335,0.05869297808397484,0.027304748847064693,0.7558139534883721,0.24442718446601952,-0.008,clv>0.85 AND rk_ret>0.95 AND vol_ratio_5>2,3
163,125,25,5.208333333333333,0.06313536104663973,0.03929729729729737,0.76,0.24122118380062307,-0.008,clv>0.85 AND rk_ret>0.95 AND px>10pct_sma20,3
122,87,23,3.625,0.07420946582171535,0.054801932367149815,0.8045977011494253,0.24122118380062307,-0.008,clv>0.85 AND rk_ret>0.95 AND px>20pct_sma20,3
160,113,31,4.708333333333333,0.07022309579701463,0.04817977528089879,0.7964601769911505,0.24122118380062307,-0.008,clv>0.85 AND body>5 AND range>10,3
112,85,19,3.5416666666666665,0.05678592386620742,0.022612244897959106,0.7529411764705882,0.24122118380062307,-0.008,clv>0.85 AND body>5 AND vol_ratio_5>2,3
160,123,25,5.125,0.0611245967030437,0.030327526132404088,0.7560975609756098,0.24122118380062307,-0.008,clv>0.85 AND body>5 AND px>10pct_sma20,3
117,85,21,3.5416666666666665,0.07313090880748874,0.04914285714285716,0.8117647058823529,0.24122118380062307,-0.008,clv>0.85 AND body>5 AND px>20pct_sma20,3
88,65,15,2.7083333333333335,0.06611312514782468,0.04543511450381677,0.7846153846153846,0.24122118380062307,-0.008,clv>0.85 AND range>10 AND vol_ratio_5>2,3
130,95,24,3.9583333333333335,0.07729023809772163,0.05674820143884896,0.8210526315789474,0.24122118380062307,-0.008,clv>0.85 AND range>10 AND px>10pct_sma20,3
106,74,22,3.0833333333333335,0.08246419826876056,0.06104853620955309,0.8378378378378378,0.24122118380062307,-0.008,clv>0.85 AND range>10 AND px>20pct_sma20,3
83,66,12,2.75,0.06570276932753308,0.04528760556108714,0.7575757575757576,0.24122118380062307,-0.008,clv>0.85 AND vol_ratio_5>2 AND px>10pct_sma20,3
64,51,9,2.125,0.07804780567177248,0.05866666666666665,0.8627450980392157,0.24122118380062307,-0.008,clv>0.85 AND vol_ratio_5>2 AND px>20pct_sma20,3
151,113,25,4.708333333333333,0.06524157241162211,0.04543511450381677,0.7699115044247787,0.24122118380062307,-0.008,clv>0.85 AND px>10pct_sma20 AND px>20pct_sma20,3
518,400,84,16.666666666666668,0.04482617498234928,0.017128205128205128,0.73,0.33682758620689657,-0.008,rk_ret>0.90 AND rk_ret>0.95 AND body>5,3
506,391,84,16.291666666666668,0.05249329299869296,0.024000000000000028,0.7570332480818415,0.33682758620689657,-0.008,rk_ret>0.90 AND rk_ret>0.95 AND range>10,3
335,265,58,11.041666666666666,0.04525799121877123,0.01764102564102555,0.7056603773584905,0.33682758620689657,-0.008,rk_ret>0.90 AND rk_ret>0.95 AND vol_ratio_5>2,3
406,318,68,13.25,0.0541764419090136,0.027304748847064693,0.7515723270440252,0.33682758620689657,-0.008,rk_ret>0.90 AND rk_ret>0.95 AND px>10pct_sma20,3
257,192,46,8.0,0.06627738458565535,0.04557706138413976,0.8020833333333334,0.30533333333333323,-0.008,rk_ret>0.90 AND rk_ret>0.95 AND px>20pct_sma20,3
477,362,80,15.083333333333334,0.048979437636069253,0.02245763760049469,0.7679558011049724,0.33682758620689657,-0.008,rk_ret>0.90 AND body>5 AND range>10,3
319,252,54,10.5,0.04138537830476501,0.016289169419537515,0.7142857142857143,0.33682758620689657,-0.008,rk_ret>0.90 AND body>5 AND vol_ratio_5>2,3
372,289,64,12.041666666666666,0.054764867609551654,0.0301526104417671,0.7716262975778547,0.33682758620689657,-0.008,rk_ret>0.90 AND body>5 AND px>10pct_sma20,3
231,173,41,7.208333333333333,0.06611771188086983,0.042359712230215736,0.815028901734104,0.30533333333333323,-0.008,rk_ret>0.90 AND body>5 AND px>20pct_sma20,3
375,301,62,12.541666666666666,0.0445185815752002,0.020089887640449396,0.7275747508305648,0.33682758620689657,-0.008,rk_ret>0.90 AND range>10 AND vol_ratio_5>2,3
401,316,66,13.166666666666666,0.058428575765205035,0.03461501210653762,0.7784810126582279,0.33682758620689657,-0.008,rk_ret>0.90 AND range>10 AND px>10pct_sma20,3
249,187,45,7.791666666666667,0.06903300577924297,0.04654545454545445,0.8235294117647058,0.3365945945945945,-0.008,rk_ret>0.90 AND range>10 AND px>20pct_sma20,3
235,184,43,7.666666666666667,0.05182886493346805,0.02886287811044986,0.7336956521739131,0.33682758620689657,-0.008,rk_ret>0.90 AND vol_ratio_5>2 AND px>10pct_sma20,3
127,97,23,4.041666666666667,0.0704817980936568,0.048478405315614655,0.8350515463917526,0.30533333333333323,-0.008,rk_ret>0.90 AND vol_ratio_5>2 AND px>20pct_sma20,3
306,232,53,9.666666666666666,0.06243701792845985,0.041867134742436425,0.8017241379310345,0.3365945945945945,-0.008,rk_ret>0.90 AND px>10pct_sma20 AND px>20pct_sma20,3
427,321,76,13.375,0.05165979299765074,0.02276923076923066,0.7632398753894081,0.33682758620689657,-0.008,rk_ret>0.95 AND body>5 AND range>10,3
278,219,48,9.125,0.04390243129112284,0.01786206896551735,0.7214611872146118,0.33682758620689657,-0.008,rk_ret>0.95 AND body>5 AND vol_ratio_5>2,3
343,265,60,11.041666666666666,0.05684757959387418,0.029313432835820892,0.7622641509433963,0.33682758620689657,-0.008,rk_ret>0.95 AND body>5 AND px>10pct_sma20,3
220,162,41,6.75,0.06835759971430125,0.044180520214871295,0.8148148148148148,0.30533333333333323,-0.008,rk_ret>0.95 AND body>5 AND px>20pct_sma20,3
282,220,51,9.166666666666666,0.05034182928870033,0.023169041450777257,0.7454545454545455,0.33682758620689657,-0.008,rk_ret>0.95 AND range>10 AND vol_ratio_5>2,3
344,265,62,11.041666666666666,0.06045713720859186,0.03485714285714293,0.7735849056603774,0.33682758620689657,-0.008,rk_ret>0.95 AND range>10 AND px>10pct_sma20,3
226,168,42,7.0,0.07084855019774906,0.04832909029825672,0.8214285714285714,0.30533333333333323,-0.008,rk_ret>0.95 AND range>10 AND px>20pct_sma20,3
212,163,41,6.791666666666667,0.052391029086410815,0.025707865168539408,0.7239263803680982,0.33682758620689657,-0.008,rk_ret>0.95 AND vol_ratio_5>2 AND px>10pct_sma20,3
121,92,22,3.8333333333333335,0.07035084849065758,0.04832909029825672,0.8369565217391305,0.30533333333333323,-0.008,rk_ret>0.95 AND vol_ratio_5>2 AND px>20pct_sma20,3
257,192,46,8.0,0.06627738458565535,0.04557706138413976,0.8020833333333334,0.30533333333333323,-0.008,rk_ret>0.95 AND px>10pct_sma20 AND px>20pct_sma20,3
394,289,81,12.041666666666666,0.042906436957086166,0.019272727272727337,0.7577854671280276,0.33682758620689657,-0.008,body>5 AND range>10 AND vol_ratio_5>2,3
450,329,98,13.708333333333334,0.059788947384617035,0.03401680672268915,0.7963525835866262,0.33682758620689657,-0.008,body>5 AND range>10 AND px>10pct_sma20,3
270,195,58,8.125,0.07076606533193451,0.04654545454545445,0.8307692307692308,0.33591534391534394,-0.008,body>5 AND range>10 AND px>20pct_sma20,3
218,169,42,7.041666666666667,0.05328820237484611,0.030327526132404088,0.757396449704142,0.33682758620689657,-0.008,body>5 AND vol_ratio_5>2 AND px>10pct_sma20,3
122,97,19,4.041666666666667,0.06516529337725831,0.04292592592592582,0.8247422680412371,0.30533333333333323,-0.008,body>5 AND vol_ratio_5>2 AND px>20pct_sma20,3
306,221,67,9.208333333333334,0.0663154308766501,0.04214749262536866,0.8144796380090498,0.33591534391534394,-0.008,body>5 AND px>10pct_sma20 AND px>20pct_sma20,3
246,192,46,8.0,0.052283769236445565,0.030644282546721476,0.7604166666666666,0.33682758620689657,-0.008,range>10 AND vol_ratio_5>2 AND px>10pct_sma20,3
133,104,23,4.333333333333333,0.0652011840098796,0.044180520214871295,0.8173076923076923,0.30533333333333323,-0.008,range>10 AND vol_ratio_5>2 AND px>20pct_sma20,3
371,278,74,11.583333333333334,0.0660525485996164,0.04246260928613877,0.8237410071942446,0.3365945945945945,-0.008,range>10 AND px>10pct_sma20 AND px>20pct_sma20,3
141,109,25,4.541666666666667,0.06688410468872506,0.04543511450381677,0.8165137614678899,0.30533333333333323,-0.008,vol_ratio_5>2 AND px>10pct_sma20 AND px>20pct_sma20,3
