rule,n_cond,n_disc,prec_disc,n_test_avg,prec_test_avg,prec_test_min,prec_per_month
ret_5d>10% AND gap_up>2% AND vol_high_close_high AND rsi_14>75,4,40,0.625,17,0.6430501930501931,0.4864864864864865,48.6/61.9/66.7/80.0
gap_up>3% AND ret_5d>10% AND vol_high_close_high AND rsi_14>75,4,33,0.6363636363636364,13,0.6291666666666667,0.5,50.0/60.0/66.7/75.0
gap_up>2% AND vol_high_close_high AND vol_ratio_20>2.0 AND rsi_14>75,4,34,0.5882352941176471,17,0.6257882882882884,0.4864864864864865,48.6/55.0/66.7/80.0
gap_up>2% AND vol_ratio_20>3.0 AND vol_high_close_high AND rsi_14>75,4,30,0.6333333333333333,14,0.6236163820366856,0.5294117647058824,54.8/52.9/66.7/75.0
gap_up>2% AND vol_high_close_high AND ret_5d>5% AND rsi_14>75,4,40,0.625,18,0.623355629877369,0.46153846153846156,46.2/56.5/66.7/80.0
ret_5d>10% AND gap_up>2% AND vol_ratio_20>3.0 AND vol_high_close_high,4,37,0.6216216216216216,29,0.6226305683563749,0.5476190476190477,54.8/61.3/68.0/65.0
ret_1d>5% AND gap_up>2% AND vol_high_close_high AND rsi_14>75,4,40,0.625,18,0.6205043859649122,0.47368421052631576,47.4/54.2/66.7/80.0
gap_up>2% AND vol_high_close_high AND rsi_14>75 AND px>5pct_above_sma20,4,40,0.625,18,0.6174679487179486,0.46153846153846156,46.2/54.2/66.7/80.0
gap_up>2% AND vol_high_close_high AND rsi_14>75 AND ret_1d>2%,4,40,0.625,18,0.6174679487179486,0.46153846153846156,46.2/54.2/66.7/80.0
gap_up>2% AND vol_high_close_high AND rsi_14>75,3,40,0.625,18,0.6174679487179486,0.46153846153846156,46.2/54.2/66.7/80.0
gap_up>3% AND gap_up>2% AND vol_high_close_high AND rsi_14>75,4,33,0.6363636363636364,14,0.6119791666666666,0.46875,46.9/56.2/66.7/75.0
gap_up>3% AND ret_1d>5% AND vol_high_close_high AND rsi_14>75,4,33,0.6363636363636364,14,0.6119791666666666,0.46875,46.9/56.2/66.7/75.0
gap_up>3% AND vol_high_close_high AND rsi_14>75 AND px>5pct_above_sma20,4,33,0.6363636363636364,14,0.6119791666666666,0.46875,46.9/56.2/66.7/75.0
gap_up>3% AND vol_high_close_high AND rsi_14>75,3,33,0.6363636363636364,14,0.6119791666666666,0.46875,46.9/56.2/66.7/75.0
gap_up>3% AND vol_high_close_high AND ret_5d>5% AND rsi_14>75,4,33,0.6363636363636364,14,0.6119791666666666,0.46875,46.9/56.2/66.7/75.0
gap_up>3% AND vol_high_close_high AND rsi_14>75 AND ret_1d>2%,4,33,0.6363636363636364,14,0.6119791666666666,0.46875,46.9/56.2/66.7/75.0
ret_5d>10% AND gap_up>2% AND vol_high_close_high AND vol_z_20>2,4,34,0.6176470588235294,28,0.6054014046941679,0.5135135135135135,51.4/53.1/64.0/73.7
gap_up>3% AND ret_1d>5% AND vol_ratio_20>3.0 AND vol_high_close_high,4,32,0.625,25,0.5994239431739431,0.5384615384615384,56.8/53.8/66.7/62.5
gap_up>3% AND vol_ratio_20>3.0 AND vol_high_close_high AND ret_1d>2%,4,32,0.625,26,0.5944381881881882,0.5185185185185185,56.8/51.9/66.7/62.5
gap_up>3% AND vol_high_close_high AND vol_z_20>2 AND vol_ratio_20>2.0,4,31,0.5806451612903226,25,0.5943915343915344,0.4857142857142857,48.6/51.9/64.0/73.3
gap_up>3% AND vol_ratio_20>3.0 AND vol_high_close_high,3,32,0.625,26,0.5941189033861447,0.5172413793103449,56.8/51.7/66.7/62.5
gap_up>3% AND vol_ratio_20>3.0 AND vol_high_close_high AND vol_ratio_20>2.0,4,32,0.625,26,0.5941189033861447,0.5172413793103449,56.8/51.7/66.7/62.5
gap_up>3% AND gap_up>2% AND vol_ratio_20>3.0 AND vol_high_close_high,4,32,0.625,26,0.5941189033861447,0.5172413793103449,56.8/51.7/66.7/62.5
ret_5d>10% AND gap_up>2% AND vol_high_close_high AND vol_ratio_20>2.0,4,45,0.5555555555555556,36,0.5922434292866083,0.5319148936170213,53.2/55.0/64.7/64.0
gap_up>3% AND vol_ratio_20>3.0 AND vol_high_close_high AND vol_z_20>2,4,30,0.6,23,0.5917832167832167,0.5,50.0/53.8/63.6/69.2
gap_up>3% AND ret_5d>10% AND vol_high_close_high AND vol_ratio_20>2.0,4,36,0.5833333333333334,29,0.5910714285714286,0.5357142857142857,55.0/53.6/67.9/60.0
gap_up>2% AND vol_ratio_20>3.0 AND vol_high_close_high AND px>5pct_above_sma20,4,37,0.6486486486486487,31,0.5908080808080808,0.5277777777777778,54.5/52.8/64.0/65.0
gap_up>2% AND vol_ratio_20>3.0 AND vol_high_close_high AND ret_5d>5%,4,38,0.6052631578947368,31,0.5891173641173642,0.5428571428571428,54.8/54.3/63.0/63.6
gap_up>3% AND ret_1d>5% AND vol_high_close_high AND vol_z_20>2,4,31,0.5806451612903226,25,0.5886080586080586,0.4857142857142857,48.6/52.0/61.5/73.3
gap_up>3% AND vol_high_close_high AND vol_z_20>2 AND ret_1d>2%,4,31,0.5806451612903226,25,0.5886080586080586,0.4857142857142857,48.6/52.0/61.5/73.3
gap_up>3% AND vol_high_close_high AND vol_z_20>2,3,31,0.5806451612903226,25,0.5882376882376882,0.4857142857142857,48.6/51.9/61.5/73.3
gap_up>3% AND gap_up>2% AND vol_high_close_high AND vol_z_20>2,4,31,0.5806451612903226,25,0.5882376882376882,0.4857142857142857,48.6/51.9/61.5/73.3
ret_1d>5% AND gap_up>2% AND vol_ratio_20>3.0 AND vol_high_close_high,4,41,0.5853658536585366,33,0.5845422497596411,0.5405405405405406,54.5/54.1/60.0/65.2
gap_up>3% AND ret_1d>5% AND vol_high_close_high AND vol_ratio_20>2.0,4,40,0.575,33,0.577849718111346,0.5151515151515151,53.5/51.5/63.6/62.5
gap_up>2% AND vol_high_close_high AND vol_z_20>2 AND px>5pct_above_sma20,4,34,0.6470588235294118,29,0.577221707692177,0.46511627906976744,46.5/48.6/65.2/70.6
gap_up>2% AND vol_high_close_high AND vol_z_20>2 AND ret_5d>5%,4,36,0.5833333333333334,30,0.5756410256410257,0.4857142857142857,48.7/48.6/61.5/71.4
gap_up>2% AND vol_ratio_20>3.0 AND vol_high_close_high AND vol_z_20>2,4,37,0.5945945945945946,30,0.5741758241758241,0.48717948717948717,48.7/54.3/60.0/66.7
gap_up>2% AND vol_ratio_20>3.0 AND vol_high_close_high AND ret_1d>2%,4,41,0.5853658536585366,34,0.5711622807017543,0.5263157894736842,53.3/52.6/60.0/62.5
gap_up>2% AND vol_ratio_20>3.0 AND vol_high_close_high AND vol_ratio_20>2.0,4,41,0.5853658536585366,34,0.5708333333333333,0.525,53.3/52.5/60.0/62.5
gap_up>2% AND vol_ratio_20>3.0 AND vol_high_close_high,3,41,0.5853658536585366,34,0.5708333333333333,0.525,53.3/52.5/60.0/62.5
gap_up>3% AND vol_ratio_5>3.0 AND ret_5d>5% AND rsi_14>75,4,30,0.4,12,0.570468509984639,0.25806451612903225,25.8/35.7/66.7/100.0
ret_1d>5% AND gap_up>2% AND vol_high_close_high AND vol_z_20>2,4,39,0.5641025641025641,32,0.5690391466253535,0.47619047619047616,47.6/48.6/58.6/72.7
gap_up>3% AND vol_ratio_5>3.0 AND vol_z_20>2 AND rsi_14>75,4,30,0.4,12,0.5684523809523809,0.25,25.0/35.7/66.7/100.0
gap_up>3% AND vol_ratio_5>3.0 AND vol_ratio_20>2.0 AND rsi_14>75,4,30,0.4,12,0.5684523809523809,0.25,25.0/35.7/66.7/100.0
gap_up>3% AND vol_ratio_5>3.0 AND rsi_14>75 AND px>5pct_above_sma20,4,30,0.4,12,0.5684523809523809,0.25,25.0/35.7/66.7/100.0
gap_up>3% AND vol_ratio_5>3.0 AND rsi_14>75 AND vol_ratio_5>2.0,4,30,0.4,12,0.5684523809523809,0.25,25.0/35.7/66.7/100.0
gap_up>3% AND vol_ratio_5>3.0 AND gap_up>2% AND rsi_14>75,4,30,0.4,12,0.5684523809523809,0.25,25.0/35.7/66.7/100.0
gap_up>3% AND vol_ratio_5>3.0 AND rsi_14>75,3,30,0.4,12,0.5684523809523809,0.25,25.0/35.7/66.7/100.0
gap_up>3% AND vol_ratio_5>3.0 AND vol_ratio_20>3.0 AND rsi_14>75,4,30,0.4,12,0.5684523809523809,0.25,25.0/35.7/66.7/100.0
gap_up>3% AND vol_high_close_high AND vol_ratio_20>2.0 AND ret_5d>5%,4,36,0.5833333333333334,31,0.5666948891625616,0.46875,52.4/46.9/65.5/61.9
ret_1d>5% AND gap_up>2% AND vol_high_close_high AND vol_ratio_20>2.0,4,51,0.5294117647058824,43,0.5612903225806452,0.47058823529411764,52.9/47.1/60.0/64.5
gap_up>3% AND gap_up>2% AND vol_high_close_high AND vol_ratio_20>2.0,4,40,0.575,34,0.5612328919550462,0.47368421052631576,53.5/47.4/63.6/60.0
gap_up>3% AND vol_high_close_high AND vol_ratio_20>2.0,3,40,0.575,34,0.5612328919550462,0.47368421052631576,53.5/47.4/63.6/60.0
gap_up>3% AND vol_high_close_high AND vol_ratio_20>2.0 AND ret_1d>2%,4,40,0.575,34,0.5608673948790228,0.4722222222222222,53.5/47.2/63.6/60.0
gap_up>3% AND vol_high_close_high AND vol_ratio_20>2.0 AND px>5pct_above_sma20,4,37,0.6216216216216216,31,0.5606817145462836,0.4411764705882353,53.5/44.1/66.7/60.0
gap_up>3% AND ret_5d>10% AND ret_1d>5% AND vol_high_close_high,4,44,0.6363636363636364,32,0.5585370511841099,0.5227272727272727,52.3/60.7/55.9/54.5
gap_up>2% AND vol_ratio_20>3.0 AND vol_high_close_high AND vol_ratio_5>2.0,4,34,0.6176470588235294,29,0.5584181584181585,0.4864864864864865,48.6/57.6/60.0/57.1
gap_up>2% AND vol_high_close_high AND vol_ratio_20>2.0 AND ret_5d>5%,4,47,0.5319148936170213,40,0.5556212734473605,0.4782608695652174,52.0/47.8/59.5/63.0
gap_up>2% AND vol_high_close_high AND vol_z_20>2 AND vol_ratio_20>2.0,4,39,0.5641025641025641,34,0.5508387445887445,0.45454545454545453,45.5/47.5/60.7/66.7
gap_up>3% AND ret_5d>10% AND vol_high_close_high AND ret_1d>2%,4,44,0.6363636363636364,32,0.5503990206322864,0.5111111111111111,51.1/58.6/55.9/54.5
ret_1d>5% AND vol_ratio_5>3.0 AND gap_up>2% AND rsi_14>75,4,32,0.375,14,0.5503472222222222,0.3125,31.2/38.9/50.0/100.0
gap_up>3% AND ret_5d>10% AND vol_high_close_high AND px>5pct_above_sma20,4,43,0.6511627906976745,31,0.5493295019157088,0.5,51.1/58.6/60.0/50.0
ret_5d>10% AND ret_1d>5% AND gap_up>2% AND vol_high_close_high,4,53,0.6037735849056604,41,0.5490628557489023,0.4727272727272727,47.3/55.8/55.0/61.5
vol_ratio_5>3.0 AND gap_up>2% AND ret_5d>5% AND rsi_14>75,4,35,0.4,14,0.5479876160990712,0.3235294117647059,32.4/36.8/50.0/100.0
vol_ratio_5>3.0 AND gap_up>2% AND rsi_14>75 AND ret_1d>2%,4,33,0.3939393939393939,14,0.547979797979798,0.30303030303030304,30.3/38.9/50.0/100.0
gap_up>2% AND vol_high_close_high AND vol_ratio_20>2.0 AND px>5pct_above_sma20,4,46,0.5869565217391305,40,0.5467167793360912,0.43137254901960786,50.9/43.1/60.6/64.0
ret_5d>10% AND vol_ratio_5>3.0 AND gap_up>2% AND rsi_14>75,4,32,0.40625,14,0.5465686274509804,0.3333333333333333,33.3/35.3/50.0/100.0
vol_ratio_5>3.0 AND gap_up>2% AND rsi_14>75 AND px>5pct_above_sma20,4,35,0.4,15,0.5456766917293233,0.3142857142857143,31.4/36.8/50.0/100.0
vol_ratio_5>3.0 AND gap_up>2% AND rsi_14>75 AND vol_ratio_5>2.0,4,35,0.4,15,0.5456766917293233,0.3142857142857143,31.4/36.8/50.0/100.0
vol_ratio_5>3.0 AND gap_up>2% AND vol_ratio_20>2.0 AND rsi_14>75,4,35,0.4,15,0.5456766917293233,0.3142857142857143,31.4/36.8/50.0/100.0
vol_ratio_5>3.0 AND gap_up>2% AND rsi_14>75,3,35,0.4,15,0.5456766917293233,0.3142857142857143,31.4/36.8/50.0/100.0
vol_ratio_5>3.0 AND gap_up>2% AND vol_ratio_20>3.0 AND rsi_14>75,4,35,0.4,15,0.5456766917293233,0.3142857142857143,31.4/36.8/50.0/100.0
vol_ratio_5>3.0 AND gap_up>2% AND vol_z_20>2 AND rsi_14>75,4,35,0.4,15,0.5456766917293233,0.3142857142857143,31.4/36.8/50.0/100.0
gap_up>3% AND ret_5d>10% AND gap_up>2% AND vol_high_close_high,4,44,0.6363636363636364,32,0.545513963161022,0.5111111111111111,51.1/56.7/55.9/54.5
gap_up>3% AND ret_5d>10% AND vol_high_close_high AND ret_5d>5%,4,44,0.6363636363636364,32,0.545513963161022,0.5111111111111111,51.1/56.7/55.9/54.5
gap_up>3% AND ret_5d>10% AND vol_high_close_high,3,44,0.6363636363636364,32,0.545513963161022,0.5111111111111111,51.1/56.7/55.9/54.5
gap_up>5% AND ret_5d>10% AND ret_1d>5% AND vol_ratio_20>3.0,4,43,0.3953488372093023,30,0.5434523809523809,0.42857142857142855,42.9/56.7/53.6/64.3
ret_5d>10% AND vol_ratio_5>3.0 AND vol_high_close_high AND rsi_14>75,4,43,0.5116279069767442,24,0.5430993541033434,0.46875,48.9/46.9/71.4/50.0
gap_up>2% AND vol_high_close_high AND vol_z_20>2,3,39,0.5641025641025641,34,0.5430795019157088,0.4444444444444444,44.4/47.5/58.6/66.7
gap_up>2% AND vol_high_close_high AND vol_z_20>2 AND ret_1d>2%,4,39,0.5641025641025641,34,0.5427505545472877,0.4444444444444444,44.4/47.4/58.6/66.7
gap_up>2% AND vol_high_close_high AND vol_z_20>2 AND vol_ratio_5>2.0,4,35,0.6,28,0.5417676822291677,0.43902439024390244,43.9/53.1/56.5/63.2
gap_up>5% AND gap_up>3% AND ret_1d>5% AND rsi_14>75,4,44,0.4318181818181818,18,0.5414634146341464,0.36585365853658536,36.6/55.0/50.0/75.0
gap_up>5% AND ret_1d>5% AND rsi_14>75 AND ret_1d>2%,4,44,0.4318181818181818,18,0.5414634146341464,0.36585365853658536,36.6/55.0/50.0/75.0
gap_up>5% AND ret_1d>5% AND ret_5d>5% AND rsi_14>75,4,43,0.4418604651162791,18,0.5414634146341464,0.36585365853658536,36.6/55.0/50.0/75.0
gap_up>5% AND ret_1d>5% AND gap_up>2% AND rsi_14>75,4,44,0.4318181818181818,18,0.5414634146341464,0.36585365853658536,36.6/55.0/50.0/75.0
gap_up>5% AND ret_1d>5% AND rsi_14>75 AND px>5pct_above_sma20,4,44,0.4318181818181818,18,0.5414634146341464,0.36585365853658536,36.6/55.0/50.0/75.0
gap_up>5% AND ret_1d>5% AND rsi_14>75,3,44,0.4318181818181818,18,0.5414634146341464,0.36585365853658536,36.6/55.0/50.0/75.0
ret_5d>10% AND gap_up>2% AND vol_high_close_high AND vol_ratio_5>2.0,4,36,0.6666666666666666,29,0.5401136363636364,0.475,47.5/54.5/64.0/50.0
gap_up>3% AND vol_high_close_high AND vol_ratio_20>2.0 AND vol_ratio_5>2.0,4,32,0.59375,26,0.5365823280310309,0.47058823529411764,47.1/48.3/66.7/52.6
ret_5d>10% AND gap_up>2% AND vol_high_close_high AND px>5pct_above_sma20,4,53,0.6037735849056604,40,0.5364271142973713,0.45614035087719296,45.6/55.8/57.1/56.0
ret_5d>10% AND gap_up>2% AND vol_high_close_high AND ret_1d>2%,4,54,0.5925925925925926,42,0.5360468722310827,0.45614035087719296,45.6/54.5/55.0/59.3
gap_up>3% AND ret_1d>5% AND vol_high_close_high AND px>5pct_above_sma20,4,46,0.6521739130434783,33,0.5348011363636364,0.5,50.0/53.1/56.2/54.5
gap_up>3% AND ret_5d>10% AND vol_high_close_high AND vol_ratio_5>2.0,4,32,0.65625,24,0.5343137254901961,0.47058823529411764,48.5/50.0/68.2/47.1
ret_5d>10% AND gap_up>2% AND vol_high_close_high AND ret_5d>5%,4,54,0.5925925925925926,42,0.5330165692007798,0.45614035087719296,45.6/53.3/55.0/59.3
ret_5d>10% AND gap_up>2% AND vol_high_close_high,3,54,0.5925925925925926,42,0.5330165692007798,0.45614035087719296,45.6/53.3/55.0/59.3
gap_up>5% AND ret_1d>5% AND vol_ratio_20>2.0 AND rsi_14>75,4,38,0.39473684210526316,16,0.5322159565580618,0.39473684210526316,39.5/55.6/42.9/75.0
gap_up>3% AND ret_1d>5% AND vol_high_close_high AND ret_5d>5%,4,46,0.6086956521739131,34,0.5319528541660826,0.48936170212765956,48.9/54.5/52.8/56.5
gap_up>3% AND vol_high_close_high AND px>5pct_above_sma20 AND vol_ratio_5>2.0,4,32,0.6875,25,0.5284798534798535,0.46153846153846156,48.6/46.2/66.7/50.0
gap_up>3% AND ret_1d>5% AND gap_up>2% AND vol_high_close_high,4,51,0.5882352941176471,39,0.527992277992278,0.5,50.0/54.1/50.0/57.1
gap_up>3% AND ret_1d>5% AND vol_high_close_high,3,51,0.5882352941176471,39,0.527992277992278,0.5,50.0/54.1/50.0/57.1
gap_up>3% AND ret_1d>5% AND vol_high_close_high AND ret_1d>2%,4,51,0.5882352941176471,39,0.527992277992278,0.5,50.0/54.1/50.0/57.1
gap_up>2% AND vol_high_close_high AND vol_ratio_20>2.0 AND ret_1d>2%,4,51,0.5294117647058824,46,0.5269289533995416,0.42857142857142855,49.1/42.9/60.0/58.8
gap_up>3% AND vol_high_close_high AND ret_5d>5% AND vol_ratio_5>2.0,4,32,0.65625,25,0.5260609074547693,0.47058823529411764,47.1/48.1/65.2/50.0
gap_up>2% AND vol_high_close_high AND vol_ratio_20>2.0,3,52,0.5384615384615384,47,0.5238861803609738,0.43103448275862066,49.1/43.1/58.5/58.8
gap_up>3% AND vol_high_close_high AND ret_5d>5% AND ret_1d>2%,4,46,0.6086956521739131,35,0.5229486722225122,0.46938775510204084,46.9/52.9/52.8/56.5
gap_up>5% AND ret_5d>10% AND ret_1d>5% AND rsi_14>75,4,43,0.4418604651162791,17,0.5229166666666667,0.375,37.5/55.0/50.0/66.7
gap_up>3% AND ret_1d>5% AND vol_high_close_high AND vol_ratio_5>2.0,4,35,0.6285714285714286,27,0.5209643804471391,0.4827586206896552,48.6/48.3/61.5/50.0
gap_up>3% AND vol_high_close_high AND px>5pct_above_sma20 AND ret_1d>2%,4,46,0.6521739130434783,34,0.5208661873840446,0.4857142857142857,49.0/48.6/56.2/54.5
gap_up>5% AND ret_5d>10% AND vol_ratio_20>3.0 AND ret_1d>2%,4,46,0.41304347826086957,32,0.5205299908424909,0.40384615384615385,40.4/56.7/46.9/64.3
gap_up>2% AND vol_high_close_high AND vol_ratio_20>2.0 AND vol_ratio_5>2.0,4,38,0.5789473684210527,33,0.5198809523809523,0.4523809523809524,45.2/50.0/60.7/52.0
gap_up>3% AND gap_up>2% AND vol_high_close_high AND ret_5d>5%,4,46,0.6086956521739131,35,0.5191671596174702,0.46938775510204084,46.9/51.4/52.8/56.5
gap_up>3% AND vol_high_close_high AND ret_5d>5%,3,46,0.6086956521739131,35,0.5191671596174702,0.46938775510204084,46.9/51.4/52.8/56.5
gap_up>3% AND vol_high_close_high AND px>5pct_above_sma20,3,46,0.6521739130434783,34,0.5174931715110287,0.4722222222222222,49.0/47.2/56.2/54.5
gap_up>3% AND gap_up>2% AND vol_high_close_high AND px>5pct_above_sma20,4,46,0.6521739130434783,34,0.5174931715110287,0.4722222222222222,49.0/47.2/56.2/54.5
gap_up>3% AND gap_up>2% AND vol_high_close_high AND vol_ratio_5>2.0,4,35,0.6285714285714286,28,0.5174622252747253,0.46875,48.6/46.9/61.5/50.0
gap_up>3% AND vol_high_close_high AND vol_ratio_5>2.0,3,35,0.6285714285714286,28,0.5174622252747253,0.46875,48.6/46.9/61.5/50.0
gap_up>2% AND vol_high_close_high AND ret_5d>5% AND vol_ratio_5>2.0,4,38,0.631578947368421,31,0.5173801850631119,0.4634146341463415,46.3/51.4/59.3/50.0
gap_up>3% AND vol_high_close_high AND vol_ratio_5>2.0 AND ret_1d>2%,4,35,0.6285714285714286,27,0.5169413919413919,0.4666666666666667,48.6/46.7/61.5/50.0
gap_up>2% AND vol_high_close_high AND px>5pct_above_sma20 AND vol_ratio_5>2.0,4,36,0.6944444444444444,31,0.5164682539682539,0.4444444444444444,44.4/51.4/58.3/52.4
ret_1d>5% AND gap_up>2% AND vol_high_close_high AND px>5pct_above_sma20,4,55,0.6181818181818182,44,0.5159753858445559,0.45161290322580644,45.2/47.1/52.6/61.5
gap_up>3% AND vol_high_close_high AND ret_5d>5% AND px>5pct_above_sma20,4,44,0.6363636363636364,33,0.5142045454545454,0.4791666666666667,47.9/51.5/56.2/50.0
ret_1d>5% AND gap_up>2% AND vol_high_close_high AND ret_5d>5%,4,57,0.5614035087719298,45,0.512023998992804,0.4576271186440678,45.8/47.2/51.2/60.7
gap_up>5% AND ret_1d>5% AND vol_ratio_20>3.0 AND rsi_14>75,4,33,0.42424242424242425,15,0.5091036414565826,0.4117647058823529,41.2/52.9/42.9/66.7
gap_up>5% AND ret_1d>5% AND vol_ratio_20>3.0 AND px>5pct_above_sma20,4,49,0.3673469387755102,33,0.5069211490264122,0.40350877192982454,40.4/48.6/53.8/60.0
gap_up>3% AND gap_up>2% AND vol_high_close_high,3,51,0.5882352941176471,42,0.5050240577385725,0.48,48.0/48.8/50.0/55.2
gap_up>3% AND vol_high_close_high,2,51,0.5882352941176471,42,0.5050240577385725,0.48,48.0/48.8/50.0/55.2
gap_up>3% AND gap_up>2% AND vol_high_close_high AND ret_1d>2%,4,51,0.5882352941176471,41,0.5048822539949538,0.48,48.0/48.8/50.0/55.2
gap_up>3% AND vol_high_close_high AND ret_1d>2%,3,51,0.5882352941176471,41,0.5048822539949538,0.48,48.0/48.8/50.0/55.2
gap_up>5% AND ret_5d>10% AND ret_1d>5% AND vol_z_20>2,4,40,0.375,28,0.504527417027417,0.38636363636363635,38.6/55.6/43.3/64.3
gap_up>5% AND vol_ratio_20>3.0 AND rsi_14>75 AND ret_1d>2%,4,38,0.4473684210526316,15,0.5033846872082166,0.3888888888888889,38.9/52.9/42.9/66.7
gap_up>5% AND ret_1d>5% AND vol_ratio_20>3.0 AND ret_5d>5%,4,48,0.3541666666666667,35,0.5009868421052631,0.4107142857142857,41.1/51.4/50.0/57.9
gap_up>2% AND vol_high_close_high AND ret_5d>5% AND px>5pct_above_sma20,4,54,0.5925925925925926,43,0.49988174389686846,0.4426229508196721,44.3/47.1/52.6/56.0
ret_1d>5% AND gap_up>2% AND vol_high_close_high AND vol_ratio_5>2.0,4,42,0.5952380952380952,35,0.49978075687753104,0.45454545454545453,45.5/47.6/54.8/52.0
gap_up>5% AND ret_5d>10% AND ret_1d>5% AND vol_ratio_20>2.0,4,48,0.375,36,0.4989379833129833,0.42592592592592593,42.6/56.2/43.6/57.1
gap_up>2% AND vol_high_close_high AND ret_5d>5% AND ret_1d>2%,4,58,0.5517241379310345,47,0.49696603226041625,0.43548387096774194,43.5/45.5/51.2/58.6
vol_ratio_5>3.0 AND vol_high_close_high AND ret_5d>5% AND rsi_14>75,4,44,0.5,26,0.495341410519982,0.43243243243243246,46.9/43.2/62.5/45.5
ret_1d>5% AND vol_ratio_5>3.0 AND vol_high_close_high AND rsi_14>75,4,44,0.5,26,0.495341410519982,0.43243243243243246,46.9/43.2/62.5/45.5
gap_up>2% AND vol_high_close_high AND px>5pct_above_sma20 AND ret_1d>2%,4,56,0.6071428571428571,46,0.494562260351734,0.42857142857142855,43.1/42.9/52.6/59.3
vol_ratio_5>3.0 AND vol_ratio_20>3.0 AND vol_high_close_high AND rsi_14>75,4,44,0.5,25,0.49291196741854637,0.42105263157894735,47.9/42.1/57.1/50.0
gap_up>2% AND vol_high_close_high AND px>5pct_above_sma20,3,56,0.6071428571428571,46,0.49268256110361375,0.42105263157894735,43.1/42.1/52.6/59.3
vol_ratio_5>3.0 AND vol_high_close_high AND rsi_14>75,3,44,0.5,26,0.4924964603066107,0.42105263157894735,46.9/42.1/62.5/45.5
vol_ratio_5>3.0 AND vol_high_close_high AND rsi_14>75 AND vol_ratio_5>2.0,4,44,0.5,26,0.4924964603066107,0.42105263157894735,46.9/42.1/62.5/45.5
vol_ratio_5>3.0 AND vol_high_close_high AND rsi_14>75 AND ret_1d>2%,4,44,0.5,26,0.4924964603066107,0.42105263157894735,46.9/42.1/62.5/45.5
vol_ratio_5>3.0 AND vol_high_close_high AND rsi_14>75 AND px>5pct_above_sma20,4,44,0.5,26,0.4924964603066107,0.42105263157894735,46.9/42.1/62.5/45.5
gap_up>2% AND vol_high_close_high AND ret_5d>5%,3,58,0.5517241379310345,47,0.49202983473700934,0.43548387096774194,43.5/44.6/50.0/58.6
ret_1d>5% AND gap_up>2% AND vol_high_close_high,3,63,0.5396825396825397,53,0.48963039208279824,0.4426229508196721,45.2/44.3/46.4/60.0
ret_1d>5% AND gap_up>2% AND vol_high_close_high AND ret_1d>2%,4,63,0.5396825396825397,53,0.48963039208279824,0.4426229508196721,45.2/44.3/46.4/60.0
vol_ratio_5>3.0 AND vol_high_close_high AND vol_z_20>2 AND rsi_14>75,4,44,0.5,25,0.48877371159979854,0.40540540540540543,47.8/40.5/57.1/50.0
gap_up>2% AND vol_high_close_high AND vol_ratio_5>2.0,3,42,0.5952380952380952,37,0.4851464195836193,0.425531914893617,42.6/46.7/54.8/50.0
gap_up>2% AND vol_high_close_high AND vol_ratio_5>2.0 AND ret_1d>2%,4,42,0.5952380952380952,36,0.4847588226843945,0.425531914893617,42.6/46.5/54.8/50.0
gap_up>5% AND gap_up>2% AND vol_ratio_20>3.0 AND rsi_14>75,4,51,0.39215686274509803,18,0.4833817829457364,0.375,44.2/45.0/37.5/66.7
gap_up>5% AND gap_up>3% AND vol_ratio_20>3.0 AND rsi_14>75,4,51,0.39215686274509803,18,0.4833817829457364,0.375,44.2/45.0/37.5/66.7
gap_up>5% AND vol_ratio_20>3.0 AND rsi_14>75 AND px>5pct_above_sma20,4,51,0.39215686274509803,18,0.4833817829457364,0.375,44.2/45.0/37.5/66.7
gap_up>5% AND vol_ratio_20>3.0 AND ret_5d>5% AND rsi_14>75,4,51,0.39215686274509803,18,0.4833817829457364,0.375,44.2/45.0/37.5/66.7
gap_up>5% AND vol_ratio_20>3.0 AND vol_ratio_20>2.0 AND rsi_14>75,4,51,0.39215686274509803,18,0.4833817829457364,0.375,44.2/45.0/37.5/66.7
gap_up>5% AND vol_ratio_20>3.0 AND rsi_14>75,3,51,0.39215686274509803,18,0.4833817829457364,0.375,44.2/45.0/37.5/66.7
gap_up>5% AND ret_5d>10% AND ret_1d>5% AND px>5pct_above_sma20,4,55,0.41818181818181815,39,0.48064713064713066,0.4,40.0/55.6/53.8/42.9
gap_up>5% AND gap_up>3% AND ret_5d>10% AND rsi_14>75,4,63,0.4126984126984127,23,0.4804238032498902,0.3888888888888889,38.9/47.8/45.5/60.0
gap_up>5% AND ret_5d>10% AND rsi_14>75,3,63,0.4126984126984127,23,0.4804238032498902,0.3888888888888889,38.9/47.8/45.5/60.0
gap_up>5% AND ret_5d>10% AND ret_5d>5% AND rsi_14>75,4,63,0.4126984126984127,23,0.4804238032498902,0.3888888888888889,38.9/47.8/45.5/60.0
gap_up>5% AND ret_5d>10% AND rsi_14>75 AND px>5pct_above_sma20,4,63,0.4126984126984127,23,0.4804238032498902,0.3888888888888889,38.9/47.8/45.5/60.0
gap_up>5% AND ret_5d>10% AND gap_up>2% AND rsi_14>75,4,63,0.4126984126984127,23,0.4804238032498902,0.3888888888888889,38.9/47.8/45.5/60.0
gap_up>5% AND vol_ratio_20>2.0 AND rsi_14>75 AND ret_1d>2%,4,43,0.4186046511627907,18,0.48018521914542456,0.36585365853658536,36.6/52.6/42.9/60.0
ret_5d>10% AND vol_ratio_5>3.0 AND vol_ratio_20>3.0 AND vol_high_close_high,4,69,0.5072463768115942,56,0.47996262963368225,0.4305555555555556,47.4/43.1/56.8/44.7
vol_ratio_5>3.0 AND vol_high_close_high AND vol_ratio_20>2.0 AND rsi_14>75,4,44,0.5,26,0.47910360316375356,0.42105263157894735,46.9/42.1/57.1/45.5
ret_1d>5% AND gap_up>2% AND vol_ratio_20>2.0 AND rsi_14>75,4,65,0.38461538461538464,33,0.47777777777777775,0.3611111111111111,36.1/45.0/50.0/60.0
gap_up>5% AND gap_up>3% AND rsi_14>75 AND ret_1d>2%,4,51,0.45098039215686275,19,0.4772907647907648,0.3409090909090909,34.1/52.4/44.4/60.0
gap_up>5% AND ret_5d>5% AND rsi_14>75 AND ret_1d>2%,4,50,0.46,19,0.4772907647907648,0.3409090909090909,34.1/52.4/44.4/60.0
gap_up>5% AND rsi_14>75 AND px>5pct_above_sma20 AND ret_1d>2%,4,51,0.45098039215686275,19,0.4772907647907648,0.3409090909090909,34.1/52.4/44.4/60.0
gap_up>5% AND rsi_14>75 AND ret_1d>2%,3,51,0.45098039215686275,19,0.4772907647907648,0.3409090909090909,34.1/52.4/44.4/60.0
gap_up>5% AND gap_up>2% AND rsi_14>75 AND ret_1d>2%,4,51,0.45098039215686275,19,0.4772907647907648,0.3409090909090909,34.1/52.4/44.4/60.0
ret_5d>10% AND vol_ratio_5>3.0 AND vol_high_close_high AND vol_z_20>2,4,69,0.5072463768115942,54,0.47715846651605165,0.4166666666666667,47.4/41.7/55.9/45.9
gap_up>5% AND gap_up>3% AND vol_ratio_20>2.0 AND rsi_14>75,4,56,0.375,21,0.47694962042788125,0.42857142857142855,42.9/43.5/44.4/60.0
gap_up>5% AND vol_ratio_20>2.0 AND rsi_14>75,3,56,0.375,21,0.47694962042788125,0.42857142857142855,42.9/43.5/44.4/60.0
gap_up>5% AND gap_up>2% AND vol_ratio_20>2.0 AND rsi_14>75,4,56,0.375,21,0.47694962042788125,0.42857142857142855,42.9/43.5/44.4/60.0
gap_up>5% AND vol_ratio_20>2.0 AND ret_5d>5% AND rsi_14>75,4,55,0.38181818181818183,21,0.47694962042788125,0.42857142857142855,42.9/43.5/44.4/60.0
gap_up>5% AND vol_ratio_20>2.0 AND rsi_14>75 AND px>5pct_above_sma20,4,56,0.375,21,0.47694962042788125,0.42857142857142855,42.9/43.5/44.4/60.0
gap_up>3% AND ret_1d>5% AND vol_ratio_20>2.0 AND rsi_14>75,4,51,0.39215686274509803,26,0.47685185185185186,0.3333333333333333,33.3/51.9/55.6/50.0
gap_up>5% AND gap_up>2% AND rsi_14>75,3,70,0.38571428571428573,25,0.4759147869674185,0.3684210526315789,36.8/44.0/42.9/66.7
gap_up>5% AND rsi_14>75,2,70,0.38571428571428573,25,0.4759147869674185,0.3684210526315789,36.8/44.0/42.9/66.7
gap_up>5% AND rsi_14>75 AND px>5pct_above_sma20,3,70,0.38571428571428573,25,0.4759147869674185,0.3684210526315789,36.8/44.0/42.9/66.7
gap_up>5% AND gap_up>3% AND gap_up>2% AND rsi_14>75,4,70,0.38571428571428573,25,0.4759147869674185,0.3684210526315789,36.8/44.0/42.9/66.7
gap_up>5% AND gap_up>3% AND rsi_14>75 AND px>5pct_above_sma20,4,70,0.38571428571428573,25,0.4759147869674185,0.3684210526315789,36.8/44.0/42.9/66.7
gap_up>5% AND gap_up>2% AND rsi_14>75 AND px>5pct_above_sma20,4,70,0.38571428571428573,25,0.4759147869674185,0.3684210526315789,36.8/44.0/42.9/66.7
gap_up>5% AND gap_up>3% AND rsi_14>75,3,70,0.38571428571428573,25,0.4759147869674185,0.3684210526315789,36.8/44.0/42.9/66.7
gap_up>5% AND ret_5d>10% AND vol_z_20>2 AND ret_1d>2%,4,43,0.3953488372093023,30,0.47490265609790017,0.3617021276595745,36.2/55.6/38.2/60.0
gap_up>5% AND ret_5d>10% AND rsi_14>75 AND ret_1d>2%,4,48,0.4583333333333333,18,0.4747093023255814,0.3488372093023256,34.9/55.0/50.0/50.0
gap_up>5% AND gap_up>2% AND ret_5d>5% AND rsi_14>75,4,66,0.4090909090909091,24,0.47458333333333336,0.375,37.5/44.0/41.7/66.7
gap_up>5% AND gap_up>3% AND ret_5d>5% AND rsi_14>75,4,66,0.4090909090909091,24,0.47458333333333336,0.375,37.5/44.0/41.7/66.7
gap_up>5% AND ret_5d>5% AND rsi_14>75,3,66,0.4090909090909091,24,0.47458333333333336,0.375,37.5/44.0/41.7/66.7
gap_up>5% AND ret_5d>5% AND rsi_14>75 AND px>5pct_above_sma20,4,66,0.4090909090909091,24,0.47458333333333336,0.375,37.5/44.0/41.7/66.7
gap_up>5% AND ret_5d>10% AND ret_1d>5% AND vol_ratio_5>2.0,4,40,0.375,28,0.4727651275563989,0.37777777777777777,37.8/50.0/48.4/52.9
gap_up>3% AND ret_1d>5% AND vol_ratio_20>3.0 AND rsi_14>75,4,44,0.4090909090909091,22,0.4722222222222222,0.3333333333333333,33.3/50.0/55.6/50.0
ret_1d>5% AND gap_up>2% AND vol_ratio_20>3.0 AND rsi_14>75,4,57,0.40350877192982454,28,0.47218859295130483,0.3728813559322034,37.3/44.4/50.0/57.1
gap_up>5% AND ret_1d>5% AND vol_ratio_20>3.0 AND vol_ratio_20>2.0,4,54,0.35185185185185186,39,0.4717120058391857,0.41379310344827586,41.4/52.6/42.5/52.2
gap_up>5% AND ret_1d>5% AND gap_up>2% AND vol_ratio_20>3.0,4,54,0.35185185185185186,39,0.4717120058391857,0.41379310344827586,41.4/52.6/42.5/52.2
gap_up>5% AND ret_1d>5% AND vol_ratio_20>3.0 AND ret_1d>2%,4,54,0.35185185185185186,39,0.4717120058391857,0.41379310344827586,41.4/52.6/42.5/52.2
gap_up>5% AND ret_1d>5% AND vol_ratio_20>3.0,3,54,0.35185185185185186,39,0.4717120058391857,0.41379310344827586,41.4/52.6/42.5/52.2
gap_up>5% AND gap_up>3% AND ret_1d>5% AND vol_ratio_20>3.0,4,54,0.35185185185185186,39,0.4717120058391857,0.41379310344827586,41.4/52.6/42.5/52.2
gap_up>5% AND ret_1d>5% AND vol_ratio_20>2.0 AND px>5pct_above_sma20,4,55,0.34545454545454546,38,0.4692275042444822,0.4032258064516129,40.3/47.4/50.0/50.0
ret_5d>10% AND ret_1d>5% AND vol_ratio_5>3.0 AND vol_high_close_high,4,71,0.5211267605633803,61,0.46703311179937196,0.425,46.3/43.2/54.8/42.5
gap_up>5% AND ret_5d>10% AND ret_1d>5%,3,56,0.4107142857142857,45,0.4660673385249656,0.4,40.0/54.1/42.4/50.0
gap_up>5% AND gap_up>3% AND ret_5d>10% AND ret_1d>5%,4,56,0.4107142857142857,45,0.4660673385249656,0.4,40.0/54.1/42.4/50.0
gap_up>5% AND ret_5d>10% AND ret_1d>5% AND gap_up>2%,4,56,0.4107142857142857,45,0.4660673385249656,0.4,40.0/54.1/42.4/50.0
gap_up>5% AND ret_5d>10% AND ret_1d>5% AND ret_5d>5%,4,56,0.4107142857142857,45,0.4660673385249656,0.4,40.0/54.1/42.4/50.0
gap_up>5% AND ret_5d>10% AND ret_1d>5% AND ret_1d>2%,4,56,0.4107142857142857,45,0.4660673385249656,0.4,40.0/54.1/42.4/50.0
gap_up>5% AND ret_5d>10% AND vol_ratio_20>2.0 AND rsi_14>75,4,52,0.38461538461538464,20,0.4645337301587301,0.4375,43.8/47.6/44.4/50.0
gap_up>5% AND ret_5d>10% AND vol_ratio_20>2.0 AND ret_1d>2%,4,53,0.41509433962264153,39,0.46252725909772385,0.38636363636363635,39.7/54.5/38.6/52.2
gap_up>5% AND ret_1d>5% AND vol_z_20>2 AND px>5pct_above_sma20,4,44,0.36363636363636365,30,0.46231389578163773,0.36538461538461536,36.5/48.4/46.2/53.8
ret_5d>10% AND vol_ratio_5>3.0 AND vol_high_close_high AND ret_1d>2%,4,73,0.5068493150684932,61,0.4608101680764282,0.425,46.3/43.2/52.3/42.5
ret_5d>10% AND vol_ratio_5>3.0 AND vol_high_close_high,3,73,0.5068493150684932,61,0.4608101680764282,0.425,46.3/43.2/52.3/42.5
ret_5d>10% AND vol_ratio_5>3.0 AND vol_high_close_high AND vol_ratio_5>2.0,4,73,0.5068493150684932,61,0.4608101680764282,0.425,46.3/43.2/52.3/42.5
ret_5d>10% AND vol_ratio_5>3.0 AND vol_high_close_high AND ret_5d>5%,4,73,0.5068493150684932,61,0.4608101680764282,0.425,46.3/43.2/52.3/42.5
gap_up>5% AND vol_ratio_20>3.0 AND ret_5d>5% AND ret_1d>2%,4,56,0.35714285714285715,38,0.46029411764705885,0.4,40.0/50.0/44.1/50.0
gap_up>5% AND ret_1d>5% AND vol_ratio_20>2.0 AND ret_5d>5%,4,53,0.33962264150943394,42,0.46005974899417523,0.40476190476190477,41.0/48.7/40.5/53.8
ret_5d>10% AND vol_ratio_5>3.0 AND vol_high_close_high AND vol_ratio_20>2.0,4,71,0.49295774647887325,61,0.4593856352807714,0.425,46.3/43.8/51.2/42.5
gap_up>2% AND vol_ratio_20>3.0 AND ret_5d>5% AND rsi_14>75,4,84,0.39285714285714285,34,0.45907335907335906,0.36486486486486486,36.5/40.0/50.0/57.1
gap_up>5% AND ret_1d>5% AND vol_z_20>2 AND ret_5d>5%,4,43,0.3488372093023256,33,0.4585886437908497,0.37254901960784315,37.3/50.0/40.6/55.6
gap_up>3% AND vol_ratio_20>3.0 AND rsi_14>75 AND ret_1d>2%,4,53,0.4339622641509434,23,0.4583916900093371,0.3137254901960784,31.4/46.4/55.6/50.0
gap_up>5% AND ret_1d>5% AND ret_5d>5% AND px>5pct_above_sma20,4,61,0.3770491803278688,43,0.4581645344705046,0.373134328358209,37.3/47.6/52.5/45.8
gap_up>5% AND ret_5d>10% AND vol_ratio_5>3.0 AND vol_ratio_20>3.0,4,33,0.36363636363636365,21,0.4580592105263158,0.39473684210526316,39.5/43.8/50.0/50.0
gap_up>5% AND ret_5d>10% AND vol_ratio_5>3.0 AND vol_z_20>2,4,33,0.36363636363636365,20,0.4580592105263158,0.39473684210526316,39.5/43.8/50.0/50.0
gap_up>2% AND vol_ratio_20>3.0 AND rsi_14>75 AND px>5pct_above_sma20,4,85,0.4,34,0.45785714285714285,0.36,36.0/40.0/50.0/57.1
gap_up>2% AND vol_ratio_20>3.0 AND rsi_14>75 AND ret_1d>2%,4,67,0.417910447761194,30,0.4574531794425087,0.34375,34.4/41.5/50.0/57.1
ret_5d>10% AND vol_ratio_5>3.0 AND vol_high_close_high AND px>5pct_above_sma20,4,71,0.5070422535211268,58,0.4571420092253426,0.425,46.9/44.9/48.6/42.5
gap_up>2% AND vol_ratio_20>3.0 AND rsi_14>75,3,85,0.4,35,0.4556832298136646,0.36,36.0/39.1/50.0/57.1
gap_up>2% AND vol_ratio_20>3.0 AND vol_ratio_20>2.0 AND rsi_14>75,4,85,0.4,35,0.4556832298136646,0.36,36.0/39.1/50.0/57.1
gap_up>5% AND ret_5d>10% AND ret_1d>5% AND vol_ratio_5>3.0,4,30,0.4,19,0.45494496044031646,0.38235294117647056,38.2/46.7/52.6/44.4
gap_up>5% AND ret_5d>10% AND vol_ratio_5>2.0 AND ret_1d>2%,4,43,0.3953488372093023,30,0.4526378081297274,0.3617021276595745,36.2/47.8/44.1/52.9
ret_1d>5% AND gap_up>2% AND vol_z_20>2 AND rsi_14>75,4,53,0.37735849056603776,25,0.45213133640552994,0.32142857142857145,32.1/38.7/50.0/60.0
gap_up>2% AND vol_high_close_high AND ret_1d>2%,3,64,0.53125,58,0.45205541026479246,0.391304347826087,40.0/39.1/46.4/55.3
gap_up>5% AND vol_ratio_20>3.0 AND px>5pct_above_sma20 AND ret_1d>2%,4,55,0.38181818181818183,36,0.45150393059150606,0.39344262295081966,39.3/47.2/46.7/47.4
ret_5d>10% AND vol_ratio_5>3.0 AND vol_ratio_20>3.0 AND rsi_14>75,4,78,0.32051282051282054,38,0.45093602849626946,0.3373493975903614,33.7/36.5/55.6/54.5
ret_5d>10% AND ret_1d>5% AND vol_ratio_5>3.0 AND rsi_14>75,4,77,0.3116883116883117,38,0.45041573591461903,0.3291139240506329,32.9/37.3/60.0/50.0
gap_up>5% AND ret_1d>5% AND px>5pct_above_sma20 AND vol_ratio_5>2.0,4,48,0.3333333333333333,31,0.4500215019082944,0.3584905660377358,35.8/42.3/51.9/50.0
gap_up>3% AND vol_ratio_20>3.0 AND ret_5d>5% AND rsi_14>75,4,67,0.3880597014925373,26,0.44989224137931033,0.3620689655172414,36.2/43.8/50.0/50.0
ret_5d>10% AND vol_ratio_5>3.0 AND rsi_14>75 AND px>5pct_above_sma20,4,78,0.32051282051282054,39,0.44967948717948714,0.3333333333333333,33.3/36.5/60.0/50.0
ret_5d>10% AND vol_ratio_5>3.0 AND rsi_14>75,3,78,0.32051282051282054,39,0.44967948717948714,0.3333333333333333,33.3/36.5/60.0/50.0
ret_5d>10% AND vol_ratio_5>3.0 AND ret_5d>5% AND rsi_14>75,4,78,0.32051282051282054,39,0.44967948717948714,0.3333333333333333,33.3/36.5/60.0/50.0
ret_5d>10% AND vol_ratio_5>3.0 AND rsi_14>75 AND vol_ratio_5>2.0,4,78,0.32051282051282054,39,0.44967948717948714,0.3333333333333333,33.3/36.5/60.0/50.0
gap_up>5% AND gap_up>3% AND ret_1d>5% AND px>5pct_above_sma20,4,66,0.36363636363636365,45,0.4489183457051962,0.37681159420289856,37.7/46.7/51.2/44.0
gap_up>5% AND ret_1d>5% AND px>5pct_above_sma20 AND ret_1d>2%,4,66,0.36363636363636365,45,0.4489183457051962,0.37681159420289856,37.7/46.7/51.2/44.0
gap_up>5% AND ret_1d>5% AND gap_up>2% AND px>5pct_above_sma20,4,66,0.36363636363636365,45,0.4489183457051962,0.37681159420289856,37.7/46.7/51.2/44.0
gap_up>5% AND ret_1d>5% AND px>5pct_above_sma20,3,66,0.36363636363636365,45,0.4489183457051962,0.37681159420289856,37.7/46.7/51.2/44.0
gap_up>2% AND vol_high_close_high,2,65,0.5384615384615384,59,0.4488184095498582,0.39436619718309857,40.0/39.4/44.8/55.3
ret_5d>10% AND vol_ratio_5>3.0 AND rsi_14>75 AND ret_1d>2%,4,77,0.3116883116883117,38,0.4483841684822077,0.32098765432098764,32.1/37.3/60.0/50.0
gap_up>3% AND vol_ratio_20>3.0 AND rsi_14>75,3,68,0.39705882352941174,26,0.4483580508474576,0.3559322033898305,35.6/43.8/50.0/50.0
gap_up>3% AND vol_ratio_20>3.0 AND vol_ratio_20>2.0 AND rsi_14>75,4,68,0.39705882352941174,26,0.4483580508474576,0.3559322033898305,35.6/43.8/50.0/50.0
gap_up>3% AND vol_ratio_20>3.0 AND rsi_14>75 AND px>5pct_above_sma20,4,68,0.39705882352941174,26,0.4483580508474576,0.3559322033898305,35.6/43.8/50.0/50.0
gap_up>3% AND gap_up>2% AND vol_ratio_20>3.0 AND rsi_14>75,4,68,0.39705882352941174,26,0.4483580508474576,0.3559322033898305,35.6/43.8/50.0/50.0
ret_5d>10% AND vol_ratio_5>3.0 AND vol_z_20>2 AND rsi_14>75,4,78,0.32051282051282054,38,0.44682115270350564,0.3333333333333333,33.3/35.3/55.6/54.5
gap_up>5% AND ret_1d>5% AND vol_ratio_20>3.0 AND vol_z_20>2,4,48,0.3541666666666667,35,0.4464932126696832,0.36538461538461536,36.5/52.9/44.1/45.0
gap_up>5% AND ret_5d>10% AND vol_ratio_20>3.0 AND px>5pct_above_sma20,4,66,0.3484848484848485,40,0.4456441491325212,0.42857142857142855,46.0/46.5/42.9/42.9
gap_up>5% AND ret_5d>10% AND vol_ratio_5>3.0 AND ret_1d>2%,4,30,0.4,19,0.44563492063492066,0.37142857142857144,37.1/46.7/50.0/44.4
gap_up>5% AND ret_1d>5% AND ret_5d>5% AND vol_ratio_5>2.0,4,44,0.3409090909090909,34,0.44499522216913523,0.36538461538461536,36.5/46.4/42.9/52.2
gap_up>3% AND ret_1d>5% AND ret_5d>5% AND rsi_14>75,4,62,0.46774193548387094,30,0.4446672608437314,0.3181818181818182,31.8/47.1/54.5/44.4
gap_up>5% AND ret_5d>10% AND vol_ratio_20>3.0 AND rsi_14>75,4,48,0.3958333333333333,18,0.44434523809523807,0.375,45.2/45.0/37.5/50.0
gap_up>5% AND ret_1d>5% AND vol_ratio_20>2.0,3,61,0.32786885245901637,47,0.4440836940836941,0.36363636363636365,41.3/50.0/36.4/50.0
gap_up>5% AND ret_1d>5% AND vol_ratio_20>2.0 AND ret_1d>2%,4,61,0.32786885245901637,47,0.4440836940836941,0.36363636363636365,41.3/50.0/36.4/50.0
gap_up>5% AND gap_up>3% AND ret_1d>5% AND vol_ratio_20>2.0,4,61,0.32786885245901637,47,0.4440836940836941,0.36363636363636365,41.3/50.0/36.4/50.0
gap_up>5% AND ret_1d>5% AND gap_up>2% AND vol_ratio_20>2.0,4,61,0.32786885245901637,47,0.4440836940836941,0.36363636363636365,41.3/50.0/36.4/50.0
ret_5d>10% AND gap_up>2% AND vol_ratio_20>3.0 AND rsi_14>75,4,75,0.4,33,0.44365622961513373,0.3698630136986301,37.0/40.5/50.0/50.0
gap_up>5% AND ret_5d>10% AND vol_ratio_20>3.0,3,68,0.3382352941176471,42,0.44354256854256857,0.40476190476190477,46.0/45.5/40.5/45.5
gap_up>5% AND ret_5d>10% AND vol_ratio_20>3.0 AND vol_ratio_20>2.0,4,68,0.3382352941176471,42,0.44354256854256857,0.40476190476190477,46.0/45.5/40.5/45.5
gap_up>5% AND ret_5d>10% AND vol_ratio_20>3.0 AND ret_5d>5%,4,68,0.3382352941176471,42,0.44354256854256857,0.40476190476190477,46.0/45.5/40.5/45.5
gap_up>5% AND ret_5d>10% AND gap_up>2% AND vol_ratio_20>3.0,4,68,0.3382352941176471,42,0.44354256854256857,0.40476190476190477,46.0/45.5/40.5/45.5
gap_up>5% AND gap_up>3% AND ret_5d>10% AND vol_ratio_20>3.0,4,68,0.3382352941176471,42,0.44354256854256857,0.40476190476190477,46.0/45.5/40.5/45.5
gap_up>3% AND ret_1d>5% AND gap_up>2% AND rsi_14>75,4,63,0.4603174603174603,30,0.4434800152535007,0.31343283582089554,31.3/47.1/54.5/44.4
gap_up>3% AND ret_1d>5% AND rsi_14>75 AND px>5pct_above_sma20,4,63,0.4603174603174603,30,0.4434800152535007,0.31343283582089554,31.3/47.1/54.5/44.4
gap_up>3% AND ret_1d>5% AND rsi_14>75 AND ret_1d>2%,4,63,0.4603174603174603,30,0.4434800152535007,0.31343283582089554,31.3/47.1/54.5/44.4
gap_up>3% AND ret_1d>5% AND rsi_14>75,3,63,0.4603174603174603,30,0.4434800152535007,0.31343283582089554,31.3/47.1/54.5/44.4
ret_5d>10% AND ret_1d>5% AND gap_up>2% AND vol_ratio_20>3.0,4,77,0.33766233766233766,57,0.4422416522794611,0.379746835443038,38.0/41.1/47.8/50.0
gap_up>5% AND ret_1d>5% AND vol_z_20>2 AND vol_ratio_20>2.0,4,49,0.3469387755102041,36,0.4418940290194452,0.37735849056603776,37.7/52.9/38.5/47.6
gap_up>5% AND ret_5d>10% AND px>5pct_above_sma20 AND ret_1d>2%,4,62,0.45161290322580644,42,0.44103090845081694,0.36923076923076925,36.9/52.6/47.7/39.1
ret_5d>10% AND vol_ratio_5>3.0 AND vol_ratio_20>2.0 AND rsi_14>75,4,78,0.32051282051282054,39,0.4395723921326331,0.3373493975903614,33.7/36.5/55.6/50.0
gap_up>5% AND ret_1d>5% AND vol_ratio_20>3.0 AND vol_ratio_5>2.0,4,46,0.32608695652173914,33,0.43821428571428567,0.36,36.0/50.0/41.7/47.6
gap_up>5% AND ret_1d>5% AND vol_z_20>2 AND ret_1d>2%,4,49,0.3469387755102041,37,0.43720359749974547,0.36585365853658536,37.7/52.9/36.6/47.6
gap_up>5% AND ret_1d>5% AND vol_z_20>2,3,49,0.3469387755102041,37,0.43720359749974547,0.36585365853658536,37.7/52.9/36.6/47.6
gap_up>5% AND ret_1d>5% AND gap_up>2% AND vol_z_20>2,4,49,0.3469387755102041,37,0.43720359749974547,0.36585365853658536,37.7/52.9/36.6/47.6
gap_up>5% AND gap_up>3% AND ret_1d>5% AND vol_z_20>2,4,49,0.3469387755102041,37,0.43720359749974547,0.36585365853658536,37.7/52.9/36.6/47.6
gap_up>5% AND ret_5d>10% AND vol_ratio_5>3.0 AND px>5pct_above_sma20,4,33,0.3939393939393939,21,0.43708422640311184,0.4,41.0/41.2/52.6/40.0
gap_up>3% AND vol_ratio_20>2.0 AND rsi_14>75 AND ret_1d>2%,4,62,0.4032258064516129,29,0.43684561965811963,0.3230769230769231,32.3/46.9/55.6/40.0
gap_up>3% AND ret_5d>10% AND ret_1d>5% AND vol_ratio_20>3.0,4,57,0.38596491228070173,44,0.4364553014553014,0.36923076923076925,36.9/42.3/51.4/44.0
gap_up>3% AND ret_5d>10% AND ret_1d>5% AND rsi_14>75,4,62,0.46774193548387094,28,0.43441471163245354,0.3333333333333333,33.3/48.4/54.5/37.5
vol_ratio_5>3.0 AND vol_high_close_high AND vol_z_20>2 AND px>5pct_above_sma20,4,79,0.4430379746835443,61,0.434335528812273,0.38636363636363635,43.0/38.6/48.5/43.6
ret_5d>10% AND gap_up>2% AND vol_ratio_20>2.0 AND rsi_14>75,4,85,0.3764705882352941,40,0.4340115198810851,0.358695652173913,35.9/42.2/53.8/41.7
ret_1d>5% AND gap_up>2% AND rsi_14>75 AND vol_ratio_5>2.0,4,49,0.3877551020408163,23,0.4339791472144413,0.29411764705882354,29.4/37.0/50.0/57.1
vol_ratio_5>3.0 AND vol_high_close_high AND vol_z_20>2 AND ret_5d>5%,4,80,0.45,63,0.43360231221598505,0.39080459770114945,41.9/39.1/50.0/42.5
gap_up>2% AND vol_ratio_20>2.0 AND ret_5d>5% AND rsi_14>75,4,95,0.3684210526315789,44,0.4332658321060383,0.3402061855670103,34.0/39.3/53.8/46.2
ret_5d>10% AND vol_ratio_5>3.0 AND gap_up>2% AND vol_ratio_20>3.0,4,42,0.40476190476190477,35,0.4324771608723682,0.32558139534883723,39.2/32.6/48.3/52.9
gap_up>5% AND gap_up>3% AND ret_1d>5% AND ret_5d>5%,4,62,0.3709677419354839,52,0.43227504077475204,0.38235294117647056,38.2/47.8/38.5/48.4
gap_up>5% AND ret_1d>5% AND ret_5d>5% AND ret_1d>2%,4,62,0.3709677419354839,52,0.43227504077475204,0.38235294117647056,38.2/47.8/38.5/48.4
gap_up>5% AND ret_1d>5% AND gap_up>2% AND ret_5d>5%,4,62,0.3709677419354839,52,0.43227504077475204,0.38235294117647056,38.2/47.8/38.5/48.4
gap_up>5% AND ret_1d>5% AND ret_5d>5%,3,62,0.3709677419354839,52,0.43227504077475204,0.38235294117647056,38.2/47.8/38.5/48.4
vol_ratio_5>3.0 AND vol_ratio_20>3.0 AND vol_high_close_high AND ret_5d>5%,4,81,0.4444444444444444,66,0.43202293903684696,0.3977272727272727,41.6/39.8/50.0/41.5
ret_5d>10% AND ret_1d>5% AND gap_up>2% AND vol_z_20>2,4,69,0.3333333333333333,55,0.43148600357355565,0.3424657534246575,34.2/37.7/44.0/56.7
ret_1d>5% AND gap_up>2% AND ret_5d>5% AND rsi_14>75,4,78,0.4358974358974359,39,0.43132530120481927,0.3253012048192771,32.5/40.0/50.0/50.0
gap_up>2% AND vol_ratio_20>2.0 AND rsi_14>75 AND ret_1d>2%,4,77,0.38961038961038963,38,0.43132530120481927,0.3253012048192771,32.5/40.0/50.0/50.0
gap_up>5% AND ret_5d>10% AND vol_ratio_5>3.0 AND vol_ratio_20>2.0,4,33,0.36363636363636365,22,0.4311997234791352,0.41025641025641024,41.0/41.2/45.8/44.4
ret_5d>10% AND vol_ratio_5>3.0 AND gap_up>2% AND ret_1d>2%,4,40,0.425,33,0.4309593023255814,0.3488372093023256,37.5/34.9/50.0/50.0
ret_5d>10% AND ret_1d>5% AND vol_ratio_5>3.0 AND gap_up>2%,4,40,0.425,33,0.4306010420001747,0.3488372093023256,38.3/34.9/52.0/47.1
ret_5d>10% AND ret_1d>5% AND gap_up>2% AND rsi_14>75,4,76,0.4342105263157895,36,0.4296349571666027,0.34177215189873417,34.2/42.2/50.0/45.5
ret_5d>10% AND vol_ratio_5>3.0 AND gap_up>2% AND vol_z_20>2,4,42,0.40476190476190477,34,0.4291186603840502,0.32558139534883723,38.0/32.6/48.1/52.9
gap_up>5% AND ret_1d>5% AND vol_z_20>2 AND vol_ratio_5>2.0,4,45,0.3333333333333333,32,0.42906249999999996,0.36,36.0/50.0/40.6/45.0
vol_ratio_5>3.0 AND vol_ratio_20>3.0 AND vol_high_close_high AND px>5pct_above_sma20,4,81,0.43209876543209874,63,0.42826935081148565,0.3888888888888889,42.7/38.9/47.2/42.5
gap_up>5% AND ret_5d>10% AND vol_ratio_20>2.0 AND px>5pct_above_sma20,4,74,0.33783783783783783,46,0.4277355623100304,0.35714285714285715,45.7/46.8/42.9/35.7
ret_1d>5% AND vol_ratio_5>3.0 AND vol_high_close_high AND vol_z_20>2,4,84,0.42857142857142855,65,0.4266838898204175,0.3977272727272727,42.5/39.8/46.5/41.9
gap_up>5% AND ret_5d>10% AND vol_ratio_20>3.0 AND vol_ratio_5>2.0,4,51,0.35294117647058826,34,0.426625386996904,0.4,41.2/40.0/42.1/47.4
ret_5d>10% AND gap_up>2% AND vol_ratio_20>3.0 AND ret_1d>2%,4,81,0.345679012345679,62,0.42595048629531385,0.3448275862068966,34.5/39.7/46.2/50.0
gap_up>3% AND ret_5d>10% AND vol_ratio_20>3.0 AND rsi_14>75,4,61,0.39344262295081966,25,0.42543859649122806,0.3684210526315789,36.8/43.3/50.0/40.0
gap_up>3% AND vol_ratio_20>2.0 AND ret_5d>5% AND rsi_14>75,4,77,0.36363636363636365,33,0.4253808353808354,0.36,36.0/43.2/54.5/36.4
ret_1d>5% AND vol_ratio_5>3.0 AND vol_ratio_20>3.0 AND vol_high_close_high,4,85,0.4235294117647059,68,0.42517522160379306,0.4,42.2/40.0/46.9/40.9
gap_up>2% AND vol_ratio_20>2.0 AND rsi_14>75 AND px>5pct_above_sma20,4,97,0.3711340206185567,46,0.42500000000000004,0.3333333333333333,33.3/36.7/53.8/46.2
gap_up>3% AND ret_5d>10% AND ret_1d>5% AND vol_z_20>2,4,53,0.3584905660377358,43,0.4235410381684872,0.3114754098360656,31.1/39.6/46.5/52.2
gap_up>2% AND vol_ratio_20>2.0 AND rsi_14>75,3,97,0.3711340206185567,46,0.42204301075268824,0.3333333333333333,33.3/35.5/53.8/46.2
gap_up>5% AND ret_1d>5% AND vol_ratio_5>3.0 AND px>5pct_above_sma20,4,35,0.34285714285714286,21,0.42201597744360897,0.35714285714285715,35.7/36.8/56.2/40.0
gap_up>5% AND ret_1d>5% AND vol_ratio_5>2.0 AND ret_1d>2%,4,55,0.3090909090909091,40,0.4217970837536055,0.3695652173913043,37.0/48.6/37.0/46.2
gap_up>5% AND gap_up>3% AND ret_1d>5% AND vol_ratio_5>2.0,4,55,0.3090909090909091,40,0.4217970837536055,0.3695652173913043,37.0/48.6/37.0/46.2
gap_up>5% AND ret_1d>5% AND vol_ratio_5>2.0,3,55,0.3090909090909091,40,0.4217970837536055,0.3695652173913043,37.0/48.6/37.0/46.2
gap_up>5% AND ret_1d>5% AND gap_up>2% AND vol_ratio_5>2.0,4,55,0.3090909090909091,40,0.4217970837536055,0.3695652173913043,37.0/48.6/37.0/46.2
gap_up>5% AND ret_5d>10% AND vol_ratio_20>2.0 AND ret_5d>5%,4,77,0.33766233766233766,51,0.42142705554208104,0.3508771929824561,45.7/45.8/35.1/41.9
gap_up>5% AND gap_up>3% AND ret_5d>10% AND vol_ratio_20>2.0,4,77,0.33766233766233766,51,0.42142705554208104,0.3508771929824561,45.7/45.8/35.1/41.9
gap_up>5% AND ret_5d>10% AND gap_up>2% AND vol_ratio_20>2.0,4,77,0.33766233766233766,51,0.42142705554208104,0.3508771929824561,45.7/45.8/35.1/41.9
gap_up>5% AND ret_5d>10% AND vol_ratio_20>2.0,3,77,0.33766233766233766,51,0.42142705554208104,0.3508771929824561,45.7/45.8/35.1/41.9
gap_up>5% AND ret_5d>10% AND vol_ratio_20>3.0 AND vol_z_20>2,4,59,0.3389830508474576,37,0.4211441704862758,0.39473684210526316,40.7/43.2/39.5/45.0
gap_up>5% AND gap_up>3% AND ret_5d>10% AND vol_ratio_5>3.0,4,34,0.38235294117647056,22,0.4200886123680241,0.4,41.0/41.2/45.8/40.0
gap_up>5% AND ret_5d>10% AND vol_ratio_5>3.0,3,34,0.38235294117647056,22,0.4200886123680241,0.4,41.0/41.2/45.8/40.0
gap_up>5% AND ret_5d>10% AND vol_ratio_5>3.0 AND vol_ratio_5>2.0,4,34,0.38235294117647056,22,0.4200886123680241,0.4,41.0/41.2/45.8/40.0
gap_up>5% AND ret_5d>10% AND vol_ratio_5>3.0 AND gap_up>2%,4,34,0.38235294117647056,22,0.4200886123680241,0.4,41.0/41.2/45.8/40.0
gap_up>5% AND ret_5d>10% AND vol_ratio_5>3.0 AND ret_5d>5%,4,34,0.38235294117647056,22,0.4200886123680241,0.4,41.0/41.2/45.8/40.0
gap_up>5% AND vol_z_20>2 AND ret_5d>5% AND ret_1d>2%,4,50,0.36,36,0.4198232323232323,0.3611111111111111,36.4/50.0/36.1/45.5
gap_up>3% AND ret_5d>10% AND vol_ratio_20>2.0 AND rsi_14>75,4,70,0.37142857142857144,30,0.41933728470529924,0.3,38.0/45.2/54.5/30.0
ret_5d>10% AND vol_ratio_5>3.0 AND gap_up>2% AND px>5pct_above_sma20,4,44,0.4318181818181818,35,0.4186888111888112,0.3409090909090909,40.4/34.1/48.0/45.0
gap_up>3% AND vol_ratio_20>2.0 AND rsi_14>75 AND px>5pct_above_sma20,4,79,0.3670886075949367,34,0.418652619310514,0.35526315789473684,35.5/41.0/54.5/36.4
gap_up>5% AND ret_1d>5% AND vol_ratio_20>2.0 AND vol_ratio_5>2.0,4,49,0.30612244897959184,37,0.4184336171191901,0.3584905660377358,35.8/46.7/39.0/45.8
ret_1d>5% AND gap_up>2% AND rsi_14>75,3,79,0.43037974683544306,40,0.41689560439560447,0.32142857142857145,32.1/38.5/50.0/46.2
ret_1d>5% AND gap_up>2% AND rsi_14>75 AND ret_1d>2%,4,79,0.43037974683544306,40,0.41689560439560447,0.32142857142857145,32.1/38.5/50.0/46.2
ret_1d>5% AND gap_up>2% AND rsi_14>75 AND px>5pct_above_sma20,4,79,0.43037974683544306,40,0.41689560439560447,0.32142857142857145,32.1/38.5/50.0/46.2
ret_5d>10% AND ret_1d>5% AND gap_up>2% AND vol_ratio_20>2.0,4,92,0.31521739130434784,70,0.4166345965935569,0.38461538461538464,38.5/38.8/42.9/46.5
gap_up>3% AND gap_up>2% AND vol_ratio_20>2.0 AND rsi_14>75,4,79,0.3670886075949367,34,0.41608851674641145,0.35526315789473684,35.5/40.0/54.5/36.4
gap_up>3% AND vol_ratio_20>2.0 AND rsi_14>75,3,79,0.3670886075949367,34,0.41608851674641145,0.35526315789473684,35.5/40.0/54.5/36.4
gap_up>5% AND ret_1d>5% AND vol_ratio_5>3.0 AND vol_z_20>2,4,36,0.3055555555555556,22,0.41604010025062654,0.3333333333333333,35.7/47.4/50.0/33.3
gap_up>2% AND vol_z_20>2 AND rsi_14>75 AND ret_1d>2%,4,60,0.4166666666666667,28,0.41601477618426774,0.3050847457627119,30.5/35.9/50.0/50.0
ret_5d>10% AND vol_ratio_5>3.0 AND gap_up>2% AND vol_ratio_20>2.0,4,43,0.3953488372093023,36,0.41561915023290236,0.3333333333333333,40.4/33.3/45.2/47.4
gap_up>5% AND ret_5d>10% AND vol_z_20>2 AND vol_ratio_20>2.0,4,60,0.3333333333333333,39,0.4155756405756406,0.35714285714285715,41.8/43.2/35.7/45.5
gap_up>5% AND gap_up>3% AND ret_5d>10% AND ret_1d>2%,4,64,0.453125,51,0.415224358974359,0.3472222222222222,36.9/50.0/34.7/44.4
gap_up>5% AND ret_5d>10% AND ret_1d>2%,3,64,0.453125,51,0.415224358974359,0.3472222222222222,36.9/50.0/34.7/44.4
gap_up>5% AND ret_5d>10% AND ret_5d>5% AND ret_1d>2%,4,64,0.453125,51,0.415224358974359,0.3472222222222222,36.9/50.0/34.7/44.4
gap_up>5% AND ret_5d>10% AND gap_up>2% AND ret_1d>2%,4,64,0.453125,51,0.415224358974359,0.3472222222222222,36.9/50.0/34.7/44.4
gap_up>2% AND vol_z_20>2 AND rsi_14>75 AND vol_ratio_5>2.0,4,59,0.4067796610169492,25,0.41492071250135765,0.2903225806451613,31.5/29.0/45.5/60.0
gap_up>5% AND ret_5d>5% AND vol_ratio_5>2.0 AND ret_1d>2%,4,52,0.34615384615384615,37,0.4145324248120301,0.35714285714285715,35.7/40.6/39.5/50.0
gap_up>5% AND ret_5d>10% AND vol_ratio_20>2.0 AND vol_ratio_5>2.0,4,53,0.3584905660377358,37,0.4134528852270788,0.3870967741935484,40.7/38.7/40.5/45.5
gap_up>5% AND vol_ratio_20>2.0 AND ret_5d>5% AND ret_1d>2%,4,65,0.35384615384615387,46,0.41343892118971765,0.3617021276595745,38.8/45.2/36.2/45.2
gap_up>5% AND ret_5d>10% AND vol_z_20>2 AND vol_ratio_5>2.0,4,51,0.35294117647058826,33,0.41324863883847546,0.3793103448275862,40.0/37.9/40.0/47.4
gap_up>3% AND ret_5d>10% AND ret_1d>5% AND vol_ratio_20>2.0,4,68,0.36764705882352944,56,0.41294052784063884,0.37662337662337664,37.7/40.0/43.4/44.1
gap_up>5% AND vol_ratio_20>2.0 AND px>5pct_above_sma20 AND ret_1d>2%,4,63,0.36507936507936506,42,0.4126092901200505,0.38235294117647056,38.2/43.9/44.4/38.5
gap_up>3% AND ret_5d>10% AND vol_ratio_20>3.0 AND ret_1d>2%,4,61,0.39344262295081966,47,0.41221255264195833,0.3380281690140845,33.8/40.7/46.3/44.0
ret_1d>5% AND vol_ratio_5>3.0 AND vol_high_close_high AND ret_5d>5%,4,86,0.45348837209302323,73,0.4121898579627987,0.37623762376237624,39.2/37.6/48.1/40.0
ret_1d>5% AND vol_ratio_5>3.0 AND ret_5d>5% AND rsi_14>75,4,82,0.3048780487804878,43,0.4119292472233649,0.3176470588235294,31.8/32.3/54.5/46.2
gap_up>5% AND px>5pct_above_sma20 AND vol_ratio_5>2.0 AND ret_1d>2%,4,53,0.3584905660377358,34,0.41171355111917723,0.3508771929824561,35.1/37.9/46.7/45.0
vol_ratio_5>3.0 AND vol_ratio_20>3.0 AND vol_high_close_high AND ret_1d>2%,4,88,0.4090909090909091,72,0.410534376018247,0.38,40.9/38.0/44.4/40.9
gap_up>5% AND ret_5d>10% AND px>5pct_above_sma20 AND vol_ratio_5>2.0,4,53,0.37735849056603776,35,0.4100776674306086,0.38095238095238093,41.8/40.0/44.1/38.1
ret_1d>5% AND vol_ratio_5>3.0 AND rsi_14>75,3,84,0.32142857142857145,44,0.40978207838672953,0.313953488372093,31.4/31.8/54.5/46.2
ret_1d>5% AND vol_ratio_5>3.0 AND rsi_14>75 AND ret_1d>2%,4,84,0.32142857142857145,44,0.40978207838672953,0.313953488372093,31.4/31.8/54.5/46.2
ret_1d>5% AND vol_ratio_5>3.0 AND rsi_14>75 AND vol_ratio_5>2.0,4,84,0.32142857142857145,44,0.40978207838672953,0.313953488372093,31.4/31.8/54.5/46.2
ret_1d>5% AND vol_ratio_5>3.0 AND rsi_14>75 AND px>5pct_above_sma20,4,84,0.32142857142857145,44,0.40978207838672953,0.313953488372093,31.4/31.8/54.5/46.2
gap_up>5% AND ret_5d>10% AND gap_up>2% AND vol_z_20>2,4,60,0.3333333333333333,39,0.40962325962325963,0.3333333333333333,41.8/43.2/33.3/45.5
gap_up>5% AND ret_5d>10% AND vol_z_20>2 AND ret_5d>5%,4,60,0.3333333333333333,39,0.40962325962325963,0.3333333333333333,41.8/43.2/33.3/45.5
gap_up>5% AND gap_up>3% AND ret_5d>10% AND vol_z_20>2,4,60,0.3333333333333333,39,0.40962325962325963,0.3333333333333333,41.8/43.2/33.3/45.5
gap_up>5% AND ret_5d>10% AND vol_z_20>2,3,60,0.3333333333333333,39,0.40962325962325963,0.3333333333333333,41.8/43.2/33.3/45.5
gap_up>5% AND vol_z_20>2 AND px>5pct_above_sma20 AND ret_1d>2%,4,49,0.3877551020408163,33,0.4094143907563025,0.35714285714285715,35.7/46.9/40.0/41.2
ret_5d>10% AND gap_up>2% AND vol_z_20>2 AND ret_1d>2%,4,72,0.3472222222222222,60,0.4090340909090909,0.3125,31.2/36.0/41.8/54.5
vol_ratio_5>3.0 AND vol_high_close_high AND vol_z_20>2 AND ret_1d>2%,4,86,0.4186046511627907,70,0.40895955281337343,0.37755102040816324,41.1/37.8/42.9/41.9
ret_1d>5% AND vol_ratio_5>3.0 AND vol_ratio_20>3.0 AND rsi_14>75,4,83,0.3253012048192771,43,0.4089572192513369,0.3176470588235294,31.8/31.8/50.0/50.0
vol_ratio_5>3.0 AND vol_high_close_high AND ret_5d>5% AND ret_1d>2%,4,88,0.4431818181818182,75,0.40883336240479096,0.38461538461538464,38.8/38.5/46.3/40.0
ret_5d>10% AND vol_ratio_5>3.0 AND gap_up>2% AND ret_5d>5%,4,45,0.4222222222222222,37,0.40788650339842486,0.32608695652173914,40.4/32.6/45.2/45.0
ret_5d>10% AND vol_ratio_5>3.0 AND gap_up>2%,3,45,0.4222222222222222,37,0.40788650339842486,0.32608695652173914,40.4/32.6/45.2/45.0
ret_5d>10% AND vol_ratio_5>3.0 AND gap_up>2% AND vol_ratio_5>2.0,4,45,0.4222222222222222,37,0.40788650339842486,0.32608695652173914,40.4/32.6/45.2/45.0
gap_up>5% AND ret_1d>5%,2,78,0.3717948717948718,72,0.4076025966579292,0.375,38.6/48.4/38.5/37.5
gap_up>5% AND gap_up>3% AND ret_1d>5% AND ret_1d>2%,4,78,0.3717948717948718,72,0.4076025966579292,0.375,38.6/48.4/38.5/37.5
gap_up>5% AND ret_1d>5% AND gap_up>2% AND ret_1d>2%,4,78,0.3717948717948718,72,0.4076025966579292,0.375,38.6/48.4/38.5/37.5
gap_up>5% AND ret_1d>5% AND gap_up>2%,3,78,0.3717948717948718,72,0.4076025966579292,0.375,38.6/48.4/38.5/37.5
gap_up>5% AND gap_up>3% AND ret_1d>5% AND gap_up>2%,4,78,0.3717948717948718,72,0.4076025966579292,0.375,38.6/48.4/38.5/37.5
gap_up>5% AND gap_up>3% AND ret_1d>5%,3,78,0.3717948717948718,72,0.4076025966579292,0.375,38.6/48.4/38.5/37.5
gap_up>5% AND ret_1d>5% AND ret_1d>2%,3,78,0.3717948717948718,72,0.4076025966579292,0.375,38.6/48.4/38.5/37.5
vol_ratio_5>3.0 AND vol_high_close_high AND ret_5d>5% AND px>5pct_above_sma20,4,86,0.4418604651162791,68,0.40699509364532716,0.4,40.4/40.0/41.5/40.9
ret_5d>10% AND gap_up>2% AND vol_z_20>2 AND rsi_14>75,4,65,0.36923076923076925,28,0.40664711632453565,0.3333333333333333,33.9/33.3/45.5/50.0
gap_up>5% AND ret_5d>10% AND vol_z_20>2 AND px>5pct_above_sma20,4,58,0.3448275862068966,36,0.4059343434343434,0.3611111111111111,41.8/44.4/36.1/40.0
gap_up>5% AND ret_5d>10% AND gap_up>2% AND vol_ratio_5>2.0,4,55,0.36363636363636365,38,0.40582831602169317,0.375,41.8/37.5/39.5/43.5
gap_up>5% AND ret_5d>10% AND vol_ratio_5>2.0,3,55,0.36363636363636365,38,0.40582831602169317,0.375,41.8/37.5/39.5/43.5
gap_up>5% AND ret_5d>10% AND ret_5d>5% AND vol_ratio_5>2.0,4,55,0.36363636363636365,38,0.40582831602169317,0.375,41.8/37.5/39.5/43.5
gap_up>5% AND gap_up>3% AND ret_5d>10% AND vol_ratio_5>2.0,4,55,0.36363636363636365,38,0.40582831602169317,0.375,41.8/37.5/39.5/43.5
gap_up>3% AND ret_1d>5% AND vol_ratio_20>3.0 AND px>5pct_above_sma20,4,64,0.359375,51,0.4055672268907563,0.34615384615384615,34.6/35.4/52.9/39.3
gap_up>3% AND ret_5d>10% AND ret_1d>5% AND vol_ratio_5>3.0,4,36,0.4166666666666667,27,0.4054321033674568,0.3225806451612903,34.9/32.3/52.2/42.9
gap_up>2% AND vol_ratio_20>3.0 AND vol_z_20>2 AND rsi_14>75,4,72,0.3888888888888889,29,0.4053030303030303,0.3333333333333333,33.3/33.3/45.5/50.0
ret_1d>5% AND vol_ratio_5>3.0 AND vol_z_20>2 AND rsi_14>75,4,83,0.3253012048192771,42,0.40523632993512515,0.3076923076923077,31.3/30.8/50.0/50.0
ret_1d>5% AND vol_ratio_5>3.0 AND vol_high_close_high AND px>5pct_above_sma20,4,85,0.4470588235294118,70,0.4046894644204174,0.4,40.2/40.2/41.5/40.0
vol_ratio_5>3.0 AND vol_high_close_high AND ret_5d>5% AND vol_ratio_5>2.0,4,89,0.43820224719101125,75,0.4045550722569356,0.38461538461538464,38.8/38.5/45.5/39.1
vol_ratio_5>3.0 AND vol_high_close_high AND ret_5d>5%,3,89,0.43820224719101125,75,0.4045550722569356,0.38461538461538464,38.8/38.5/45.5/39.1
gap_up>5% AND ret_5d>5% AND px>5pct_above_sma20 AND ret_1d>2%,4,73,0.3972602739726027,49,0.404320339830085,0.3466666666666667,34.7/43.5/45.7/37.9
gap_up>5% AND ret_1d>5% AND vol_ratio_5>3.0 AND vol_ratio_20>3.0,4,37,0.2972972972972973,23,0.4041666666666666,0.3333333333333333,35.7/45.0/47.6/33.3
gap_up>3% AND ret_5d>10% AND vol_ratio_5>3.0 AND vol_ratio_20>3.0,4,38,0.39473684210526316,29,0.40339079246079934,0.2903225806451613,36.2/29.0/50.0/46.2
gap_up>3% AND ret_5d>10% AND vol_ratio_5>3.0 AND px>5pct_above_sma20,4,40,0.425,29,0.40230978260869565,0.3125,37.5/31.2/52.2/40.0
vol_ratio_5>3.0 AND vol_high_close_high AND px>5pct_above_sma20,3,88,0.4318181818181818,71,0.401640958709065,0.39,39.8/39.0/41.9/40.0
vol_ratio_5>3.0 AND vol_high_close_high AND px>5pct_above_sma20 AND ret_1d>2%,4,88,0.4318181818181818,71,0.401640958709065,0.39,39.8/39.0/41.9/40.0
vol_ratio_5>3.0 AND vol_high_close_high AND px>5pct_above_sma20 AND vol_ratio_5>2.0,4,88,0.4318181818181818,71,0.401640958709065,0.39,39.8/39.0/41.9/40.0
gap_up>5% AND vol_ratio_20>3.0 AND ret_5d>5% AND px>5pct_above_sma20,4,79,0.3037974683544304,46,0.4016078533472188,0.37037037037037035,42.5/41.7/39.5/37.0
gap_up>2% AND vol_z_20>2 AND ret_5d>5% AND rsi_14>75,4,72,0.375,31,0.4015151515151515,0.3181818181818182,31.8/33.3/45.5/50.0
ret_5d>10% AND vol_high_close_high AND rsi_14>75 AND vol_ratio_5>2.0,4,79,0.43037974683544306,45,0.4013148286927615,0.3484848484848485,42.2/34.8/46.7/36.8
gap_up>5% AND ret_1d>5% AND rsi_14>75 AND vol_ratio_5>2.0,4,31,0.3548387096774194,12,0.40110837438423647,0.27586206896551724,27.6/40.0/42.9/50.0
vol_ratio_5>3.0 AND vol_high_close_high AND vol_ratio_20>2.0 AND ret_5d>5%,4,86,0.43023255813953487,74,0.40097917955060813,0.37777777777777777,38.8/39.4/44.4/37.8
gap_up>2% AND rsi_14>75 AND vol_ratio_5>2.0 AND ret_1d>2%,4,56,0.4107142857142857,26,0.4006868131868132,0.28846153846153844,28.8/31.4/50.0/50.0
gap_up>2% AND vol_ratio_20>3.0 AND rsi_14>75 AND vol_ratio_5>2.0,4,59,0.4067796610169492,25,0.40009469696969696,0.3125,33.3/31.2/45.5/50.0
gap_up>3% AND ret_5d>10% AND vol_ratio_5>3.0 AND vol_z_20>2,4,38,0.39473684210526316,28,0.39992178228503616,0.2903225806451613,34.8/29.0/50.0/46.2
gap_up>3% AND ret_1d>5% AND vol_ratio_20>3.0 AND ret_5d>5%,4,63,0.3492063492063492,53,0.3997238508442777,0.36,36.0/36.9/46.3/40.6
gap_up>3% AND ret_1d>5% AND vol_z_20>2 AND rsi_14>75,4,42,0.35714285714285715,20,0.3996883730926284,0.2553191489361702,25.5/45.5/55.6/33.3
ret_1d>5% AND gap_up>2% AND vol_ratio_20>3.0 AND ret_5d>5%,4,86,0.313953488372093,68,0.39880550472223975,0.358695652173913,35.9/36.7/43.4/43.6
ret_1d>5% AND vol_ratio_5>3.0 AND vol_ratio_20>2.0 AND rsi_14>75,4,84,0.32142857142857145,43,0.3984184420230932,0.313953488372093,31.4/31.8/50.0/46.2
gap_up>2% AND vol_z_20>2 AND rsi_14>75 AND px>5pct_above_sma20,4,73,0.3835616438356164,31,0.3983899214287968,0.31343283582089554,31.3/32.6/45.5/50.0
gap_up>3% AND ret_5d>10% AND vol_ratio_5>3.0 AND ret_1d>2%,4,36,0.4166666666666667,28,0.3980152911604525,0.3225806451612903,34.1/32.3/50.0/42.9
gap_up>3% AND ret_5d>10% AND vol_z_20>2 AND ret_1d>2%,4,56,0.375,47,0.39727850111146396,0.2835820895522388,28.4/38.0/42.6/50.0
vol_ratio_5>3.0 AND ret_5d>5% AND rsi_14>75 AND px>5pct_above_sma20,4,90,0.32222222222222224,46,0.39712048514865417,0.29577464788732394,31.9/29.6/54.5/42.9
vol_ratio_5>3.0 AND vol_high_close_high AND vol_ratio_20>2.0 AND px>5pct_above_sma20,4,85,0.4235294117647059,70,0.39684388528138526,0.38636363636363635,40.6/39.0/40.5/38.6
vol_ratio_5>3.0 AND ret_5d>5% AND rsi_14>75,3,90,0.32222222222222224,47,0.39609348984348985,0.2916666666666667,31.9/29.2/54.5/42.9
vol_ratio_5>3.0 AND ret_5d>5% AND rsi_14>75 AND vol_ratio_5>2.0,4,90,0.32222222222222224,47,0.39609348984348985,0.2916666666666667,31.9/29.2/54.5/42.9
vol_ratio_5>3.0 AND ret_5d>5% AND rsi_14>75 AND ret_1d>2%,4,86,0.32558139534883723,45,0.39609270040304523,0.3,31.0/30.0/54.5/42.9
gap_up>2% AND vol_ratio_20>2.0 AND rsi_14>75 AND vol_ratio_5>2.0,4,62,0.3870967741935484,28,0.3959886311581227,0.3050847457627119,30.5/32.4/45.5/50.0
gap_up>2% AND vol_z_20>2 AND vol_ratio_20>2.0 AND rsi_14>75,4,73,0.3835616438356164,32,0.39595959595959596,0.3111111111111111,31.8/31.1/45.5/50.0
vol_ratio_5>3.0 AND vol_ratio_20>3.0 AND ret_5d>5% AND rsi_14>75,4,87,0.3218390804597701,45,0.3957889515137497,0.29577464788732394,32.6/29.6/50.0/46.2
gap_up>5% AND gap_up>3% AND vol_ratio_20>3.0 AND ret_1d>2%,4,67,0.34328358208955223,47,0.3957221673254282,0.3541666666666667,39.4/43.5/35.4/40.0
gap_up>5% AND gap_up>2% AND vol_ratio_20>3.0 AND ret_1d>2%,4,67,0.34328358208955223,47,0.3957221673254282,0.3541666666666667,39.4/43.5/35.4/40.0
gap_up>5% AND vol_ratio_20>3.0 AND ret_1d>2%,3,67,0.34328358208955223,47,0.3957221673254282,0.3541666666666667,39.4/43.5/35.4/40.0
gap_up>5% AND vol_ratio_20>3.0 AND vol_ratio_20>2.0 AND ret_1d>2%,4,67,0.34328358208955223,47,0.3957221673254282,0.3541666666666667,39.4/43.5/35.4/40.0
gap_up>3% AND ret_1d>5% AND vol_ratio_20>2.0 AND px>5pct_above_sma20,4,77,0.35064935064935066,61,0.395419054038872,0.3333333333333333,34.8/33.3/51.2/38.9
gap_up>2% AND ret_5d>5% AND rsi_14>75 AND vol_ratio_5>2.0,4,61,0.39344262295081966,28,0.395169938953968,0.3103448275862069,31.0/31.6/45.5/50.0
gap_up>2% AND vol_z_20>2 AND rsi_14>75,3,73,0.3835616438356164,32,0.3947723503693653,0.3111111111111111,31.3/31.1/45.5/50.0
vol_ratio_5>3.0 AND vol_ratio_20>3.0 AND rsi_14>75 AND px>5pct_above_sma20,4,94,0.3191489361702128,47,0.3947492321144318,0.2876712328767123,33.0/28.8/50.0/46.2
vol_ratio_5>3.0 AND rsi_14>75 AND px>5pct_above_sma20 AND vol_ratio_5>2.0,4,98,0.3163265306122449,49,0.3943493466689343,0.28378378378378377,32.0/28.4/54.5/42.9
vol_ratio_5>3.0 AND rsi_14>75 AND px>5pct_above_sma20,3,98,0.3163265306122449,49,0.3943493466689343,0.28378378378378377,32.0/28.4/54.5/42.9
gap_up>5% AND vol_ratio_5>3.0 AND px>5pct_above_sma20 AND ret_1d>2%,4,37,0.35135135135135137,23,0.3938046677444762,0.3333333333333333,34.9/33.3/52.9/36.4
gap_up>5% AND ret_1d>5% AND vol_ratio_5>3.0 AND ret_5d>5%,4,34,0.35294117647058826,23,0.3936962694985801,0.3333333333333333,36.6/42.1/45.5/33.3
vol_ratio_5>3.0 AND vol_z_20>2 AND ret_5d>5% AND rsi_14>75,4,87,0.3218390804597701,44,0.3933081536155,0.2898550724637681,32.2/29.0/50.0/46.2
vol_ratio_5>3.0 AND vol_z_20>2 AND rsi_14>75 AND px>5pct_above_sma20,4,93,0.3225806451612903,46,0.3932247330134654,0.28169014084507044,33.0/28.2/50.0/46.2
gap_up>5% AND ret_5d>10% AND px>5pct_above_sma20,3,90,0.36666666666666664,57,0.39308424172882,0.3055555555555556,41.0/44.6/41.1/30.6
gap_up>5% AND gap_up>3% AND ret_5d>10% AND px>5pct_above_sma20,4,90,0.36666666666666664,57,0.39308424172882,0.3055555555555556,41.0/44.6/41.1/30.6
gap_up>5% AND ret_5d>10% AND gap_up>2% AND px>5pct_above_sma20,4,90,0.36666666666666664,57,0.39308424172882,0.3055555555555556,41.0/44.6/41.1/30.6
gap_up>5% AND ret_5d>10% AND ret_5d>5% AND px>5pct_above_sma20,4,90,0.36666666666666664,57,0.39308424172882,0.3055555555555556,41.0/44.6/41.1/30.6
ret_1d>5% AND gap_up>2% AND vol_ratio_20>3.0 AND px>5pct_above_sma20,4,86,0.32558139534883723,66,0.39290941885636665,0.3402061855670103,34.0/34.8/45.5/42.9
gap_up>3% AND ret_5d>10% AND vol_ratio_5>3.0 AND vol_ratio_20>2.0,4,39,0.38461538461538464,30,0.39272186147186144,0.30303030303030304,37.5/30.3/46.4/42.9
gap_up>5% AND vol_ratio_5>3.0 AND vol_z_20>2 AND px>5pct_above_sma20,4,40,0.325,24,0.3920128335021952,0.3333333333333333,36.2/33.3/42.9/44.4
gap_up>2% AND rsi_14>75 AND vol_ratio_5>2.0,3,63,0.3968253968253968,29,0.39183062700011856,0.3050847457627119,30.5/30.8/45.5/50.0
gap_up>2% AND rsi_14>75 AND px>5pct_above_sma20 AND vol_ratio_5>2.0,4,63,0.3968253968253968,29,0.39183062700011856,0.3050847457627119,30.5/30.8/45.5/50.0
gap_up>3% AND ret_1d>5% AND rsi_14>75 AND vol_ratio_5>2.0,4,40,0.375,19,0.3916666666666667,0.2222222222222222,22.2/38.9/55.6/40.0
vol_ratio_5>3.0 AND rsi_14>75 AND px>5pct_above_sma20 AND ret_1d>2%,4,92,0.32608695652173914,46,0.39162597965414864,0.29577464788732394,29.7/29.6/54.5/42.9
gap_up>3% AND ret_5d>5% AND rsi_14>75 AND ret_1d>2%,4,76,0.4473684210526316,34,0.39131082958137753,0.3150684931506849,31.5/42.5/46.2/36.4
ret_1d>5% AND gap_up>2% AND vol_z_20>2 AND ret_5d>5%,4,77,0.3116883116883117,66,0.3911629097077114,0.32558139534883723,32.6/34.1/41.1/48.7
vol_ratio_5>3.0 AND vol_ratio_20>3.0 AND rsi_14>75 AND vol_ratio_5>2.0,4,96,0.3125,48,0.3910425101214575,0.27631578947368424,32.6/27.6/50.0/46.2
vol_ratio_5>3.0 AND vol_ratio_20>3.0 AND rsi_14>75,3,96,0.3125,48,0.3910425101214575,0.27631578947368424,32.6/27.6/50.0/46.2
vol_ratio_5>3.0 AND vol_ratio_20>3.0 AND vol_ratio_20>2.0 AND rsi_14>75,4,96,0.3125,48,0.3910425101214575,0.27631578947368424,32.6/27.6/50.0/46.2
vol_ratio_5>3.0 AND vol_z_20>2 AND rsi_14>75 AND vol_ratio_5>2.0,4,94,0.3191489361702128,47,0.3903697653697654,0.2702702702702703,33.0/27.0/50.0/46.2
vol_ratio_5>3.0 AND vol_ratio_20>3.0 AND vol_z_20>2 AND rsi_14>75,4,94,0.3191489361702128,47,0.3903697653697654,0.2702702702702703,33.0/27.0/50.0/46.2
vol_ratio_5>3.0 AND vol_z_20>2 AND rsi_14>75,3,94,0.3191489361702128,47,0.3903697653697654,0.2702702702702703,33.0/27.0/50.0/46.2
vol_ratio_5>3.0 AND vol_z_20>2 AND vol_ratio_20>2.0 AND rsi_14>75,4,94,0.3191489361702128,47,0.3903697653697654,0.2702702702702703,33.0/27.0/50.0/46.2
ret_1d>5% AND vol_ratio_5>3.0 AND vol_high_close_high AND vol_ratio_20>2.0,4,88,0.42045454545454547,77,0.390259900990099,0.375,39.0/39.6/40.0/37.5
gap_up>5% AND rsi_14>75 AND vol_ratio_5>2.0 AND ret_1d>2%,4,34,0.38235294117647056,12,0.38971861471861474,0.26666666666666666,26.7/36.4/42.9/50.0
gap_up>5% AND vol_ratio_20>3.0 AND ret_5d>5%,3,84,0.2857142857142857,51,0.3894563785483597,0.3541666666666667,43.2/39.6/35.4/37.5
gap_up>5% AND vol_ratio_20>3.0 AND vol_ratio_20>2.0 AND ret_5d>5%,4,84,0.2857142857142857,51,0.3894563785483597,0.3541666666666667,43.2/39.6/35.4/37.5
gap_up>5% AND gap_up>2% AND vol_ratio_20>3.0 AND ret_5d>5%,4,84,0.2857142857142857,51,0.3894563785483597,0.3541666666666667,43.2/39.6/35.4/37.5
gap_up>5% AND gap_up>3% AND vol_ratio_20>3.0 AND ret_5d>5%,4,84,0.2857142857142857,51,0.3894563785483597,0.3541666666666667,43.2/39.6/35.4/37.5
ret_1d>5% AND vol_ratio_5>3.0 AND vol_high_close_high AND vol_ratio_5>2.0,4,91,0.42857142857142855,79,0.3893256498392738,0.37735849056603776,38.2/37.7/41.0/38.8
ret_1d>5% AND vol_ratio_5>3.0 AND vol_high_close_high AND ret_1d>2%,4,91,0.42857142857142855,79,0.3893256498392738,0.37735849056603776,38.2/37.7/41.0/38.8
ret_1d>5% AND vol_ratio_5>3.0 AND vol_high_close_high,3,91,0.42857142857142855,79,0.3893256498392738,0.37735849056603776,38.2/37.7/41.0/38.8
gap_up>3% AND ret_5d>10% AND rsi_14>75 AND ret_1d>2%,4,70,0.45714285714285713,31,0.3892857142857143,0.3,32.9/42.9/50.0/30.0
ret_5d>10% AND ret_1d>5% AND vol_ratio_20>3.0 AND vol_high_close_high,4,153,0.3660130718954248,111,0.38819193396531526,0.35251798561151076,38.3/35.3/38.6/43.1
vol_ratio_5>3.0 AND vol_ratio_20>3.0 AND rsi_14>75 AND ret_1d>2%,4,89,0.3258426966292135,46,0.3880351067851068,0.28378378378378377,30.7/28.4/50.0/46.2
gap_up>5% AND gap_up>3% AND px>5pct_above_sma20 AND ret_1d>2%,4,78,0.38461538461538464,52,0.3873909961006735,0.34615384615384615,34.6/42.0/42.9/35.5
gap_up>5% AND gap_up>2% AND px>5pct_above_sma20 AND ret_1d>2%,4,78,0.38461538461538464,52,0.3873909961006735,0.34615384615384615,34.6/42.0/42.9/35.5
gap_up>5% AND px>5pct_above_sma20 AND ret_1d>2%,3,78,0.38461538461538464,52,0.3873909961006735,0.34615384615384615,34.6/42.0/42.9/35.5
gap_up>3% AND ret_1d>5% AND vol_z_20>2 AND ret_5d>5%,4,57,0.3333333333333333,52,0.38693853427895986,0.3055555555555556,30.6/35.0/42.6/46.7
vol_ratio_5>3.0 AND vol_ratio_20>2.0 AND ret_5d>5% AND rsi_14>75,4,90,0.32222222222222224,46,0.3866420746702437,0.29577464788732394,32.2/29.6/50.0/42.9
ret_5d>10% AND gap_up>2% AND rsi_14>75 AND ret_1d>2%,4,86,0.43023255813953487,43,0.3865232454702936,0.3225806451612903,32.3/37.7/46.2/38.5
gap_up>5% AND ret_1d>5% AND vol_ratio_5>3.0 AND vol_ratio_20>2.0,4,37,0.2972972972972973,25,0.3857848420538006,0.3076923076923077,37.2/42.9/43.5/30.8
gap_up>3% AND ret_5d>10% AND vol_ratio_5>3.0 AND gap_up>2%,4,41,0.4146341463414634,31,0.38557900432900427,0.30303030303030304,37.5/30.3/46.4/40.0
gap_up>3% AND ret_5d>10% AND vol_ratio_5>3.0 AND vol_ratio_5>2.0,4,41,0.4146341463414634,31,0.38557900432900427,0.30303030303030304,37.5/30.3/46.4/40.0
gap_up>3% AND ret_5d>10% AND vol_ratio_5>3.0,3,41,0.4146341463414634,31,0.38557900432900427,0.30303030303030304,37.5/30.3/46.4/40.0
gap_up>3% AND ret_5d>10% AND vol_ratio_5>3.0 AND ret_5d>5%,4,41,0.4146341463414634,31,0.38557900432900427,0.30303030303030304,37.5/30.3/46.4/40.0
gap_up>5% AND vol_ratio_20>3.0 AND ret_5d>5% AND vol_ratio_5>2.0,4,65,0.2923076923076923,42,0.3855211222953159,0.35135135135135137,38.7/35.1/36.4/44.0
vol_ratio_5>3.0 AND vol_z_20>2 AND rsi_14>75 AND ret_1d>2%,4,88,0.32954545454545453,45,0.38534835430484105,0.273972602739726,30.6/27.4/50.0/46.2
vol_ratio_5>3.0 AND vol_ratio_20>2.0 AND rsi_14>75 AND px>5pct_above_sma20,4,97,0.31958762886597936,48,0.38478983202870193,0.2876712328767123,32.3/28.8/50.0/42.9
gap_up>5% AND vol_ratio_20>2.0 AND ret_5d>5% AND px>5pct_above_sma20,4,88,0.29545454545454547,54,0.38454088952654236,0.3235294117647059,41.5/40.0/40.0/32.4
gap_up>3% AND ret_1d>5% AND vol_z_20>2 AND px>5pct_above_sma20,4,58,0.3448275862068966,48,0.38447661157314805,0.29333333333333333,29.3/33.9/51.4/39.1
gap_up>5% AND gap_up>3% AND vol_ratio_20>3.0 AND px>5pct_above_sma20,4,82,0.3048780487804878,49,0.38377774675415327,0.3448275862068966,42.1/38.5/38.5/34.5
gap_up>5% AND vol_ratio_20>3.0 AND px>5pct_above_sma20,3,82,0.3048780487804878,49,0.38377774675415327,0.3448275862068966,42.1/38.5/38.5/34.5
gap_up>5% AND vol_ratio_20>3.0 AND vol_ratio_20>2.0 AND px>5pct_above_sma20,4,82,0.3048780487804878,49,0.38377774675415327,0.3448275862068966,42.1/38.5/38.5/34.5
gap_up>5% AND gap_up>2% AND vol_ratio_20>3.0 AND px>5pct_above_sma20,4,82,0.3048780487804878,49,0.38377774675415327,0.3448275862068966,42.1/38.5/38.5/34.5
gap_up>5% AND vol_ratio_5>3.0 AND vol_ratio_20>3.0 AND px>5pct_above_sma20,4,41,0.3170731707317073,25,0.38360735009671176,0.3181818181818182,36.2/31.8/45.5/40.0
ret_1d>5% AND gap_up>2% AND vol_z_20>2 AND px>5pct_above_sma20,4,76,0.32894736842105265,62,0.38341072162824813,0.30434782608695654,30.4/32.5/45.2/45.2
ret_5d>10% AND gap_up>2% AND vol_ratio_20>3.0 AND px>5pct_above_sma20,4,112,0.33035714285714285,76,0.3831827656979875,0.3577981651376147,35.8/36.4/42.1/39.0
ret_5d>10% AND ret_1d>5% AND gap_up>2% AND vol_ratio_5>2.0,4,69,0.36231884057971014,55,0.3827146464646465,0.3472222222222222,34.7/36.4/42.0/40.0
ret_5d>10% AND gap_up>2% AND vol_ratio_20>2.0 AND ret_1d>2%,4,100,0.33,80,0.3825545634920635,0.34285714285714286,34.3/36.5/40.3/42.0
gap_up>3% AND ret_5d>10% AND ret_1d>5% AND px>5pct_above_sma20,4,83,0.43373493975903615,64,0.3822290709224171,0.2972972972972973,34.4/41.2/47.5/29.7
gap_up>5% AND vol_ratio_5>3.0 AND ret_5d>5% AND ret_1d>2%,4,37,0.35135135135135137,24,0.3813146997929606,0.3333333333333333,35.7/40.0/43.5/33.3
ret_5d>10% AND vol_ratio_20>3.0 AND vol_high_close_high AND vol_ratio_5>2.0,4,114,0.41228070175438597,94,0.3811080177491067,0.33858267716535434,42.0/33.9/39.7/36.8
ret_5d>10% AND gap_up>2% AND vol_ratio_20>3.0 AND ret_5d>5%,4,114,0.32456140350877194,79,0.3804951970226854,0.3564356435643564,35.8/35.6/40.3/40.5
ret_5d>10% AND gap_up>2% AND vol_ratio_20>3.0 AND vol_ratio_20>2.0,4,114,0.32456140350877194,79,0.3804951970226854,0.3564356435643564,35.8/35.6/40.3/40.5
ret_5d>10% AND gap_up>2% AND vol_ratio_20>3.0,3,114,0.32456140350877194,79,0.3804951970226854,0.3564356435643564,35.8/35.6/40.3/40.5
vol_ratio_5>3.0 AND vol_ratio_20>2.0 AND rsi_14>75,3,99,0.31313131313131315,49,0.38030343716433945,0.27631578947368424,31.6/27.6/50.0/42.9
vol_ratio_5>3.0 AND vol_ratio_20>2.0 AND rsi_14>75 AND vol_ratio_5>2.0,4,99,0.31313131313131315,49,0.38030343716433945,0.27631578947368424,31.6/27.6/50.0/42.9
gap_up>3% AND ret_5d>10% AND vol_ratio_20>3.0 AND px>5pct_above_sma20,4,89,0.34831460674157305,58,0.37919134122919335,0.34375,37.5/36.6/43.2/34.4
gap_up>5% AND vol_ratio_20>3.0 AND rsi_14>75 AND vol_ratio_5>2.0,4,38,0.39473684210526316,14,0.37900641025641024,0.3076923076923077,33.3/30.8/37.5/50.0
ret_5d>10% AND gap_up>2% AND vol_ratio_20>3.0 AND vol_ratio_5>2.0,4,79,0.34177215189873417,60,0.37895896641242877,0.32432432432432434,38.0/32.4/40.0/41.2
gap_up>3% AND ret_1d>5% AND vol_ratio_20>2.0 AND ret_5d>5%,4,74,0.33783783783783783,66,0.3789037091265238,0.33766233766233766,36.0/33.8/39.0/42.9
gap_up>3% AND gap_up>2% AND rsi_14>75 AND ret_1d>2%,4,78,0.44871794871794873,35,0.37885579332947755,0.3157894736842105,31.6/40.5/46.2/33.3
gap_up>3% AND rsi_14>75 AND ret_1d>2%,3,78,0.44871794871794873,35,0.37885579332947755,0.3157894736842105,31.6/40.5/46.2/33.3
gap_up>3% AND rsi_14>75 AND px>5pct_above_sma20 AND ret_1d>2%,4,78,0.44871794871794873,35,0.37885579332947755,0.3157894736842105,31.6/40.5/46.2/33.3
ret_1d>5% AND gap_up>2% AND vol_ratio_20>2.0 AND ret_5d>5%,4,102,0.29411764705882354,85,0.37855937337718537,0.3302752293577982,36.1/33.0/38.9/43.4
ret_1d>5% AND gap_up>2% AND vol_ratio_20>2.0 AND px>5pct_above_sma20,4,102,0.3137254901960784,80,0.37850139645022274,0.3148148148148148,34.2/31.5/45.3/40.4
gap_up>5% AND vol_ratio_5>3.0 AND vol_z_20>2 AND ret_5d>5%,4,42,0.30952380952380953,25,0.37837615283267456,0.36363636363636365,37.0/36.4/41.7/36.4
ret_5d>10% AND gap_up>2% AND vol_ratio_20>3.0 AND vol_z_20>2,4,94,0.32978723404255317,67,0.37830920471758483,0.3372093023255814,35.2/33.7/37.9/44.4
gap_up>3% AND ret_5d>10% AND rsi_14>75 AND px>5pct_above_sma20,4,92,0.41304347826086957,39,0.37825052854122615,0.3333333333333333,34.1/37.2/46.7/33.3
gap_up>3% AND ret_5d>10% AND ret_5d>5% AND rsi_14>75,4,92,0.41304347826086957,39,0.37825052854122615,0.3333333333333333,34.1/37.2/46.7/33.3
gap_up>3% AND ret_5d>10% AND rsi_14>75,3,92,0.41304347826086957,39,0.37825052854122615,0.3333333333333333,34.1/37.2/46.7/33.3
gap_up>3% AND ret_5d>10% AND gap_up>2% AND rsi_14>75,4,92,0.41304347826086957,39,0.37825052854122615,0.3333333333333333,34.1/37.2/46.7/33.3
vol_ratio_5>3.0 AND vol_ratio_20>2.0 AND rsi_14>75 AND ret_1d>2%,4,92,0.32608695652173914,47,0.3780888030888031,0.28378378378378377,30.0/28.4/50.0/42.9
gap_up>5% AND ret_5d>5% AND px>5pct_above_sma20 AND vol_ratio_5>2.0,4,65,0.3230769230769231,41,0.3779682667742369,0.3333333333333333,37.3/33.3/40.5/40.0
vol_ratio_5>3.0 AND rsi_14>75,2,100,0.31,50,0.37773337773337773,0.2692307692307692,31.3/26.9/50.0/42.9
vol_ratio_5>3.0 AND rsi_14>75 AND vol_ratio_5>2.0,3,100,0.31,50,0.37773337773337773,0.2692307692307692,31.3/26.9/50.0/42.9
ret_5d>10% AND gap_up>2% AND rsi_14>75 AND vol_ratio_5>2.0,4,54,0.3888888888888889,25,0.3775974025974026,0.3,32.7/30.0/45.5/42.9
gap_up>3% AND ret_5d>10% AND vol_ratio_20>2.0 AND ret_1d>2%,4,75,0.38666666666666666,61,0.3773391361940722,0.3488372093023256,34.9/36.9/39.7/39.5
ret_1d>5% AND vol_ratio_5>3.0 AND gap_up>2% AND vol_z_20>2,4,46,0.32608695652173914,41,0.377331845439216,0.32075471698113206,32.8/32.1/45.2/40.9
ret_5d>10% AND gap_up>2% AND vol_z_20>2 AND vol_ratio_5>2.0,4,78,0.34615384615384615,58,0.3770881895881896,0.3055555555555556,36.4/30.6/38.5/45.5
gap_up>5% AND vol_z_20>2 AND vol_ratio_20>2.0 AND ret_1d>2%,4,59,0.3559322033898305,43,0.37674066816527213,0.3191489361702128,35.6/43.9/31.9/39.3
gap_up>5% AND vol_ratio_20>3.0 AND px>5pct_above_sma20 AND vol_ratio_5>2.0,4,62,0.3225806451612903,39,0.3765782828282828,0.3333333333333333,37.5/33.3/38.9/40.9
gap_up>5% AND vol_ratio_5>3.0 AND ret_5d>5% AND px>5pct_above_sma20,4,41,0.34146341463414637,25,0.3764822134387352,0.3181818181818182,37.0/31.8/45.5/36.4
vol_ratio_5>3.0 AND rsi_14>75 AND vol_ratio_5>2.0 AND ret_1d>2%,4,92,0.32608695652173914,48,0.37631868131868135,0.28,29.7/28.0/50.0/42.9
vol_ratio_5>3.0 AND rsi_14>75 AND ret_1d>2%,3,92,0.32608695652173914,48,0.37631868131868135,0.28,29.7/28.0/50.0/42.9
gap_up>5% AND vol_ratio_5>3.0 AND vol_ratio_20>3.0 AND ret_5d>5%,4,43,0.3023255813953488,26,0.3760613380178598,0.36363636363636365,37.0/36.4/40.7/36.4
gap_up>5% AND vol_ratio_20>3.0 AND vol_z_20>2 AND ret_1d>2%,4,58,0.3620689655172414,41,0.37524870839841407,0.3448275862068966,34.5/43.9/35.7/36.0
ret_5d>10% AND vol_ratio_20>3.0 AND vol_high_close_high AND ret_1d>2%,4,157,0.35668789808917195,115,0.37506032352553864,0.33793103448275863,37.8/33.8/37.2/41.2
gap_up>2% AND ret_5d>5% AND rsi_14>75 AND ret_1d>2%,4,95,0.42105263157894735,47,0.3749386352479136,0.30927835051546393,30.9/33.3/42.9/42.9
gap_up>2% AND vol_ratio_20>3.0 AND ret_5d>5% AND ret_1d>2%,4,100,0.31,76,0.37493569989332703,0.3269230769230769,32.7/34.0/42.4/40.9
gap_up>5% AND vol_ratio_5>3.0 AND vol_ratio_20>2.0 AND px>5pct_above_sma20,4,42,0.30952380952380953,26,0.3743824110671937,0.30434782608695654,37.5/30.4/45.5/36.4
gap_up>3% AND ret_1d>5% AND vol_ratio_5>3.0 AND px>5pct_above_sma20,4,42,0.35714285714285715,33,0.3735937335022701,0.2682926829268293,32.7/26.8/52.4/37.5
gap_up>5% AND gap_up>2% AND vol_z_20>2 AND ret_1d>2%,4,59,0.3559322033898305,44,0.3734840463676169,0.30612244897959184,35.6/43.9/30.6/39.3
gap_up>5% AND gap_up>3% AND vol_z_20>2 AND ret_1d>2%,4,59,0.3559322033898305,44,0.3734840463676169,0.30612244897959184,35.6/43.9/30.6/39.3
gap_up>5% AND vol_z_20>2 AND ret_1d>2%,3,59,0.3559322033898305,44,0.3734840463676169,0.30612244897959184,35.6/43.9/30.6/39.3
vol_ratio_5>3.0 AND vol_high_close_high AND vol_ratio_20>2.0 AND ret_1d>2%,4,95,0.3894736842105263,83,0.3733484557547423,0.36792452830188677,36.8/37.2/37.9/37.5
gap_up>3% AND ret_1d>5% AND vol_ratio_20>3.0 AND ret_1d>2%,4,70,0.34285714285714286,60,0.3732340109533092,0.345679012345679,34.6/37.1/40.7/36.8
gap_up>3% AND ret_1d>5% AND vol_ratio_20>3.0 AND vol_ratio_20>2.0,4,70,0.34285714285714286,60,0.3732340109533092,0.345679012345679,34.6/37.1/40.7/36.8
gap_up>3% AND ret_1d>5% AND gap_up>2% AND vol_ratio_20>3.0,4,70,0.34285714285714286,60,0.3732340109533092,0.345679012345679,34.6/37.1/40.7/36.8
gap_up>3% AND ret_1d>5% AND vol_ratio_20>3.0,3,70,0.34285714285714286,60,0.3732340109533092,0.345679012345679,34.6/37.1/40.7/36.8
gap_up>3% AND vol_ratio_20>3.0 AND vol_z_20>2 AND rsi_14>75,4,59,0.3728813559322034,23,0.3730413105413105,0.28846153846153844,28.8/37.0/50.0/33.3
gap_up>3% AND ret_5d>10% AND ret_1d>5% AND vol_ratio_5>2.0,4,55,0.4,45,0.3728943855154193,0.3225806451612903,32.3/34.8/44.2/37.9
gap_up>3% AND ret_5d>10% AND vol_ratio_20>3.0 AND vol_ratio_20>2.0,4,91,0.34065934065934067,61,0.37275679057308675,0.3561643835616438,37.5/35.6/39.6/36.4
gap_up>3% AND ret_5d>10% AND gap_up>2% AND vol_ratio_20>3.0,4,91,0.34065934065934067,61,0.37275679057308675,0.3561643835616438,37.5/35.6/39.6/36.4
gap_up>3% AND ret_5d>10% AND vol_ratio_20>3.0 AND ret_5d>5%,4,91,0.34065934065934067,61,0.37275679057308675,0.3561643835616438,37.5/35.6/39.6/36.4
gap_up>3% AND ret_5d>10% AND vol_ratio_20>3.0,3,91,0.34065934065934067,61,0.37275679057308675,0.3561643835616438,37.5/35.6/39.6/36.4
ret_5d>10% AND vol_ratio_20>3.0 AND vol_high_close_high AND vol_z_20>2,4,141,0.3475177304964539,103,0.37261253648669274,0.3409090909090909,37.0/34.1/35.3/42.6
ret_1d>5% AND gap_up>2% AND vol_ratio_20>3.0 AND ret_1d>2%,4,94,0.30851063829787234,78,0.372548367621365,0.34,34.0/37.1/39.1/38.8
ret_1d>5% AND gap_up>2% AND vol_ratio_20>3.0,3,94,0.30851063829787234,78,0.372548367621365,0.34,34.0/37.1/39.1/38.8
ret_1d>5% AND gap_up>2% AND vol_ratio_20>3.0 AND vol_ratio_20>2.0,4,94,0.30851063829787234,78,0.372548367621365,0.34,34.0/37.1/39.1/38.8
vol_ratio_5>3.0 AND vol_high_close_high AND vol_ratio_5>2.0 AND ret_1d>2%,4,98,0.3979591836734694,86,0.37238812191543286,0.35833333333333334,36.1/35.8/38.2/38.8
vol_ratio_5>3.0 AND vol_high_close_high AND ret_1d>2%,3,98,0.3979591836734694,86,0.37238812191543286,0.35833333333333334,36.1/35.8/38.2/38.8
gap_up>5% AND vol_z_20>2 AND vol_ratio_5>2.0 AND ret_1d>2%,4,54,0.3333333333333333,37,0.3723484848484849,0.3333333333333333,34.5/39.4/33.3/41.7
gap_up>3% AND vol_ratio_20>3.0 AND rsi_14>75 AND vol_ratio_5>2.0,4,49,0.40816326530612246,21,0.3722537878787878,0.2708333333333333,27.1/31.8/50.0/40.0
ret_5d>10% AND gap_up>2% AND vol_z_20>2 AND vol_ratio_20>2.0,4,95,0.3263157894736842,72,0.3721223330807304,0.31521739130434784,35.2/31.5/35.8/46.3
ret_1d>5% AND vol_ratio_5>3.0 AND gap_up>2% AND px>5pct_above_sma20,4,47,0.3617021276595745,40,0.3720774785323966,0.2857142857142857,34.4/28.6/45.8/40.0
ret_5d>10% AND vol_ratio_20>3.0 AND vol_high_close_high,3,158,0.35443037974683544,116,0.3719716251885369,0.3333333333333333,37.8/33.3/36.5/41.2
ret_5d>10% AND vol_ratio_20>3.0 AND vol_high_close_high AND ret_5d>5%,4,158,0.35443037974683544,116,0.3719716251885369,0.3333333333333333,37.8/33.3/36.5/41.2
ret_5d>10% AND vol_ratio_20>3.0 AND vol_high_close_high AND vol_ratio_20>2.0,4,158,0.35443037974683544,116,0.3719716251885369,0.3333333333333333,37.8/33.3/36.5/41.2
gap_up>3% AND rsi_14>75 AND vol_ratio_5>2.0 AND ret_1d>2%,4,47,0.40425531914893614,20,0.37180814354727393,0.21739130434782608,21.7/38.1/55.6/33.3
ret_1d>5% AND gap_up>2% AND vol_ratio_20>3.0 AND vol_z_20>2,4,83,0.3132530120481928,68,0.37145570355224616,0.3146067415730337,31.5/37.6/41.4/38.1
vol_ratio_5>3.0 AND gap_up>2% AND vol_z_20>2 AND ret_5d>5%,4,55,0.32727272727272727,44,0.37131155829709783,0.27586206896551724,35.5/27.6/40.0/45.5
ret_1d>5% AND vol_high_close_high AND rsi_14>75 AND vol_ratio_5>2.0,4,82,0.4146341463414634,50,0.371236216361738,0.32432432432432434,38.0/32.4/41.2/36.8
gap_up>5% AND gap_up>2% AND ret_5d>5% AND ret_1d>2%,4,79,0.379746835443038,61,0.3711329167275203,0.31645569620253167,35.5/40.7/31.6/40.5
gap_up>5% AND ret_5d>5% AND ret_1d>2%,3,79,0.379746835443038,61,0.3711329167275203,0.31645569620253167,35.5/40.7/31.6/40.5
gap_up>5% AND gap_up>3% AND ret_5d>5% AND ret_1d>2%,4,79,0.379746835443038,61,0.3711329167275203,0.31645569620253167,35.5/40.7/31.6/40.5
gap_up>3% AND gap_up>2% AND ret_5d>5% AND rsi_14>75,4,103,0.3883495145631068,44,0.3710837279003592,0.30927835051546393,30.9/35.3/43.8/38.5
gap_up>3% AND ret_5d>5% AND rsi_14>75 AND px>5pct_above_sma20,4,103,0.3883495145631068,44,0.3710837279003592,0.30927835051546393,30.9/35.3/43.8/38.5
gap_up>3% AND ret_5d>5% AND rsi_14>75,3,103,0.3883495145631068,44,0.3710837279003592,0.30927835051546393,30.9/35.3/43.8/38.5
gap_up>5% AND ret_1d>5% AND vol_ratio_5>3.0 AND vol_ratio_5>2.0,4,38,0.3157894736842105,25,0.37089122118191886,0.2857142857142857,37.2/40.9/41.7/28.6
gap_up>5% AND gap_up>3% AND ret_1d>5% AND vol_ratio_5>3.0,4,38,0.3157894736842105,25,0.37089122118191886,0.2857142857142857,37.2/40.9/41.7/28.6
gap_up>5% AND ret_1d>5% AND vol_ratio_5>3.0,3,38,0.3157894736842105,25,0.37089122118191886,0.2857142857142857,37.2/40.9/41.7/28.6
gap_up>5% AND ret_1d>5% AND vol_ratio_5>3.0 AND ret_1d>2%,4,38,0.3157894736842105,25,0.37089122118191886,0.2857142857142857,37.2/40.9/41.7/28.6
gap_up>5% AND ret_1d>5% AND vol_ratio_5>3.0 AND gap_up>2%,4,38,0.3157894736842105,25,0.37089122118191886,0.2857142857142857,37.2/40.9/41.7/28.6
ret_1d>5% AND vol_ratio_5>3.0 AND gap_up>2% AND ret_5d>5%,4,46,0.3695652173913043,41,0.3706766917293233,0.3090909090909091,36.8/30.9/42.4/38.1
gap_up>5% AND vol_ratio_20>3.0 AND vol_z_20>2 AND ret_5d>5%,4,72,0.2916666666666667,45,0.3704001855164646,0.3488372093023256,38.5/37.8/34.9/37.0
gap_up>5% AND gap_up>2% AND vol_ratio_20>2.0 AND px>5pct_above_sma20,4,95,0.29473684210526313,57,0.3699550653594771,0.3055555555555556,41.2/36.7/39.6/30.6
gap_up>5% AND vol_ratio_20>2.0 AND px>5pct_above_sma20,3,95,0.29473684210526313,57,0.3699550653594771,0.3055555555555556,41.2/36.7/39.6/30.6
gap_up>5% AND gap_up>3% AND vol_ratio_20>2.0 AND px>5pct_above_sma20,4,95,0.29473684210526313,57,0.3699550653594771,0.3055555555555556,41.2/36.7/39.6/30.6
ret_5d>10% AND vol_ratio_20>3.0 AND vol_high_close_high AND px>5pct_above_sma20,4,156,0.3525641025641026,112,0.3698504342728436,0.3333333333333333,38.1/33.3/35.4/41.2
ret_5d>10% AND gap_up>2% AND vol_z_20>2 AND ret_5d>5%,4,95,0.3263157894736842,74,0.36964269711588726,0.31521739130434784,34.8/31.5/35.2/46.3
ret_5d>10% AND gap_up>2% AND vol_z_20>2,3,95,0.3263157894736842,74,0.36964269711588726,0.31521739130434784,34.8/31.5/35.2/46.3
gap_up>5% AND vol_z_20>2 AND ret_5d>5% AND vol_ratio_5>2.0,4,64,0.296875,40,0.3695091011214562,0.34146341463414637,37.7/34.3/34.1/41.7
gap_up>5% AND gap_up>2% AND vol_ratio_20>2.0 AND ret_5d>5%,4,95,0.28421052631578947,62,0.3692723964631015,0.3125,42.2/37.7/31.2/36.6
gap_up>5% AND gap_up>3% AND vol_ratio_20>2.0 AND ret_5d>5%,4,95,0.28421052631578947,62,0.3692723964631015,0.3125,42.2/37.7/31.2/36.6
gap_up>5% AND vol_ratio_20>2.0 AND ret_5d>5%,3,95,0.28421052631578947,62,0.3692723964631015,0.3125,42.2/37.7/31.2/36.6
ret_5d>10% AND gap_up>2% AND ret_5d>5% AND rsi_14>75,4,114,0.39473684210526316,54,0.36880682314887664,0.3170731707317073,31.7/33.9/44.4/37.5
ret_5d>10% AND gap_up>2% AND rsi_14>75 AND px>5pct_above_sma20,4,114,0.39473684210526316,54,0.36880682314887664,0.3170731707317073,31.7/33.9/44.4/37.5
ret_5d>10% AND gap_up>2% AND rsi_14>75,3,114,0.39473684210526316,54,0.36880682314887664,0.3170731707317073,31.7/33.9/44.4/37.5
vol_ratio_5>3.0 AND gap_up>2% AND ret_5d>5% AND ret_1d>2%,4,50,0.36,43,0.36875835809954505,0.2982456140350877,35.6/29.8/41.2/40.9
gap_up>5% AND gap_up>3% AND rsi_14>75 AND vol_ratio_5>2.0,4,40,0.375,14,0.36875,0.2857142857142857,31.4/28.6/37.5/50.0
gap_up>5% AND rsi_14>75 AND vol_ratio_5>2.0,3,40,0.375,14,0.36875,0.2857142857142857,31.4/28.6/37.5/50.0
gap_up>5% AND rsi_14>75 AND px>5pct_above_sma20 AND vol_ratio_5>2.0,4,40,0.375,14,0.36875,0.2857142857142857,31.4/28.6/37.5/50.0
gap_up>5% AND ret_5d>5% AND rsi_14>75 AND vol_ratio_5>2.0,4,39,0.38461538461538464,14,0.36875,0.2857142857142857,31.4/28.6/37.5/50.0
gap_up>5% AND vol_ratio_20>2.0 AND rsi_14>75 AND vol_ratio_5>2.0,4,40,0.375,14,0.36875,0.2857142857142857,31.4/28.6/37.5/50.0
gap_up>5% AND gap_up>2% AND rsi_14>75 AND vol_ratio_5>2.0,4,40,0.375,14,0.36875,0.2857142857142857,31.4/28.6/37.5/50.0
gap_up>3% AND vol_ratio_20>3.0 AND ret_5d>5% AND ret_1d>2%,4,74,0.35135135135135137,58,0.3687025534851622,0.3333333333333333,33.3/34.8/42.2/37.1
gap_up>5% AND ret_5d>5% AND vol_ratio_5>2.0,3,71,0.29577464788732394,48,0.36865025079799363,0.32558139534883723,38.2/32.6/33.3/43.3
gap_up>5% AND gap_up>3% AND ret_5d>5% AND vol_ratio_5>2.0,4,71,0.29577464788732394,48,0.36865025079799363,0.32558139534883723,38.2/32.6/33.3/43.3
gap_up>5% AND gap_up>2% AND ret_5d>5% AND vol_ratio_5>2.0,4,71,0.29577464788732394,48,0.36865025079799363,0.32558139534883723,38.2/32.6/33.3/43.3
gap_up>3% AND ret_5d>10% AND ret_1d>5%,3,84,0.42857142857142855,78,0.3685771192813446,0.34444444444444444,34.4/39.4/35.5/38.1
gap_up>3% AND ret_5d>10% AND ret_1d>5% AND ret_1d>2%,4,84,0.42857142857142855,78,0.3685771192813446,0.34444444444444444,34.4/39.4/35.5/38.1
gap_up>3% AND ret_5d>10% AND ret_1d>5% AND gap_up>2%,4,84,0.42857142857142855,78,0.3685771192813446,0.34444444444444444,34.4/39.4/35.5/38.1
gap_up>3% AND ret_5d>10% AND ret_1d>5% AND ret_5d>5%,4,84,0.42857142857142855,78,0.3685771192813446,0.34444444444444444,34.4/39.4/35.5/38.1
gap_up>5% AND vol_ratio_20>2.0 AND ret_5d>5% AND vol_ratio_5>2.0,4,68,0.29411764705882354,46,0.36841113310996043,0.325,37.3/32.5/34.7/42.9
gap_up>3% AND vol_z_20>2 AND rsi_14>75 AND ret_1d>2%,4,49,0.40816326530612246,22,0.368382609454038,0.24489795918367346,24.5/42.3/55.6/25.0
gap_up>5% AND vol_ratio_20>3.0 AND vol_ratio_5>2.0 AND ret_1d>2%,4,57,0.3157894736842105,40,0.36830466894726377,0.3488372093023256,35.1/38.9/34.9/38.5
ret_5d>10% AND ret_1d>5% AND vol_ratio_5>3.0 AND vol_ratio_20>3.0,4,127,0.31496062992125984,99,0.3679441451904333,0.3120567375886525,32.4/31.2/42.9/40.7
gap_up>3% AND vol_ratio_20>3.0 AND px>5pct_above_sma20 AND ret_1d>2%,4,74,0.3783783783783784,56,0.3678967586116454,0.32558139534883723,32.6/32.9/47.4/34.4
vol_ratio_5>3.0 AND gap_up>2% AND vol_ratio_20>3.0 AND ret_5d>5%,4,56,0.32142857142857145,45,0.3676217221475842,0.27586206896551724,36.5/27.6/37.5/45.5
ret_1d>5% AND gap_up>2% AND vol_z_20>2 AND vol_ratio_20>2.0,4,87,0.2988505747126437,74,0.36705066919920076,0.3118279569892473,31.2/35.2/38.8/41.7
ret_5d>10% AND gap_up>2% AND vol_z_20>2 AND px>5pct_above_sma20,4,93,0.3333333333333333,69,0.3665252351894228,0.32222222222222224,34.8/32.2/37.5/42.1
gap_up>5% AND ret_5d>10% AND gap_up>2%,3,93,0.3655913978494624,70,0.3664596218250289,0.2978723404255319,41.7/41.0/29.8/34.1
gap_up>5% AND ret_5d>10% AND ret_5d>5%,3,93,0.3655913978494624,70,0.3664596218250289,0.2978723404255319,41.7/41.0/29.8/34.1
gap_up>5% AND gap_up>3% AND ret_5d>10%,3,93,0.3655913978494624,70,0.3664596218250289,0.2978723404255319,41.7/41.0/29.8/34.1
gap_up>5% AND ret_5d>10%,2,93,0.3655913978494624,70,0.3664596218250289,0.2978723404255319,41.7/41.0/29.8/34.1
gap_up>5% AND gap_up>3% AND ret_5d>10% AND gap_up>2%,4,93,0.3655913978494624,70,0.3664596218250289,0.2978723404255319,41.7/41.0/29.8/34.1
gap_up>5% AND gap_up>3% AND ret_5d>10% AND ret_5d>5%,4,93,0.3655913978494624,70,0.3664596218250289,0.2978723404255319,41.7/41.0/29.8/34.1
gap_up>5% AND ret_5d>10% AND gap_up>2% AND ret_5d>5%,4,93,0.3655913978494624,70,0.3664596218250289,0.2978723404255319,41.7/41.0/29.8/34.1
gap_up>3% AND ret_1d>5% AND px>5pct_above_sma20 AND vol_ratio_5>2.0,4,64,0.359375,50,0.3661283891547049,0.2982456140350877,30.3/29.8/50.0/36.4
ret_5d>10% AND gap_up>2% AND vol_ratio_20>2.0 AND vol_ratio_5>2.0,4,86,0.3372093023255814,66,0.3657720830411594,0.30864197530864196,37.3/30.9/40.0/38.1
gap_up>5% AND vol_ratio_20>3.0 AND vol_z_20>2 AND px>5pct_above_sma20,4,70,0.3142857142857143,42,0.3657559768445557,0.34782608695652173,37.3/38.1/36.1/34.8
ret_5d>10% AND vol_ratio_5>3.0 AND vol_ratio_20>3.0 AND ret_1d>2%,4,129,0.31007751937984496,104,0.3655110509115927,0.3,32.6/30.0/39.7/43.9
gap_up>5% AND gap_up>2% AND vol_ratio_20>2.0 AND ret_1d>2%,4,81,0.3333333333333333,58,0.3654210939658701,0.29850746268656714,37.8/40.4/29.9/38.1
gap_up>5% AND vol_ratio_20>2.0 AND ret_1d>2%,3,81,0.3333333333333333,58,0.3654210939658701,0.29850746268656714,37.8/40.4/29.9/38.1
gap_up>5% AND gap_up>3% AND vol_ratio_20>2.0 AND ret_1d>2%,4,81,0.3333333333333333,58,0.3654210939658701,0.29850746268656714,37.8/40.4/29.9/38.1
ret_1d>5% AND gap_up>2% AND vol_z_20>2,3,87,0.2988505747126437,76,0.36482311548101026,0.30526315789473685,30.5/35.2/38.6/41.7
ret_1d>5% AND gap_up>2% AND vol_z_20>2 AND ret_1d>2%,4,87,0.2988505747126437,76,0.36482311548101026,0.30526315789473685,30.5/35.2/38.6/41.7
vol_ratio_5>3.0 AND gap_up>2% AND vol_z_20>2 AND px>5pct_above_sma20,4,53,0.33962264150943394,42,0.3648100449951476,0.2542372881355932,33.8/25.4/39.3/47.4
gap_up>3% AND ret_5d>10% AND vol_ratio_20>3.0 AND vol_z_20>2,4,76,0.34210526315789475,52,0.3647562705185375,0.32786885245901637,34.2/32.8/39.6/39.3
gap_up>5% AND gap_up>3% AND px>5pct_above_sma20 AND vol_ratio_5>2.0,4,71,0.30985915492957744,43,0.3646182764603817,0.3076923076923077,37.1/30.8/39.5/38.5
gap_up>5% AND px>5pct_above_sma20 AND vol_ratio_5>2.0,3,71,0.30985915492957744,43,0.3646182764603817,0.3076923076923077,37.1/30.8/39.5/38.5
gap_up>5% AND gap_up>2% AND px>5pct_above_sma20 AND vol_ratio_5>2.0,4,71,0.30985915492957744,43,0.3646182764603817,0.3076923076923077,37.1/30.8/39.5/38.5
vol_ratio_5>3.0 AND vol_ratio_20>3.0 AND vol_high_close_high AND vol_z_20>2,4,101,0.37623762376237624,78,0.36437461348175637,0.3333333333333333,36.7/33.3/38.2/37.5
ret_5d>10% AND ret_1d>5% AND vol_ratio_5>3.0 AND vol_z_20>2,4,127,0.31496062992125984,96,0.3642894742878734,0.302158273381295,31.6/30.2/42.4/41.5
gap_up>2% AND vol_z_20>2 AND ret_5d>5% AND ret_1d>2%,4,87,0.3218390804597701,74,0.3641353046594982,0.3020833333333333,30.2/32.3/38.7/44.4
gap_up>2% AND vol_ratio_20>3.0 AND px>5pct_above_sma20 AND ret_1d>2%,4,99,0.3333333333333333,75,0.3640512859931858,0.31683168316831684,31.8/31.7/43.1/39.0
vol_ratio_5>3.0 AND gap_up>2% AND ret_5d>5% AND px>5pct_above_sma20,4,56,0.35714285714285715,43,0.3639801799979776,0.27586206896551724,37.1/27.6/40.0/40.9
ret_1d>5% AND vol_ratio_5>3.0 AND gap_up>2% AND vol_ratio_20>3.0,4,47,0.3191489361702128,44,0.3639429002507544,0.3090909090909091,33.9/30.9/41.7/39.1
gap_up>5% AND vol_z_20>2 AND vol_ratio_20>2.0 AND ret_5d>5%,4,73,0.2876712328767123,47,0.36382873903957114,0.3125,39.4/37.0/31.2/37.9
gap_up>3% AND ret_5d>10% AND vol_ratio_20>3.0 AND vol_ratio_5>2.0,4,66,0.36363636363636365,50,0.36375166527248504,0.3018867924528302,35.7/30.2/41.7/37.9
gap_up>5% AND vol_ratio_5>3.0 AND px>5pct_above_sma20,3,43,0.32558139534883723,26,0.36363636363636365,0.2916666666666667,37.5/29.2/45.5/33.3
gap_up>5% AND vol_ratio_5>3.0 AND gap_up>2% AND px>5pct_above_sma20,4,43,0.32558139534883723,26,0.36363636363636365,0.2916666666666667,37.5/29.2/45.5/33.3
gap_up>5% AND gap_up>3% AND vol_ratio_5>3.0 AND px>5pct_above_sma20,4,43,0.32558139534883723,26,0.36363636363636365,0.2916666666666667,37.5/29.2/45.5/33.3
gap_up>5% AND vol_ratio_5>3.0 AND px>5pct_above_sma20 AND vol_ratio_5>2.0,4,43,0.32558139534883723,26,0.36363636363636365,0.2916666666666667,37.5/29.2/45.5/33.3
vol_ratio_5>3.0 AND gap_up>2% AND px>5pct_above_sma20 AND ret_1d>2%,4,50,0.36,42,0.3636168132942327,0.26666666666666666,33.9/26.7/44.0/40.9
gap_up>3% AND ret_1d>5% AND vol_ratio_20>2.0,3,84,0.3333333333333333,77,0.36311732375535755,0.34523809523809523,34.7/34.5/36.4/39.6
gap_up>3% AND ret_1d>5% AND gap_up>2% AND vol_ratio_20>2.0,4,84,0.3333333333333333,77,0.36311732375535755,0.34523809523809523,34.7/34.5/36.4/39.6
gap_up>3% AND ret_1d>5% AND vol_ratio_20>2.0 AND ret_1d>2%,4,84,0.3333333333333333,77,0.36311732375535755,0.34523809523809523,34.7/34.5/36.4/39.6
ret_5d>10% AND gap_up>2% AND vol_ratio_5>2.0 AND ret_1d>2%,4,72,0.375,60,0.3628977305126304,0.32894736842105265,32.9/33.8/40.0/38.5
gap_up>5% AND vol_z_20>2 AND px>5pct_above_sma20 AND vol_ratio_5>2.0,4,61,0.32786885245901637,37,0.3628384687208217,0.3333333333333333,36.5/33.3/35.3/40.0
vol_ratio_5>3.0 AND vol_high_close_high AND vol_z_20>2 AND vol_ratio_20>2.0,4,101,0.37623762376237624,79,0.3628308951584814,0.3275862068965517,37.4/32.8/37.5/37.5
vol_ratio_5>3.0 AND vol_high_close_high AND vol_z_20>2 AND vol_ratio_5>2.0,4,101,0.37623762376237624,79,0.3628308951584814,0.3275862068965517,37.4/32.8/37.5/37.5
vol_ratio_5>3.0 AND vol_high_close_high AND vol_z_20>2,3,101,0.37623762376237624,79,0.3628308951584814,0.3275862068965517,37.4/32.8/37.5/37.5
vol_ratio_5>3.0 AND vol_ratio_20>3.0 AND vol_high_close_high,3,105,0.3619047619047619,83,0.3623603234013806,0.3305084745762712,37.3/33.1/39.3/35.3
vol_ratio_5>3.0 AND vol_ratio_20>3.0 AND vol_high_close_high AND vol_ratio_20>2.0,4,105,0.3619047619047619,83,0.3623603234013806,0.3305084745762712,37.3/33.1/39.3/35.3
vol_ratio_5>3.0 AND vol_ratio_20>3.0 AND vol_high_close_high AND vol_ratio_5>2.0,4,105,0.3619047619047619,83,0.3623603234013806,0.3305084745762712,37.3/33.1/39.3/35.3
gap_up>5% AND vol_ratio_20>2.0 AND px>5pct_above_sma20 AND vol_ratio_5>2.0,4,66,0.3181818181818182,42,0.36196128909229597,0.3157894736842105,36.2/31.6/39.5/37.5
ret_5d>10% AND ret_1d>5% AND gap_up>2% AND px>5pct_above_sma20,4,110,0.36363636363636365,84,0.3618873004739266,0.3162393162393162,31.6/37.8/41.3/34.0
gap_up>3% AND ret_5d>10% AND vol_z_20>2 AND vol_ratio_20>2.0,4,77,0.33766233766233766,56,0.36183536798986715,0.31746031746031744,34.2/31.7/36.8/41.9
gap_up>3% AND ret_1d>5% AND px>5pct_above_sma20,3,100,0.38,78,0.3615915737653326,0.3211009174311927,32.1/33.7/44.8/34.0
gap_up>3% AND ret_1d>5% AND gap_up>2% AND px>5pct_above_sma20,4,100,0.38,78,0.3615915737653326,0.3211009174311927,32.1/33.7/44.8/34.0
gap_up>3% AND ret_1d>5% AND px>5pct_above_sma20 AND ret_1d>2%,4,100,0.38,78,0.3615915737653326,0.3211009174311927,32.1/33.7/44.8/34.0
vol_ratio_20>3.0 AND vol_high_close_high AND rsi_14>75 AND vol_ratio_5>2.0,4,79,0.4050632911392405,46,0.36111387122416533,0.29411764705882354,43.8/33.8/37.5/29.4
gap_up>5% AND vol_ratio_5>3.0 AND vol_ratio_20>2.0 AND ret_5d>5%,4,43,0.3023255813953488,27,0.3608621221304241,0.3333333333333333,38.3/34.8/37.9/33.3
gap_up>3% AND ret_1d>5% AND vol_ratio_20>3.0 AND vol_z_20>2,4,63,0.3333333333333333,53,0.36040487996069986,0.3013698630136986,30.1/37.1/42.6/34.4
ret_5d>10% AND vol_ratio_5>3.0 AND vol_z_20>2 AND ret_1d>2%,4,129,0.31007751937984496,102,0.3601833581886773,0.2905405405405405,31.9/29.1/38.5/44.6
gap_up>3% AND ret_1d>5% AND vol_z_20>2 AND vol_ratio_20>2.0,4,64,0.328125,58,0.3599555826118326,0.2987012987012987,29.9/35.9/39.3/38.9
vol_high_close_high AND ret_5d>5% AND rsi_14>75 AND vol_ratio_5>2.0,4,87,0.39080459770114945,53,0.3597069334556434,0.30864197530864196,36.8/30.9/41.2/35.0
ret_1d>5% AND vol_ratio_20>3.0 AND vol_high_close_high AND rsi_14>75,4,106,0.37735849056603776,55,0.3592392195441875,0.3333333333333333,40.2/36.8/33.3/33.3
gap_up>5% AND gap_up>2% AND vol_z_20>2 AND ret_5d>5%,4,73,0.2876712328767123,48,0.359233150804277,0.29411764705882354,39.4/37.0/29.4/37.9
gap_up>5% AND gap_up>3% AND vol_z_20>2 AND ret_5d>5%,4,73,0.2876712328767123,48,0.359233150804277,0.29411764705882354,39.4/37.0/29.4/37.9
gap_up>5% AND vol_z_20>2 AND ret_5d>5%,3,73,0.2876712328767123,48,0.359233150804277,0.29411764705882354,39.4/37.0/29.4/37.9
ret_1d>5% AND gap_up>2% AND vol_ratio_20>2.0 AND ret_1d>2%,4,118,0.2796610169491525,100,0.35902590690875946,0.3305785123966942,34.2/33.1/37.2/39.1
ret_1d>5% AND gap_up>2% AND vol_ratio_20>2.0,3,118,0.2796610169491525,100,0.35902590690875946,0.3305785123966942,34.2/33.1/37.2/39.1
ret_1d>5% AND gap_up>2% AND vol_z_20>2 AND vol_ratio_5>2.0,4,77,0.2987012987012987,63,0.3588308168795974,0.30952380952380953,31.0/34.7/38.9/39.0
gap_up>3% AND vol_z_20>2 AND ret_5d>5% AND ret_1d>2%,4,66,0.3484848484848485,57,0.3587928921568627,0.2875,28.7/34.4/39.2/41.2
gap_up>3% AND ret_5d>10% AND vol_z_20>2,3,77,0.33766233766233766,58,0.3587833078843127,0.31746031746031744,33.8/31.7/36.1/41.9
gap_up>3% AND ret_5d>10% AND gap_up>2% AND vol_z_20>2,4,77,0.33766233766233766,58,0.3587833078843127,0.31746031746031744,33.8/31.7/36.1/41.9
gap_up>3% AND ret_5d>10% AND vol_z_20>2 AND ret_5d>5%,4,77,0.33766233766233766,58,0.3587833078843127,0.31746031746031744,33.8/31.7/36.1/41.9
gap_up>3% AND ret_5d>10% AND vol_ratio_20>2.0 AND px>5pct_above_sma20,4,107,0.32710280373831774,72,0.35859931923519317,0.27906976744186046,37.7/34.9/42.9/27.9
gap_up>3% AND ret_1d>5% AND gap_up>2% AND vol_z_20>2,4,64,0.328125,59,0.35824154805881503,0.2948717948717949,29.5/35.9/39.0/38.9
gap_up>3% AND ret_1d>5% AND vol_z_20>2 AND ret_1d>2%,4,64,0.328125,59,0.35824154805881503,0.2948717948717949,29.5/35.9/39.0/38.9
gap_up>3% AND ret_1d>5% AND vol_z_20>2,3,64,0.328125,59,0.35824154805881503,0.2948717948717949,29.5/35.9/39.0/38.9
gap_up>3% AND ret_1d>5% AND ret_5d>5% AND px>5pct_above_sma20,4,92,0.391304347826087,73,0.3581086873499546,0.30952380952380953,32.0/34.9/45.3/31.0
gap_up>5% AND vol_z_20>2 AND ret_5d>5% AND px>5pct_above_sma20,4,68,0.3088235294117647,42,0.358058608058608,0.3333333333333333,38.5/38.1/33.3/33.3
vol_ratio_5>3.0 AND gap_up>2% AND vol_ratio_20>2.0 AND ret_5d>5%,4,57,0.3157894736842105,47,0.3580357142857143,0.2833333333333333,37.5/28.3/35.7/41.7
ret_5d>10% AND vol_ratio_5>3.0 AND vol_ratio_20>3.0 AND ret_5d>5%,4,137,0.30656934306569344,110,0.3574893842887474,0.28662420382165604,34.0/28.7/38.7/41.7
ret_5d>10% AND vol_ratio_5>3.0 AND vol_ratio_20>3.0 AND vol_ratio_20>2.0,4,137,0.30656934306569344,110,0.3574893842887474,0.28662420382165604,34.0/28.7/38.7/41.7
ret_5d>10% AND vol_ratio_5>3.0 AND vol_ratio_20>3.0 AND vol_ratio_5>2.0,4,137,0.30656934306569344,110,0.3574893842887474,0.28662420382165604,34.0/28.7/38.7/41.7
ret_5d>10% AND vol_ratio_5>3.0 AND vol_ratio_20>3.0,3,137,0.30656934306569344,110,0.3574893842887474,0.28662420382165604,34.0/28.7/38.7/41.7
ret_5d>10% AND gap_up>2% AND vol_ratio_20>2.0 AND px>5pct_above_sma20,4,136,0.3088235294117647,96,0.35727277579805744,0.3103448275862069,34.3/33.9/43.7/31.0
gap_up>3% AND ret_5d>10% AND vol_z_20>2 AND vol_ratio_5>2.0,4,65,0.36923076923076925,48,0.35716539236239575,0.2830188679245283,33.8/28.3/40.0/40.7
gap_up>3% AND ret_5d>10% AND vol_z_20>2 AND px>5pct_above_sma20,4,75,0.3466666666666667,53,0.3567323416032869,0.32786885245901637,33.8/32.8/40.4/35.7
gap_up>5% AND gap_up>2% AND ret_5d>5% AND px>5pct_above_sma20,4,111,0.3063063063063063,68,0.3562723508375682,0.3181818181818182,36.4/36.2/38.1/31.8
gap_up>5% AND ret_5d>5% AND px>5pct_above_sma20,3,111,0.3063063063063063,68,0.3562723508375682,0.3181818181818182,36.4/36.2/38.1/31.8
gap_up>5% AND gap_up>3% AND ret_5d>5% AND px>5pct_above_sma20,4,111,0.3063063063063063,68,0.3562723508375682,0.3181818181818182,36.4/36.2/38.1/31.8
ret_5d>10% AND vol_ratio_20>3.0 AND vol_high_close_high AND rsi_14>75,4,106,0.36792452830188677,54,0.35609716859716856,0.3,41.0/36.5/30.0/35.0
gap_up>3% AND vol_ratio_5>3.0 AND px>5pct_above_sma20 AND ret_1d>2%,4,44,0.36363636363636365,34,0.3560924369747899,0.25,32.1/25.0/50.0/35.3
gap_up>2% AND ret_5d>5% AND rsi_14>75,3,133,0.3609022556390977,65,0.355672268907563,0.2785714285714286,27.9/28.2/45.0/41.2
gap_up>3% AND ret_5d>5% AND rsi_14>75 AND vol_ratio_5>2.0,4,51,0.39215686274509803,22,0.35539215686274506,0.2549019607843137,25.5/33.3/50.0/33.3
gap_up>5% AND vol_z_20>2 AND vol_ratio_20>2.0 AND px>5pct_above_sma20,4,72,0.3055555555555556,43,0.35527815777473776,0.3333333333333333,38.2/37.2/33.3/33.3
ret_5d>10% AND vol_ratio_5>3.0 AND vol_ratio_20>3.0 AND px>5pct_above_sma20,4,132,0.3106060606060606,105,0.35505191322583973,0.29411764705882354,34.0/29.4/37.9/40.7
ret_5d>10% AND vol_high_close_high AND vol_z_20>2 AND vol_ratio_5>2.0,4,119,0.40336134453781514,97,0.3545918761554617,0.29850746268656714,38.2/29.9/36.5/37.3
ret_5d>10% AND ret_1d>5% AND rsi_14>75 AND vol_ratio_5>2.0,4,132,0.30303030303030304,72,0.35454087323026956,0.2828282828282828,32.4/28.3/47.8/33.3
ret_5d>10% AND gap_up>2% AND px>5pct_above_sma20 AND vol_ratio_5>2.0,4,87,0.367816091954023,64,0.3545041122028786,0.31645569620253167,36.8/31.6/40.8/32.6
ret_5d>10% AND ret_1d>5% AND vol_ratio_5>3.0 AND ret_5d>5%,4,131,0.32061068702290074,109,0.35435339066357663,0.3129251700680272,31.3/32.3/40.3/37.9
ret_5d>10% AND ret_1d>5% AND vol_ratio_5>3.0 AND vol_ratio_5>2.0,4,131,0.32061068702290074,109,0.35435339066357663,0.3129251700680272,31.3/32.3/40.3/37.9
ret_5d>10% AND ret_1d>5% AND vol_ratio_5>3.0,3,131,0.32061068702290074,109,0.35435339066357663,0.3129251700680272,31.3/32.3/40.3/37.9
ret_5d>10% AND ret_1d>5% AND vol_ratio_5>3.0 AND ret_1d>2%,4,131,0.32061068702290074,109,0.35435339066357663,0.3129251700680272,31.3/32.3/40.3/37.9
gap_up>3% AND rsi_14>75 AND px>5pct_above_sma20 AND vol_ratio_5>2.0,4,53,0.39622641509433965,23,0.35416666666666663,0.25,25.0/33.3/50.0/33.3
gap_up>3% AND vol_ratio_20>2.0 AND rsi_14>75 AND vol_ratio_5>2.0,4,52,0.38461538461538464,23,0.35416666666666663,0.25,25.0/33.3/50.0/33.3
gap_up>3% AND rsi_14>75 AND vol_ratio_5>2.0,3,53,0.39622641509433965,23,0.35416666666666663,0.25,25.0/33.3/50.0/33.3
gap_up>3% AND gap_up>2% AND rsi_14>75 AND vol_ratio_5>2.0,4,53,0.39622641509433965,23,0.35416666666666663,0.25,25.0/33.3/50.0/33.3
ret_5d>10% AND ret_1d>5% AND vol_ratio_5>3.0 AND vol_ratio_20>2.0,4,129,0.31007751937984496,107,0.3538399053478588,0.31724137931034485,31.7/32.0/39.2/38.6
ret_1d>5% AND vol_ratio_20>3.0 AND vol_high_close_high AND ret_5d>5%,4,178,0.3258426966292135,130,0.3534317702336994,0.30994152046783624,34.1/31.0/36.3/40.0
gap_up>5% AND vol_z_20>2 AND px>5pct_above_sma20,3,72,0.3055555555555556,43,0.35319482444140443,0.325,38.2/37.2/32.5/33.3
gap_up>5% AND gap_up>2% AND vol_z_20>2 AND px>5pct_above_sma20,4,72,0.3055555555555556,43,0.35319482444140443,0.325,38.2/37.2/32.5/33.3
gap_up>5% AND gap_up>3% AND vol_z_20>2 AND px>5pct_above_sma20,4,72,0.3055555555555556,43,0.35319482444140443,0.325,38.2/37.2/32.5/33.3
ret_5d>10% AND vol_ratio_5>3.0 AND vol_ratio_20>3.0 AND vol_z_20>2,4,137,0.30656934306569344,107,0.3529996015521544,0.2792207792207792,32.9/27.9/38.0/42.4
vol_ratio_5>3.0 AND gap_up>2% AND vol_ratio_20>3.0 AND px>5pct_above_sma20,4,54,0.3333333333333333,44,0.3525136726485219,0.2459016393442623,34.8/24.6/38.7/42.9
ret_5d>10% AND vol_ratio_5>3.0 AND vol_z_20>2,3,137,0.30656934306569344,108,0.3523703754328412,0.27741935483870966,33.3/27.7/37.5/42.4
ret_5d>10% AND vol_ratio_5>3.0 AND vol_z_20>2 AND vol_ratio_5>2.0,4,137,0.30656934306569344,108,0.3523703754328412,0.27741935483870966,33.3/27.7/37.5/42.4
ret_5d>10% AND vol_ratio_5>3.0 AND vol_z_20>2 AND vol_ratio_20>2.0,4,137,0.30656934306569344,108,0.3523703754328412,0.27741935483870966,33.3/27.7/37.5/42.4
ret_5d>10% AND vol_ratio_5>3.0 AND vol_z_20>2 AND ret_5d>5%,4,137,0.30656934306569344,108,0.3523703754328412,0.27741935483870966,33.3/27.7/37.5/42.4
ret_1d>5% AND gap_up>2% AND ret_5d>5% AND vol_ratio_5>2.0,4,79,0.3291139240506329,69,0.3523054649146015,0.3218390804597701,32.2/32.9/36.7/39.1
gap_up>3% AND ret_5d>10% AND vol_ratio_5>2.0 AND ret_1d>2%,4,58,0.41379310344827586,47,0.3522269572409825,0.3076923076923077,30.8/33.3/41.3/35.5
gap_up>3% AND ret_1d>5% AND vol_ratio_5>3.0 AND ret_5d>5%,4,41,0.36585365853658536,34,0.352014652014652,0.3,34.6/30.0/42.9/33.3
ret_5d>10% AND vol_ratio_5>3.0 AND vol_ratio_20>2.0 AND ret_1d>2%,4,132,0.30303030303030304,113,0.35195216049382716,0.30864197530864196,32.0/30.9/36.2/41.7
ret_5d>10% AND vol_ratio_5>3.0 AND px>5pct_above_sma20 AND ret_1d>2%,4,128,0.3203125,108,0.3518779831502066,0.3157894736842105,31.6/32.1/37.1/40.0
ret_5d>10% AND ret_1d>5% AND vol_ratio_5>3.0 AND px>5pct_above_sma20,4,127,0.3228346456692913,102,0.3518681291134941,0.3150684931506849,31.5/33.1/39.3/36.8
ret_5d>10% AND ret_1d>5% AND vol_high_close_high AND rsi_14>75,4,146,0.3424657534246575,79,0.35184603799731723,0.3032258064516129,30.3/37.8/38.1/34.5
gap_up>3% AND ret_1d>5% AND ret_5d>5% AND vol_ratio_5>2.0,4,60,0.36666666666666664,55,0.3516180004806537,0.3150684931506849,31.5/31.7/38.0/39.5
gap_up>2% AND vol_z_20>2 AND px>5pct_above_sma20 AND ret_1d>2%,4,85,0.35294117647058826,71,0.35133871743180417,0.28431372549019607,28.4/29.9/41.7/40.5
ret_1d>5% AND gap_up>2% AND vol_ratio_20>3.0 AND vol_ratio_5>2.0,4,75,0.30666666666666664,66,0.35106199530150595,0.3176470588235294,31.8/35.4/38.3/34.9
gap_up>3% AND ret_5d>10% AND vol_z_20>2 AND rsi_14>75,4,54,0.35185185185185186,22,0.35102941176470587,0.25,29.4/36.0/50.0/25.0
gap_up>3% AND vol_ratio_5>3.0 AND ret_5d>5% AND px>5pct_above_sma20,4,50,0.36,36,0.35101919184646524,0.2558139534883721,35.1/25.6/44.4/35.3
ret_5d>10% AND vol_ratio_5>3.0 AND vol_ratio_5>2.0 AND ret_1d>2%,4,134,0.31343283582089554,116,0.3507208736720784,0.3072289156626506,31.4/30.7/37.2/41.0
ret_5d>10% AND vol_ratio_5>3.0 AND ret_5d>5% AND ret_1d>2%,4,134,0.31343283582089554,116,0.3507208736720784,0.3072289156626506,31.4/30.7/37.2/41.0
ret_5d>10% AND vol_ratio_5>3.0 AND ret_1d>2%,3,134,0.31343283582089554,116,0.3507208736720784,0.3072289156626506,31.4/30.7/37.2/41.0
gap_up>3% AND vol_ratio_20>2.0 AND px>5pct_above_sma20 AND ret_1d>2%,4,92,0.358695652173913,70,0.350572200787718,0.2988505747126437,32.7/29.9/45.8/31.8
gap_up>3% AND vol_z_20>2 AND ret_5d>5% AND rsi_14>75,4,59,0.3559322033898305,24,0.3505094043887147,0.25,27.3/37.9/50.0/25.0
ret_5d>10% AND ret_1d>5% AND gap_up>2% AND ret_5d>5%,4,113,0.36283185840707965,104,0.35043536040444234,0.3162393162393162,31.6/36.3/32.7/39.6
ret_5d>10% AND ret_1d>5% AND gap_up>2% AND ret_1d>2%,4,113,0.36283185840707965,104,0.35043536040444234,0.3162393162393162,31.6/36.3/32.7/39.6
ret_5d>10% AND ret_1d>5% AND gap_up>2%,3,113,0.36283185840707965,104,0.35043536040444234,0.3162393162393162,31.6/36.3/32.7/39.6
gap_up>3% AND vol_z_20>2 AND rsi_14>75 AND vol_ratio_5>2.0,4,49,0.40816326530612246,20,0.35037878787878785,0.25,25.0/31.8/50.0/33.3
gap_up>3% AND ret_5d>10% AND vol_ratio_20>2.0 AND vol_ratio_5>2.0,4,71,0.36619718309859156,54,0.35031053248598887,0.29310344827586204,35.1/29.3/40.4/35.3
ret_5d>10% AND vol_ratio_5>3.0 AND vol_z_20>2 AND px>5pct_above_sma20,4,132,0.3106060606060606,103,0.3500789253334295,0.2847682119205298,33.3/28.5/36.8/41.4
gap_up>3% AND ret_5d>10% AND px>5pct_above_sma20 AND vol_ratio_5>2.0,4,73,0.3972602739726027,52,0.3491664149803685,0.2857142857142857,36.0/30.9/44.2/28.6
ret_1d>5% AND vol_ratio_5>3.0 AND gap_up>2% AND vol_ratio_20>2.0,4,49,0.30612244897959184,46,0.3489412634149476,0.3157894736842105,34.9/31.6/38.5/34.6
gap_up>3% AND vol_z_20>2 AND px>5pct_above_sma20 AND ret_1d>2%,4,66,0.3787878787878788,53,0.34876428792091446,0.27710843373493976,27.7/32.3/46.2/33.3
ret_1d>5% AND vol_ratio_20>3.0 AND vol_high_close_high AND vol_z_20>2,4,169,0.30177514792899407,125,0.3487079579968063,0.31901840490797545,33.1/31.9/32.7/41.8
gap_up>3% AND vol_ratio_5>3.0 AND vol_z_20>2 AND px>5pct_above_sma20,4,47,0.3404255319148936,35,0.3486480094599921,0.23255813953488372,32.2/23.3/44.0/40.0
gap_up>2% AND ret_5d>5% AND rsi_14>75 AND px>5pct_above_sma20,4,133,0.3609022556390977,65,0.3484354268022999,0.2785714285714286,27.9/28.2/42.1/41.2
vol_ratio_5>3.0 AND gap_up>2% AND ret_5d>5%,3,59,0.3389830508474576,48,0.34841961978589886,0.2698412698412698,37.5/27.0/34.9/40.0
vol_ratio_5>3.0 AND gap_up>2% AND ret_5d>5% AND vol_ratio_5>2.0,4,59,0.3389830508474576,48,0.34841961978589886,0.2698412698412698,37.5/27.0/34.9/40.0
ret_5d>10% AND gap_up>2% AND vol_ratio_20>2.0,3,140,0.30714285714285716,104,0.3483376965976569,0.33064516129032256,34.3/33.1/36.5/35.5
ret_5d>10% AND gap_up>2% AND vol_ratio_20>2.0 AND ret_5d>5%,4,140,0.30714285714285716,104,0.3483376965976569,0.33064516129032256,34.3/33.1/36.5/35.5
gap_up>5% AND vol_ratio_20>2.0 AND vol_ratio_5>2.0 AND ret_1d>2%,4,64,0.296875,45,0.34817100909842846,0.32,33.9/35.9/32.0/37.5
gap_up>3% AND ret_5d>10% AND gap_up>2% AND vol_ratio_20>2.0,4,110,0.32727272727272727,79,0.3481639156172126,0.3372093023255814,37.7/33.7/33.8/34.0
gap_up>3% AND ret_5d>10% AND vol_ratio_20>2.0 AND ret_5d>5%,4,110,0.32727272727272727,79,0.3481639156172126,0.3372093023255814,37.7/33.7/33.8/34.0
gap_up>3% AND ret_5d>10% AND vol_ratio_20>2.0,3,110,0.32727272727272727,79,0.3481639156172126,0.3372093023255814,37.7/33.7/33.8/34.0
gap_up>5% AND vol_ratio_5>3.0 AND vol_z_20>2 AND ret_1d>2%,4,42,0.30952380952380953,26,0.348082497212932,0.3076923076923077,33.3/36.0/39.1/30.8
gap_up>5% AND vol_ratio_5>3.0 AND ret_5d>5% AND vol_ratio_5>2.0,4,44,0.3181818181818182,28,0.3476677577741408,0.3076923076923077,38.3/33.3/36.7/30.8
gap_up>5% AND vol_ratio_5>3.0 AND gap_up>2% AND ret_5d>5%,4,44,0.3181818181818182,28,0.3476677577741408,0.3076923076923077,38.3/33.3/36.7/30.8
gap_up>5% AND gap_up>3% AND vol_ratio_5>3.0 AND ret_5d>5%,4,44,0.3181818181818182,28,0.3476677577741408,0.3076923076923077,38.3/33.3/36.7/30.8
gap_up>5% AND vol_ratio_5>3.0 AND ret_5d>5%,3,44,0.3181818181818182,28,0.3476677577741408,0.3076923076923077,38.3/33.3/36.7/30.8
gap_up>2% AND rsi_14>75 AND ret_1d>2%,3,97,0.422680412371134,51,0.3474330948595654,0.30392156862745096,30.4/31.1/40.0/37.5
gap_up>2% AND rsi_14>75 AND px>5pct_above_sma20 AND ret_1d>2%,4,97,0.422680412371134,51,0.3474330948595654,0.30392156862745096,30.4/31.1/40.0/37.5
gap_up>3% AND rsi_14>75 AND px>5pct_above_sma20,3,110,0.37272727272727274,48,0.3472733697875981,0.30097087378640774,30.1/31.0/44.4/33.3
gap_up>3% AND gap_up>2% AND rsi_14>75 AND px>5pct_above_sma20,4,110,0.37272727272727274,48,0.3472733697875981,0.30097087378640774,30.1/31.0/44.4/33.3
gap_up>3% AND ret_1d>5% AND vol_z_20>2 AND vol_ratio_5>2.0,4,58,0.3275862068965517,51,0.3471590909090909,0.2916666666666667,29.2/33.3/40.0/36.4
ret_1d>5% AND gap_up>2% AND px>5pct_above_sma20 AND vol_ratio_5>2.0,4,79,0.34177215189873417,65,0.34671032457423223,0.2978723404255319,29.8/30.5/40.9/37.5
vol_ratio_5>3.0 AND gap_up>2% AND vol_ratio_20>2.0 AND px>5pct_above_sma20,4,56,0.32142857142857145,46,0.346652519310879,0.25,35.8/25.0/38.7/39.1
gap_up>3% AND vol_z_20>2 AND rsi_14>75 AND px>5pct_above_sma20,4,60,0.36666666666666664,25,0.3461309523809524,0.25,26.8/36.7/50.0/25.0
ret_1d>5% AND vol_ratio_20>3.0 AND vol_high_close_high AND ret_1d>2%,4,190,0.3157894736842105,142,0.3460059592265103,0.3010752688172043,33.9/30.1/34.2/40.2
ret_1d>5% AND vol_ratio_20>3.0 AND vol_high_close_high AND vol_ratio_20>2.0,4,190,0.3157894736842105,142,0.3460059592265103,0.3010752688172043,33.9/30.1/34.2/40.2
ret_1d>5% AND vol_ratio_20>3.0 AND vol_high_close_high,3,190,0.3157894736842105,142,0.3460059592265103,0.3010752688172043,33.9/30.1/34.2/40.2
gap_up>3% AND vol_ratio_5>3.0 AND vol_z_20>2 AND ret_5d>5%,4,49,0.32653061224489793,36,0.3459971391657438,0.2558139534883721,33.9/25.6/40.0/38.9
gap_up>3% AND ret_1d>5% AND vol_ratio_20>3.0 AND vol_ratio_5>2.0,4,59,0.3220338983050847,53,0.34587818003913895,0.3013698630136986,30.1/33.9/40.0/34.3
gap_up>3% AND ret_1d>5% AND vol_ratio_5>3.0 AND vol_z_20>2,4,41,0.3170731707317073,34,0.3456060606060606,0.3,30.9/30.0/44.0/33.3
ret_5d>10% AND vol_ratio_5>3.0 AND vol_ratio_20>2.0 AND vol_ratio_5>2.0,4,140,0.3,118,0.3455846393512176,0.2958579881656805,33.3/29.6/35.6/39.7
ret_5d>10% AND vol_ratio_5>3.0 AND vol_ratio_20>2.0,3,140,0.3,118,0.3455846393512176,0.2958579881656805,33.3/29.6/35.6/39.7
ret_5d>10% AND vol_ratio_5>3.0 AND vol_ratio_20>2.0 AND ret_5d>5%,4,140,0.3,118,0.3455846393512176,0.2958579881656805,33.3/29.6/35.6/39.7
gap_up>3% AND rsi_14>75,2,110,0.37272727272727274,49,0.3452348616543532,0.2980769230769231,29.8/30.5/44.4/33.3
gap_up>3% AND gap_up>2% AND rsi_14>75,3,110,0.37272727272727274,49,0.3452348616543532,0.2980769230769231,29.8/30.5/44.4/33.3
vol_high_close_high AND rsi_14>75 AND vol_ratio_5>2.0 AND ret_1d>2%,4,86,0.3953488372093023,56,0.3450306637806638,0.2840909090909091,35.7/28.4/38.9/35.0
ret_1d>5% AND vol_ratio_20>3.0 AND vol_high_close_high AND px>5pct_above_sma20,4,174,0.3390804597701149,124,0.3446871805307247,0.30409356725146197,35.1/30.4/32.9/39.4
ret_1d>5% AND vol_ratio_20>3.0 AND vol_high_close_high AND vol_ratio_5>2.0,4,145,0.33793103448275863,117,0.3445943812777924,0.3105590062111801,36.4/31.1/34.7/35.6
ret_5d>10% AND vol_ratio_5>3.0 AND ret_5d>5% AND vol_ratio_5>2.0,4,142,0.30985915492957744,122,0.34451452771699165,0.2947976878612717,32.7/29.5/36.6/39.1
ret_5d>10% AND vol_ratio_5>3.0,2,142,0.30985915492957744,122,0.34451452771699165,0.2947976878612717,32.7/29.5/36.6/39.1
ret_5d>10% AND vol_ratio_5>3.0 AND ret_5d>5%,3,142,0.30985915492957744,122,0.34451452771699165,0.2947976878612717,32.7/29.5/36.6/39.1
ret_5d>10% AND vol_ratio_5>3.0 AND vol_ratio_5>2.0,3,142,0.30985915492957744,122,0.34451452771699165,0.2947976878612717,32.7/29.5/36.6/39.1
gap_up>3% AND vol_ratio_5>3.0 AND vol_ratio_20>3.0 AND ret_5d>5%,4,50,0.32,38,0.3444832441340469,0.2558139534883721,35.1/25.6/38.2/38.9
gap_up>3% AND vol_z_20>2 AND vol_ratio_20>2.0 AND rsi_14>75,4,60,0.36666666666666664,25,0.344391495601173,0.25,27.3/35.5/50.0/25.0
ret_5d>10% AND ret_1d>5% AND vol_ratio_20>3.0 AND rsi_14>75,4,170,0.29411764705882354,85,0.3440349072043224,0.3076923076923077,32.4/37.0/37.5/30.8
gap_up>5% AND vol_ratio_5>2.0 AND ret_1d>2%,3,70,0.3,51,0.34398516551409597,0.288135593220339,34.4/36.2/28.8/38.2
gap_up>5% AND gap_up>2% AND vol_ratio_5>2.0 AND ret_1d>2%,4,70,0.3,51,0.34398516551409597,0.288135593220339,34.4/36.2/28.8/38.2
gap_up>5% AND gap_up>3% AND vol_ratio_5>2.0 AND ret_1d>2%,4,70,0.3,51,0.34398516551409597,0.288135593220339,34.4/36.2/28.8/38.2
gap_up>3% AND vol_ratio_5>3.0 AND vol_ratio_20>2.0 AND px>5pct_above_sma20,4,50,0.32,38,0.3439226172971223,0.23404255319148937,34.4/23.4/44.4/35.3
ret_5d>10% AND vol_ratio_5>3.0 AND px>5pct_above_sma20 AND vol_ratio_5>2.0,4,135,0.31851851851851853,113,0.34387604397238625,0.3072289156626506,32.9/30.7/35.8/38.1
ret_5d>10% AND vol_ratio_5>3.0 AND px>5pct_above_sma20,3,135,0.31851851851851853,113,0.34387604397238625,0.3072289156626506,32.9/30.7/35.8/38.1
ret_5d>10% AND vol_ratio_5>3.0 AND ret_5d>5% AND px>5pct_above_sma20,4,135,0.31851851851851853,113,0.34387604397238625,0.3072289156626506,32.9/30.7/35.8/38.1
gap_up>3% AND vol_ratio_5>3.0 AND vol_ratio_20>3.0 AND px>5pct_above_sma20,4,48,0.3333333333333333,37,0.34375,0.2222222222222222,33.3/22.2/44.4/37.5
ret_5d>10% AND vol_high_close_high AND vol_ratio_20>2.0 AND vol_ratio_5>2.0,4,128,0.390625,117,0.3437390844596241,0.31645569620253167,35.9/31.6/34.7/35.3
gap_up>3% AND vol_ratio_20>3.0 AND ret_5d>5% AND px>5pct_above_sma20,4,107,0.308411214953271,68,0.34352846907993967,0.3076923076923077,35.3/31.8/39.6/30.8
vol_high_close_high AND vol_z_20>2 AND rsi_14>75 AND vol_ratio_5>2.0,4,80,0.4,50,0.3431761119081779,0.2682926829268293,37.6/26.8/37.5/35.3
gap_up>3% AND gap_up>2% AND vol_z_20>2 AND rsi_14>75,4,60,0.36666666666666664,25,0.34317396313364057,0.25,26.8/35.5/50.0/25.0
gap_up>3% AND vol_z_20>2 AND rsi_14>75,3,60,0.36666666666666664,25,0.34317396313364057,0.25,26.8/35.5/50.0/25.0
gap_up>3% AND vol_ratio_5>3.0 AND ret_5d>5% AND ret_1d>2%,4,44,0.36363636363636365,35,0.3431158410013322,0.2857142857142857,34.0/28.6/41.4/33.3
ret_5d>10% AND vol_ratio_5>3.0 AND vol_ratio_20>2.0 AND px>5pct_above_sma20,4,133,0.3082706766917293,111,0.3428021734854445,0.3048780487804878,33.5/30.5/34.4/38.7
gap_up>2% AND vol_ratio_20>3.0 AND ret_5d>5% AND px>5pct_above_sma20,4,135,0.2962962962962963,89,0.342661892890419,0.30327868852459017,33.3/30.3/38.7/34.7
ret_5d>10% AND gap_up>2% AND ret_5d>5% AND vol_ratio_5>2.0,4,90,0.35555555555555557,71,0.34230411532201815,0.29411764705882354,36.4/29.4/36.4/34.8
ret_5d>10% AND gap_up>2% AND vol_ratio_5>2.0,3,90,0.35555555555555557,71,0.34230411532201815,0.29411764705882354,36.4/29.4/36.4/34.8
gap_up>3% AND vol_ratio_20>2.0 AND ret_5d>5% AND ret_1d>2%,4,91,0.34065934065934067,75,0.3421199785817726,0.313953488372093,33.3/31.4/35.4/36.7
ret_1d>5% AND gap_up>2% AND vol_ratio_20>2.0 AND vol_ratio_5>2.0,4,87,0.27586206896551724,75,0.34185338888084627,0.30434782608695654,30.4/32.2/38.2/35.8
vol_ratio_20>3.0 AND vol_high_close_high AND rsi_14>75 AND ret_1d>2%,4,113,0.35398230088495575,59,0.34164919362287777,0.3157894736842105,38.7/34.5/31.6/31.8
gap_up>3% AND ret_5d>10% AND px>5pct_above_sma20 AND ret_1d>2%,4,94,0.43617021276595747,74,0.34113857803423286,0.27906976744186046,31.4/36.8/40.3/27.9
ret_5d>10% AND ret_1d>5% AND vol_ratio_20>2.0 AND rsi_14>75,4,207,0.2946859903381642,107,0.3406294226477713,0.29357798165137616,29.4/36.0/38.5/32.4
vol_ratio_5>3.0 AND gap_up>2% AND px>5pct_above_sma20 AND vol_ratio_5>2.0,4,59,0.3389830508474576,47,0.3397779248916707,0.23880597014925373,35.8/23.9/38.7/37.5
vol_ratio_5>3.0 AND gap_up>2% AND px>5pct_above_sma20,3,59,0.3389830508474576,47,0.3397779248916707,0.23880597014925373,35.8/23.9/38.7/37.5
ret_5d>10% AND ret_1d>5% AND vol_high_close_high AND vol_ratio_5>2.0,4,128,0.4140625,120,0.339651844436634,0.3105590062111801,34.4/31.1/34.7/35.7
gap_up>2% AND vol_ratio_20>2.0 AND px>5pct_above_sma20 AND ret_1d>2%,4,122,0.3114754098360656,97,0.3396435647406312,0.2740740740740741,30.8/27.4/42.6/35.0
gap_up>3% AND vol_ratio_5>3.0 AND vol_ratio_20>2.0 AND ret_5d>5%,4,51,0.3137254901960784,39,0.3395669489816495,0.26666666666666666,36.2/26.7/36.1/36.8
gap_up>2% AND vol_ratio_20>2.0 AND ret_5d>5% AND ret_1d>2%,4,124,0.2903225806451613,101,0.3392475881164859,0.29770992366412213,32.3/29.8/36.1/37.5
gap_up>5% AND vol_ratio_5>3.0 AND vol_ratio_20>3.0 AND ret_1d>2%,4,44,0.29545454545454547,28,0.3392272620996025,0.2857142857142857,34.0/34.6/38.5/28.6
gap_up>3% AND px>5pct_above_sma20 AND vol_ratio_5>2.0 AND ret_1d>2%,4,75,0.38666666666666666,55,0.33906735309220254,0.28125,28.9/28.1/46.2/32.4
gap_up>3% AND ret_1d>5% AND ret_5d>5% AND ret_1d>2%,4,94,0.3829787234042553,95,0.3389095568783069,0.3238095238095238,32.4/33.3/32.8/37.0
gap_up>3% AND ret_1d>5% AND gap_up>2% AND ret_5d>5%,4,94,0.3829787234042553,95,0.3389095568783069,0.3238095238095238,32.4/33.3/32.8/37.0
gap_up>3% AND ret_1d>5% AND ret_5d>5%,3,94,0.3829787234042553,95,0.3389095568783069,0.3238095238095238,32.4/33.3/32.8/37.0
ret_5d>10% AND rsi_14>75 AND px>5pct_above_sma20 AND vol_ratio_5>2.0,4,145,0.296551724137931,82,0.3388106856856857,0.26126126126126126,31.2/26.1/48.1/30.0
ret_5d>10% AND rsi_14>75 AND vol_ratio_5>2.0,3,145,0.296551724137931,82,0.3388106856856857,0.26126126126126126,31.2/26.1/48.1/30.0
ret_5d>10% AND ret_5d>5% AND rsi_14>75 AND vol_ratio_5>2.0,4,145,0.296551724137931,82,0.3388106856856857,0.26126126126126126,31.2/26.1/48.1/30.0
ret_5d>10% AND vol_z_20>2 AND rsi_14>75 AND vol_ratio_5>2.0,4,137,0.29927007299270075,72,0.3388086854460094,0.26,31.7/26.0/45.8/32.0
gap_up>2% AND vol_z_20>2 AND ret_5d>5% AND vol_ratio_5>2.0,4,101,0.297029702970297,74,0.3387324613232278,0.2826086956521739,33.0/28.3/33.3/40.9
gap_up>2% AND vol_ratio_20>3.0 AND ret_5d>5% AND vol_ratio_5>2.0,4,103,0.2912621359223301,76,0.3387045709867087,0.2903225806451613,34.3/29.0/34.3/37.8
gap_up>3% AND ret_1d>5% AND vol_ratio_5>3.0 AND vol_ratio_20>3.0,4,42,0.30952380952380953,36,0.33856732348111657,0.2857142857142857,32.1/28.6/41.4/33.3
vol_ratio_20>3.0 AND vol_high_close_high AND ret_5d>5% AND vol_ratio_5>2.0,4,145,0.3310344827586207,116,0.3384743751966066,0.29518072289156627,34.9/29.5/35.6/35.4
ret_1d>5% AND gap_up>2% AND ret_5d>5% AND px>5pct_above_sma20,4,122,0.3360655737704918,98,0.3379264058996032,0.29411764705882354,29.4/30.6/38.8/36.4
ret_5d>10% AND ret_1d>5% AND vol_high_close_high AND vol_z_20>2,4,150,0.34,122,0.3379028517899561,0.29936305732484075,31.9/29.9/31.7/41.7
gap_up>3% AND vol_ratio_5>3.0 AND px>5pct_above_sma20 AND vol_ratio_5>2.0,4,52,0.34615384615384615,38,0.3378016848816029,0.22916666666666666,34.4/22.9/44.4/33.3
gap_up>3% AND vol_ratio_5>3.0 AND gap_up>2% AND px>5pct_above_sma20,4,52,0.34615384615384615,38,0.3378016848816029,0.22916666666666666,34.4/22.9/44.4/33.3
gap_up>3% AND vol_ratio_5>3.0 AND px>5pct_above_sma20,3,52,0.34615384615384615,38,0.3378016848816029,0.22916666666666666,34.4/22.9/44.4/33.3
gap_up>2% AND vol_ratio_20>3.0 AND vol_z_20>2 AND ret_5d>5%,4,117,0.2905982905982906,82,0.3368844204738957,0.29906542056074764,33.0/29.9/34.3/37.5
gap_up>3% AND ret_5d>10% AND ret_5d>5% AND vol_ratio_5>2.0,4,75,0.38666666666666666,56,0.33686497938616583,0.288135593220339,36.0/28.8/37.5/32.4
gap_up>3% AND ret_5d>10% AND gap_up>2% AND vol_ratio_5>2.0,4,75,0.38666666666666666,56,0.33686497938616583,0.288135593220339,36.0/28.8/37.5/32.4
gap_up>3% AND ret_5d>10% AND vol_ratio_5>2.0,3,75,0.38666666666666666,56,0.33686497938616583,0.288135593220339,36.0/28.8/37.5/32.4
ret_5d>10% AND vol_high_close_high AND vol_z_20>2 AND rsi_14>75,4,100,0.33,55,0.3367050171680418,0.3157894736842105,34.6/31.6/31.6/36.8
ret_5d>10% AND ret_1d>5% AND vol_z_20>2 AND rsi_14>75,4,162,0.25925925925925924,82,0.33615265906932573,0.29012345679012347,29.0/33.3/37.5/34.6
vol_ratio_20>3.0 AND vol_high_close_high AND ret_5d>5% AND rsi_14>75,4,116,0.35344827586206895,59,0.33605616693851986,0.2857142857142857,38.7/35.3/28.6/31.8
ret_5d>10% AND vol_ratio_20>2.0 AND rsi_14>75 AND vol_ratio_5>2.0,4,143,0.2937062937062937,79,0.3358659837047687,0.27102803738317754,31.4/27.1/45.8/30.0
ret_5d>10% AND rsi_14>75 AND vol_ratio_5>2.0 AND ret_1d>2%,4,137,0.29927007299270075,76,0.33492654957567947,0.27102803738317754,31.0/27.1/45.8/30.0
gap_up>3% AND ret_1d>5% AND vol_ratio_20>2.0 AND vol_ratio_5>2.0,4,64,0.3125,60,0.33487866300366304,0.2948717948717949,29.5/31.2/37.5/35.7
vol_ratio_20>3.0 AND vol_high_close_high AND ret_5d>5% AND ret_1d>2%,4,190,0.30526315789473685,141,0.3340761556487363,0.291005291005291,32.8/29.1/34.2/37.5
ret_5d>10% AND vol_ratio_20>3.0 AND rsi_14>75 AND vol_ratio_5>2.0,4,137,0.29927007299270075,73,0.3339349559955995,0.25,34.0/28.7/45.8/25.0
ret_1d>5% AND vol_ratio_20>3.0 AND rsi_14>75 AND vol_ratio_5>2.0,4,135,0.31851851851851853,71,0.3334686147186147,0.2727272727272727,34.1/27.3/42.9/29.2
gap_up>2% AND vol_ratio_20>3.0 AND vol_ratio_20>2.0 AND ret_5d>5%,4,143,0.27972027972027974,99,0.3329116059379217,0.3,33.1/30.0/35.0/35.1
gap_up>2% AND vol_ratio_20>3.0 AND ret_5d>5%,3,143,0.27972027972027974,99,0.3329116059379217,0.3,33.1/30.0/35.0/35.1
ret_5d>10% AND vol_high_close_high AND px>5pct_above_sma20 AND vol_ratio_5>2.0,4,128,0.40625,116,0.3327850725820978,0.30434782608695654,35.1/30.4/33.3/34.2
gap_up>3% AND vol_ratio_20>3.0 AND ret_5d>5% AND vol_ratio_5>2.0,4,84,0.30952380952380953,61,0.3322828581550452,0.26865671641791045,34.1/26.9/35.1/36.8
vol_ratio_20>3.0 AND vol_high_close_high AND vol_z_20>2 AND ret_5d>5%,4,174,0.29310344827586204,126,0.3320052368906637,0.2982456140350877,32.3/29.8/32.3/38.4
ret_1d>5% AND vol_ratio_5>3.0 AND gap_up>2% AND vol_ratio_5>2.0,4,51,0.3333333333333333,48,0.3317212301587302,0.28125,34.9/28.1/37.5/32.1
ret_1d>5% AND vol_ratio_5>3.0 AND gap_up>2% AND ret_1d>2%,4,51,0.3333333333333333,48,0.3317212301587302,0.28125,34.9/28.1/37.5/32.1
ret_1d>5% AND vol_ratio_5>3.0 AND gap_up>2%,3,51,0.3333333333333333,48,0.3317212301587302,0.28125,34.9/28.1/37.5/32.1
gap_up>5% AND gap_up>2% AND px>5pct_above_sma20,3,126,0.2857142857142857,77,0.3314844558554255,0.2916666666666667,35.8/32.9/34.7/29.2
gap_up>5% AND gap_up>3% AND gap_up>2% AND px>5pct_above_sma20,4,126,0.2857142857142857,77,0.3314844558554255,0.2916666666666667,35.8/32.9/34.7/29.2
gap_up>5% AND px>5pct_above_sma20,2,126,0.2857142857142857,77,0.3314844558554255,0.2916666666666667,35.8/32.9/34.7/29.2
gap_up>5% AND gap_up>3% AND px>5pct_above_sma20,3,126,0.2857142857142857,77,0.3314844558554255,0.2916666666666667,35.8/32.9/34.7/29.2
gap_up>2% AND vol_z_20>2 AND vol_ratio_20>2.0 AND ret_5d>5%,4,120,0.2833333333333333,91,0.3314451269349331,0.2833333333333333,31.9/28.3/31.6/40.7
gap_up>3% AND vol_ratio_5>3.0 AND ret_5d>5% AND vol_ratio_5>2.0,4,53,0.33962264150943394,40,0.331072470521496,0.2608695652173913,36.2/26.1/35.1/35.0
gap_up>3% AND vol_ratio_5>3.0 AND ret_5d>5%,3,53,0.33962264150943394,40,0.331072470521496,0.2608695652173913,36.2/26.1/35.1/35.0
gap_up>3% AND vol_ratio_5>3.0 AND gap_up>2% AND ret_5d>5%,4,53,0.33962264150943394,40,0.331072470521496,0.2608695652173913,36.2/26.1/35.1/35.0
gap_up>3% AND ret_5d>5% AND vol_ratio_5>2.0 AND ret_1d>2%,4,71,0.36619718309859156,60,0.33071292181522205,0.29850746268656714,30.0/29.9/35.8/36.6
gap_up>3% AND vol_z_20>2 AND ret_5d>5% AND vol_ratio_5>2.0,4,82,0.3170731707317073,59,0.33061736290887755,0.26865671641791045,32.5/26.9/34.0/38.9
ret_1d>5% AND vol_high_close_high AND vol_z_20>2 AND rsi_14>75,4,99,0.3333333333333333,57,0.33045163738885275,0.2988505747126437,34.0/29.9/33.3/35.0
vol_ratio_20>3.0 AND vol_high_close_high AND ret_5d>5%,3,197,0.29949238578680204,144,0.33042900726724256,0.28717948717948716,32.6/28.7/33.3/37.5
vol_ratio_20>3.0 AND vol_high_close_high AND vol_ratio_20>2.0 AND ret_5d>5%,4,197,0.29949238578680204,144,0.33042900726724256,0.28717948717948716,32.6/28.7/33.3/37.5
ret_1d>5% AND vol_ratio_20>3.0 AND ret_5d>5% AND rsi_14>75,4,178,0.29775280898876405,93,0.33008620689655166,0.3103448275862069,31.7/33.3/36.0/31.0
gap_up>2% AND vol_z_20>2 AND ret_5d>5%,3,120,0.2833333333333333,92,0.329945806618286,0.2833333333333333,31.6/28.3/31.3/40.7
gap_up>3% AND vol_ratio_20>3.0 AND vol_ratio_20>2.0 AND ret_5d>5%,4,113,0.2920353982300885,76,0.3298843366778149,0.30434782608695654,35.6/30.4/33.3/32.6
gap_up>3% AND gap_up>2% AND vol_ratio_20>3.0 AND ret_5d>5%,4,113,0.2920353982300885,76,0.3298843366778149,0.30434782608695654,35.6/30.4/33.3/32.6
gap_up>3% AND vol_ratio_20>3.0 AND ret_5d>5%,3,113,0.2920353982300885,76,0.3298843366778149,0.30434782608695654,35.6/30.4/33.3/32.6
ret_5d>10% AND vol_high_close_high AND vol_ratio_5>2.0 AND ret_1d>2%,4,131,0.40458015267175573,124,0.3292443993835329,0.2994011976047904,34.6/29.9/33.3/33.8
vol_ratio_20>3.0 AND vol_high_close_high AND ret_5d>5% AND px>5pct_above_sma20,4,188,0.30851063829787234,133,0.3292330917874396,0.28804347826086957,33.3/28.8/32.2/37.3
ret_1d>5% AND vol_ratio_20>3.0 AND rsi_14>75 AND ret_1d>2%,4,182,0.3076923076923077,93,0.3290493016141478,0.3103448275862069,31.5/33.1/36.0/31.0
ret_1d>5% AND vol_ratio_20>3.0 AND rsi_14>75 AND px>5pct_above_sma20,4,182,0.3076923076923077,93,0.3290493016141478,0.3103448275862069,31.5/33.1/36.0/31.0
ret_1d>5% AND vol_ratio_20>3.0 AND vol_ratio_20>2.0 AND rsi_14>75,4,182,0.3076923076923077,93,0.3290493016141478,0.3103448275862069,31.5/33.1/36.0/31.0
ret_1d>5% AND vol_ratio_20>3.0 AND rsi_14>75,3,182,0.3076923076923077,93,0.3290493016141478,0.3103448275862069,31.5/33.1/36.0/31.0
gap_up>2% AND ret_5d>5% AND vol_ratio_5>2.0 AND ret_1d>2%,4,93,0.3225806451612903,78,0.32898032690114476,0.29591836734693877,29.9/29.6/34.8/37.3
vol_ratio_20>3.0 AND vol_high_close_high AND rsi_14>75 AND px>5pct_above_sma20,4,116,0.35344827586206895,61,0.32884378249546786,0.2727272727272727,38.7/33.7/27.3/31.8
vol_high_close_high AND rsi_14>75 AND px>5pct_above_sma20 AND vol_ratio_5>2.0,4,87,0.39080459770114945,57,0.32880036630036624,0.27472527472527475,35.7/27.5/33.3/35.0
ret_5d>10% AND vol_high_close_high AND ret_5d>5% AND vol_ratio_5>2.0,4,131,0.40458015267175573,125,0.32879886188709717,0.2976190476190476,34.6/29.8/33.3/33.8
ret_5d>10% AND vol_high_close_high AND vol_ratio_5>2.0,3,131,0.40458015267175573,125,0.32879886188709717,0.2976190476190476,34.6/29.8/33.3/33.8
ret_1d>5% AND gap_up>2% AND px>5pct_above_sma20 AND ret_1d>2%,4,134,0.3358208955223881,108,0.32867108424223096,0.2876712328767123,28.8/29.4/36.8/36.5
ret_1d>5% AND gap_up>2% AND px>5pct_above_sma20,3,134,0.3358208955223881,108,0.32867108424223096,0.2876712328767123,28.8/29.4/36.8/36.5
gap_up>2% AND vol_z_20>2 AND ret_5d>5% AND px>5pct_above_sma20,4,112,0.30357142857142855,81,0.3285407904051971,0.27927927927927926,31.5/27.9/35.6/36.4
vol_ratio_20>3.0 AND vol_high_close_high AND px>5pct_above_sma20 AND vol_ratio_5>2.0,4,141,0.3404255319148936,111,0.3284029682881402,0.28313253012048195,35.4/28.3/33.8/33.9
ret_1d>5% AND vol_z_20>2 AND rsi_14>75 AND vol_ratio_5>2.0,4,136,0.3161764705882353,73,0.3279884815283045,0.23893805309734514,31.1/23.9/42.9/33.3
vol_ratio_5>3.0 AND gap_up>2% AND vol_z_20>2 AND ret_1d>2%,4,56,0.30357142857142855,48,0.3278731085189033,0.27419354838709675,29.9/27.4/36.8/37.0
ret_1d>5% AND ret_5d>5% AND rsi_14>75 AND vol_ratio_5>2.0,4,146,0.2876712328767123,83,0.32713532296402154,0.24193548387096775,29.9/24.2/42.3/34.5
gap_up>3% AND vol_ratio_20>3.0 AND vol_z_20>2 AND ret_5d>5%,4,94,0.2978723404255319,64,0.3266518569150148,0.2857142857142857,33.3/28.6/34.5/34.2
gap_up>3% AND gap_up>2% AND vol_ratio_20>3.0 AND px>5pct_above_sma20,4,112,0.32142857142857145,73,0.32659614024821393,0.2857142857142857,34.3/29.0/38.8/28.6
gap_up>3% AND vol_ratio_20>3.0 AND vol_ratio_20>2.0 AND px>5pct_above_sma20,4,112,0.32142857142857145,73,0.32659614024821393,0.2857142857142857,34.3/29.0/38.8/28.6
gap_up>3% AND vol_ratio_20>3.0 AND px>5pct_above_sma20,3,112,0.32142857142857145,73,0.32659614024821393,0.2857142857142857,34.3/29.0/38.8/28.6
ret_5d>10% AND ret_1d>5% AND vol_high_close_high AND vol_ratio_20>2.0,4,193,0.33678756476683935,165,0.32633072323310125,0.2895927601809955,29.0/30.8/31.9/38.9
gap_up>3% AND ret_1d>5% AND vol_ratio_5>2.0,3,72,0.3333333333333333,65,0.32610033327218246,0.3037974683544304,30.4/31.9/33.3/34.8
gap_up>3% AND ret_1d>5% AND gap_up>2% AND vol_ratio_5>2.0,4,72,0.3333333333333333,65,0.32610033327218246,0.3037974683544304,30.4/31.9/33.3/34.8
gap_up>3% AND ret_1d>5% AND vol_ratio_5>2.0 AND ret_1d>2%,4,72,0.3333333333333333,65,0.32610033327218246,0.3037974683544304,30.4/31.9/33.3/34.8
gap_up>3% AND ret_1d>5% AND vol_ratio_5>3.0 AND vol_ratio_20>2.0,4,43,0.3023255813953488,38,0.32594696969696973,0.29545454545454547,33.3/29.5/37.5/30.0
gap_up>5% AND gap_up>2% AND vol_ratio_20>3.0,3,109,0.26605504587155965,71,0.325821712123082,0.2777777777777778,40.0/33.8/28.8/27.8
gap_up>5% AND gap_up>2% AND vol_ratio_20>3.0 AND vol_ratio_20>2.0,4,109,0.26605504587155965,71,0.325821712123082,0.2777777777777778,40.0/33.8/28.8/27.8
gap_up>5% AND vol_ratio_20>3.0,2,109,0.26605504587155965,71,0.325821712123082,0.2777777777777778,40.0/33.8/28.8/27.8
gap_up>5% AND gap_up>3% AND gap_up>2% AND vol_ratio_20>3.0,4,109,0.26605504587155965,71,0.325821712123082,0.2777777777777778,40.0/33.8/28.8/27.8
gap_up>5% AND vol_ratio_20>3.0 AND vol_ratio_20>2.0,3,109,0.26605504587155965,71,0.325821712123082,0.2777777777777778,40.0/33.8/28.8/27.8
gap_up>5% AND gap_up>3% AND vol_ratio_20>3.0,3,109,0.26605504587155965,71,0.325821712123082,0.2777777777777778,40.0/33.8/28.8/27.8
gap_up>5% AND gap_up>3% AND vol_ratio_20>3.0 AND vol_ratio_20>2.0,4,109,0.26605504587155965,71,0.325821712123082,0.2777777777777778,40.0/33.8/28.8/27.8
gap_up>2% AND vol_ratio_20>3.0 AND vol_z_20>2 AND px>5pct_above_sma20,4,115,0.3217391304347826,78,0.325767982017982,0.28846153846153844,31.8/28.8/33.9/35.7
vol_ratio_20>3.0 AND vol_high_close_high AND px>5pct_above_sma20 AND ret_1d>2%,4,187,0.3155080213903743,136,0.325733253523426,0.28342245989304815,33.0/28.3/32.6/36.4
gap_up>3% AND vol_z_20>2 AND vol_ratio_20>2.0 AND ret_5d>5%,4,95,0.29473684210526313,70,0.32555066229338453,0.2804878048780488,32.3/28.0/31.8/38.1
gap_up>2% AND vol_ratio_20>2.0 AND ret_5d>5% AND vol_ratio_5>2.0,4,113,0.2831858407079646,86,0.3255090995916684,0.2727272727272727,32.1/27.3/33.8/37.0
ret_1d>5% AND vol_high_close_high AND vol_ratio_20>2.0 AND rsi_14>75,4,129,0.3488372093023256,78,0.3251667655115931,0.31333333333333335,31.3/32.4/31.8/34.5
gap_up>3% AND ret_1d>5% AND ret_1d>2%,3,119,0.36134453781512604,131,0.3251594896331738,0.3157894736842105,31.6/33.3/33.3/31.8
gap_up>3% AND ret_1d>5% AND gap_up>2%,3,119,0.36134453781512604,131,0.3251594896331738,0.3157894736842105,31.6/33.3/33.3/31.8
gap_up>3% AND ret_1d>5% AND gap_up>2% AND ret_1d>2%,4,119,0.36134453781512604,131,0.3251594896331738,0.3157894736842105,31.6/33.3/33.3/31.8
gap_up>3% AND ret_1d>5%,2,119,0.36134453781512604,131,0.3251594896331738,0.3157894736842105,31.6/33.3/33.3/31.8
vol_ratio_20>3.0 AND vol_high_close_high AND vol_z_20>2 AND px>5pct_above_sma20,4,170,0.3,121,0.3250254253536132,0.28488372093023256,32.5/28.5/31.3/37.7
gap_up>3% AND ret_5d>5% AND px>5pct_above_sma20 AND vol_ratio_5>2.0,4,90,0.34444444444444444,62,0.32456613393469946,0.2714285714285714,32.3/27.1/40.4/30.0
ret_5d>10% AND vol_high_close_high AND vol_ratio_20>2.0 AND rsi_14>75,4,140,0.3357142857142857,77,0.32454364691066245,0.31125827814569534,31.1/34.6/31.8/32.3
gap_up>3% AND vol_ratio_20>3.0 AND px>5pct_above_sma20 AND vol_ratio_5>2.0,4,83,0.3493975903614458,59,0.32393790849673204,0.25,32.2/25.0/40.0/32.4
vol_high_close_high AND vol_ratio_20>2.0 AND rsi_14>75 AND vol_ratio_5>2.0,4,84,0.39285714285714285,57,0.32385785506333176,0.26881720430107525,36.1/26.9/31.6/35.0
ret_5d>10% AND vol_high_close_high AND vol_z_20>2 AND vol_ratio_20>2.0,4,154,0.33116883116883117,129,0.3237871298519856,0.27976190476190477,30.7/28.0/30.3/40.5
gap_up>3% AND vol_z_20>2 AND ret_5d>5%,3,95,0.29473684210526313,72,0.3237187090715892,0.2804878048780488,31.9/28.0/31.4/38.1
gap_up>3% AND gap_up>2% AND vol_z_20>2 AND ret_5d>5%,4,95,0.29473684210526313,72,0.3237187090715892,0.2804878048780488,31.9/28.0/31.4/38.1
gap_up>3% AND vol_ratio_20>2.0 AND ret_5d>5% AND px>5pct_above_sma20,4,127,0.29133858267716534,85,0.323197346824396,0.26,34.1/29.8/39.3/26.0
gap_up>3% AND vol_ratio_20>3.0 AND vol_z_20>2 AND px>5pct_above_sma20,4,94,0.32978723404255317,60,0.32296476046476047,0.28378378378378377,31.9/28.4/38.6/30.3
ret_1d>5% AND gap_up>2% AND ret_5d>5%,3,130,0.3230769230769231,128,0.322847399829497,0.2971014492753623,29.7/29.7/30.6/39.1
ret_1d>5% AND gap_up>2% AND ret_5d>5% AND ret_1d>2%,4,130,0.3230769230769231,128,0.322847399829497,0.2971014492753623,29.7/29.7/30.6/39.1
vol_high_close_high AND rsi_14>75 AND vol_ratio_5>2.0,3,87,0.39080459770114945,59,0.32276632302405495,0.25773195876288657,35.0/25.8/33.3/35.0
vol_ratio_20>3.0 AND vol_high_close_high AND vol_ratio_20>2.0 AND rsi_14>75,4,116,0.35344827586206895,62,0.3226373606808389,0.2727272727272727,38.7/32.6/27.3/30.4
vol_ratio_20>3.0 AND vol_high_close_high AND rsi_14>75,3,116,0.35344827586206895,62,0.3226373606808389,0.2727272727272727,38.7/32.6/27.3/30.4
vol_ratio_5>3.0 AND vol_high_close_high AND vol_ratio_20>2.0 AND vol_ratio_5>2.0,4,114,0.34210526315789475,96,0.3224819429687584,0.3103448275862069,32.8/31.9/33.3/31.0
vol_ratio_5>3.0 AND vol_high_close_high AND vol_ratio_20>2.0,3,114,0.34210526315789475,96,0.3224819429687584,0.3103448275862069,32.8/31.9/33.3/31.0
ret_5d>10% AND gap_up>2% AND px>5pct_above_sma20 AND ret_1d>2%,4,125,0.368,102,0.3221456791493485,0.27972027972027974,28.0/32.8/37.1/31.0
gap_up>3% AND vol_z_20>2 AND ret_5d>5% AND px>5pct_above_sma20,4,90,0.3111111111111111,62,0.32204789833822095,0.29333333333333333,31.2/29.3/38.0/30.3
gap_up>3% AND vol_ratio_20>2.0 AND ret_5d>5% AND vol_ratio_5>2.0,4,91,0.3076923076923077,68,0.32204331432942934,0.2597402597402597,32.6/26.0/33.9/36.4
ret_1d>5% AND vol_ratio_5>3.0 AND vol_ratio_20>3.0 AND ret_5d>5%,4,170,0.27058823529411763,137,0.3219899273339722,0.27411167512690354,27.6/27.4/39.0/34.7
gap_up>2% AND vol_ratio_20>3.0 AND vol_ratio_20>2.0 AND px>5pct_above_sma20,4,140,0.30714285714285716,96,0.32193233777428965,0.2824427480916031,32.1/28.2/36.4/32.1
gap_up>2% AND vol_ratio_20>3.0 AND px>5pct_above_sma20,3,140,0.30714285714285716,96,0.32193233777428965,0.2824427480916031,32.1/28.2/36.4/32.1
gap_up>2% AND ret_5d>5% AND px>5pct_above_sma20 AND vol_ratio_5>2.0,4,109,0.3211009174311927,79,0.3216815254630381,0.27450980392156865,31.5/27.5/37.0/32.7
gap_up>2% AND vol_z_20>2 AND px>5pct_above_sma20 AND vol_ratio_5>2.0,4,97,0.3402061855670103,70,0.32153189677461524,0.26373626373626374,31.1/26.4/33.3/37.8
gap_up>2% AND px>5pct_above_sma20 AND vol_ratio_5>2.0 AND ret_1d>2%,4,93,0.3548387096774194,73,0.32129395604224814,0.26804123711340205,28.2/26.8/38.8/34.8
gap_up>3% AND ret_5d>10% AND ret_5d>5% AND ret_1d>2%,4,96,0.4375,97,0.32125941959275295,0.2727272727272727,31.4/35.8/27.3/34.0
gap_up>3% AND ret_5d>10% AND gap_up>2% AND ret_1d>2%,4,96,0.4375,97,0.32125941959275295,0.2727272727272727,31.4/35.8/27.3/34.0
gap_up>3% AND ret_5d>10% AND ret_1d>2%,3,96,0.4375,97,0.32125941959275295,0.2727272727272727,31.4/35.8/27.3/34.0
ret_1d>5% AND vol_ratio_20>2.0 AND rsi_14>75 AND vol_ratio_5>2.0,4,144,0.3055555555555556,80,0.32101645458262607,0.24793388429752067,30.0/24.8/39.1/34.5
ret_1d>5% AND rsi_14>75 AND px>5pct_above_sma20 AND vol_ratio_5>2.0,4,150,0.3,84,0.3208309655706976,0.23809523809523808,29.3/23.8/40.7/34.5
ret_1d>5% AND rsi_14>75 AND vol_ratio_5>2.0 AND ret_1d>2%,4,150,0.3,84,0.3208309655706976,0.23809523809523808,29.3/23.8/40.7/34.5
ret_1d>5% AND rsi_14>75 AND vol_ratio_5>2.0,3,150,0.3,84,0.3208309655706976,0.23809523809523808,29.3/23.8/40.7/34.5
gap_up>3% AND vol_z_20>2 AND px>5pct_above_sma20 AND vol_ratio_5>2.0,4,81,0.35802469135802467,56,0.32055157486191965,0.25757575757575757,31.0/25.8/38.1/33.3
gap_up>2% AND vol_ratio_20>3.0 AND vol_ratio_20>2.0 AND ret_1d>2%,4,119,0.3025210084033613,96,0.32050151705576924,0.2975206611570248,29.8/31.7/34.5/32.3
gap_up>2% AND vol_ratio_20>3.0 AND ret_1d>2%,3,119,0.3025210084033613,96,0.32050151705576924,0.2975206611570248,29.8/31.7/34.5/32.3
gap_up>5% AND gap_up>3% AND ret_5d>5%,3,119,0.29411764705882354,88,0.3201215492506765,0.2631578947368421,37.6/32.5/26.3/31.6
gap_up>5% AND gap_up>2% AND ret_5d>5%,3,119,0.29411764705882354,88,0.3201215492506765,0.2631578947368421,37.6/32.5/26.3/31.6
gap_up>5% AND gap_up>3% AND gap_up>2% AND ret_5d>5%,4,119,0.29411764705882354,88,0.3201215492506765,0.2631578947368421,37.6/32.5/26.3/31.6
gap_up>5% AND ret_5d>5%,2,119,0.29411764705882354,88,0.3201215492506765,0.2631578947368421,37.6/32.5/26.3/31.6
vol_ratio_20>3.0 AND vol_high_close_high AND px>5pct_above_sma20,3,195,0.3076923076923077,139,0.3200488595225437,0.2727272727272727,32.8/27.3/31.6/36.4
vol_ratio_20>3.0 AND vol_high_close_high AND vol_ratio_20>2.0 AND px>5pct_above_sma20,4,195,0.3076923076923077,139,0.3200488595225437,0.2727272727272727,32.8/27.3/31.6/36.4
gap_up>2% AND vol_ratio_20>3.0 AND px>5pct_above_sma20 AND vol_ratio_5>2.0,4,100,0.33,73,0.31994962095506985,0.26595744680851063,32.7/26.6/34.5/34.1
ret_5d>10% AND vol_high_close_high AND vol_z_20>2 AND px>5pct_above_sma20,4,156,0.32051282051282054,124,0.3197697129682556,0.27710843373493976,30.5/27.7/30.8/38.9
ret_1d>5% AND vol_ratio_20>2.0 AND ret_5d>5% AND rsi_14>75,4,221,0.2895927601809955,120,0.3195470137207425,0.2796610169491525,28.0/31.6/35.7/32.5
ret_5d>10% AND vol_high_close_high AND vol_z_20>2 AND ret_1d>2%,4,156,0.3269230769230769,130,0.3193027920092141,0.28484848484848485,30.0/28.5/30.3/39.0
gap_up>2% AND vol_ratio_20>3.0 AND vol_z_20>2 AND ret_1d>2%,4,102,0.3235294117647059,83,0.31923004510703723,0.27884615384615385,27.9/33.0/34.7/32.1
ret_1d>5% AND vol_ratio_5>3.0 AND vol_z_20>2 AND ret_5d>5%,4,167,0.2754491017964072,132,0.3189204070112672,0.2631578947368421,26.3/26.8/39.7/34.7
ret_5d>10% AND ret_1d>5% AND vol_ratio_20>3.0 AND px>5pct_above_sma20,4,265,0.2679245283018868,186,0.31876794362153554,0.29044117647058826,29.0/30.3/32.7/35.4
gap_up>3% AND vol_ratio_20>2.0 AND px>5pct_above_sma20 AND vol_ratio_5>2.0,4,93,0.3333333333333333,64,0.3186398276725103,0.25333333333333335,30.9/25.3/40.4/30.8
vol_ratio_5>3.0 AND gap_up>2% AND vol_ratio_20>3.0 AND ret_1d>2%,4,58,0.29310344827586204,51,0.3183938774487341,0.265625,31.4/26.6/34.9/34.5
vol_ratio_20>3.0 AND vol_high_close_high AND vol_z_20>2 AND rsi_14>75,4,100,0.33,54,0.31830357142857146,0.2857142857142857,37.5/31.2/30.0/28.6
gap_up>2% AND vol_ratio_20>2.0 AND ret_5d>5% AND px>5pct_above_sma20,4,165,0.2787878787878788,116,0.31799285440387,0.2732919254658385,31.2/27.3/40.3/28.4
ret_1d>5% AND vol_high_close_high AND ret_5d>5% AND rsi_14>75,4,152,0.3355263157894737,88,0.3179494871070958,0.2857142857142857,28.6/32.6/34.8/31.2
ret_5d>10% AND vol_ratio_20>3.0 AND ret_5d>5% AND rsi_14>75,4,207,0.2946859903381642,106,0.31789000867374334,0.25806451612903225,31.0/34.0/36.4/25.8
ret_5d>10% AND vol_ratio_20>3.0 AND rsi_14>75,3,207,0.2946859903381642,106,0.31789000867374334,0.25806451612903225,31.0/34.0/36.4/25.8
ret_5d>10% AND vol_ratio_20>3.0 AND rsi_14>75 AND px>5pct_above_sma20,4,207,0.2946859903381642,106,0.31789000867374334,0.25806451612903225,31.0/34.0/36.4/25.8
ret_5d>10% AND vol_ratio_20>3.0 AND vol_ratio_20>2.0 AND rsi_14>75,4,207,0.2946859903381642,106,0.31789000867374334,0.25806451612903225,31.0/34.0/36.4/25.8
gap_up>5% AND vol_ratio_5>3.0 AND vol_ratio_20>2.0 AND ret_1d>2%,4,45,0.28888888888888886,30,0.3177083333333333,0.25,35.4/33.3/33.3/25.0
gap_up>5% AND gap_up>3% AND vol_ratio_20>3.0 AND vol_z_20>2,4,93,0.27956989247311825,60,0.31753869648103483,0.27906976744186046,35.6/33.3/30.2/27.9
gap_up>5% AND vol_ratio_20>3.0 AND vol_z_20>2 AND vol_ratio_20>2.0,4,93,0.27956989247311825,60,0.31753869648103483,0.27906976744186046,35.6/33.3/30.2/27.9
gap_up>5% AND vol_ratio_20>3.0 AND vol_z_20>2,3,93,0.27956989247311825,60,0.31753869648103483,0.27906976744186046,35.6/33.3/30.2/27.9
gap_up>5% AND gap_up>2% AND vol_ratio_20>3.0 AND vol_z_20>2,4,93,0.27956989247311825,60,0.31753869648103483,0.27906976744186046,35.6/33.3/30.2/27.9
vol_ratio_20>3.0 AND rsi_14>75 AND px>5pct_above_sma20 AND vol_ratio_5>2.0,4,168,0.2976190476190476,88,0.3172839506172839,0.23703703703703705,32.1/23.7/44.4/26.7
ret_5d>10% AND ret_1d>5% AND vol_ratio_20>3.0 AND vol_z_20>2,4,243,0.25925925925925924,173,0.3171746329168747,0.2727272727272727,27.3/30.3/30.7/38.6
ret_1d>5% AND vol_ratio_5>3.0 AND vol_z_20>2 AND px>5pct_above_sma20,4,166,0.28313253012048195,128,0.3170197919597358,0.2694300518134715,26.9/27.6/36.8/35.4
ret_5d>10% AND ret_1d>5% AND vol_ratio_20>3.0 AND vol_ratio_20>2.0,4,270,0.26666666666666666,195,0.31694151688961214,0.28832116788321166,28.8/30.2/31.0/36.7
ret_5d>10% AND ret_1d>5% AND vol_ratio_20>3.0,3,270,0.26666666666666666,195,0.31694151688961214,0.28832116788321166,28.8/30.2/31.0/36.7
ret_5d>10% AND ret_1d>5% AND vol_ratio_20>3.0 AND ret_1d>2%,4,270,0.26666666666666666,195,0.31694151688961214,0.28832116788321166,28.8/30.2/31.0/36.7
ret_5d>10% AND ret_1d>5% AND vol_ratio_20>3.0 AND ret_5d>5%,4,270,0.26666666666666666,195,0.31694151688961214,0.28832116788321166,28.8/30.2/31.0/36.7
ret_1d>5% AND vol_ratio_20>3.0 AND vol_z_20>2 AND rsi_14>75,4,161,0.2857142857142857,82,0.31692509218318515,0.2692307692307692,30.4/32.0/37.5/26.9
ret_1d>5% AND gap_up>2% AND vol_ratio_5>2.0 AND ret_1d>2%,4,98,0.29591836734693877,85,0.3164661549098301,0.29896907216494845,29.9/31.4/32.5/32.8
ret_1d>5% AND gap_up>2% AND vol_ratio_5>2.0,3,98,0.29591836734693877,85,0.3164661549098301,0.29896907216494845,29.9/31.4/32.5/32.8
gap_up>3% AND ret_5d>10% AND rsi_14>75 AND vol_ratio_5>2.0,4,46,0.391304347826087,21,0.31632653061224486,0.2,26.5/30.0/50.0/20.0
gap_up>2% AND vol_z_20>2 AND vol_ratio_20>2.0 AND px>5pct_above_sma20,4,118,0.3135593220338983,85,0.3160768109237218,0.26495726495726496,30.5/26.5/33.9/35.6
vol_ratio_5>3.0 AND vol_high_close_high AND vol_ratio_5>2.0,3,119,0.3445378151260504,101,0.31592743522407707,0.30344827586206896,32.0/30.3/32.9/31.1
vol_ratio_5>3.0 AND vol_high_close_high,2,119,0.3445378151260504,101,0.31592743522407707,0.30344827586206896,32.0/30.3/32.9/31.1
ret_5d>10% AND vol_ratio_20>3.0 AND rsi_14>75 AND ret_1d>2%,4,184,0.28804347826086957,95,0.315689163965026,0.27586206896551724,30.0/34.1/34.6/27.6
gap_up>3% AND ret_5d>5% AND vol_ratio_5>2.0,3,97,0.31958762886597936,72,0.3155830753353973,0.2625,33.7/26.2/30.9/35.4
gap_up>3% AND gap_up>2% AND ret_5d>5% AND vol_ratio_5>2.0,4,97,0.31958762886597936,72,0.3155830753353973,0.2625,33.7/26.2/30.9/35.4
gap_up>5% AND ret_1d>5% AND vol_z_20>2 AND rsi_14>75,4,32,0.375,13,0.31547619047619047,0.0,33.3/50.0/42.9/0.0
gap_up>3% AND gap_up>2% AND vol_ratio_20>2.0 AND px>5pct_above_sma20,4,139,0.302158273381295,92,0.3154107177544677,0.26495726495726496,33.3/26.5/39.1/27.3
gap_up>3% AND vol_ratio_20>2.0 AND px>5pct_above_sma20,3,139,0.302158273381295,92,0.3154107177544677,0.26495726495726496,33.3/26.5/39.1/27.3
gap_up>3% AND ret_1d>5% AND vol_ratio_5>3.0,3,45,0.3333333333333333,39,0.31481993184120843,0.2765957446808511,33.3/27.7/36.4/28.6
gap_up>3% AND ret_1d>5% AND vol_ratio_5>3.0 AND gap_up>2%,4,45,0.3333333333333333,39,0.31481993184120843,0.2765957446808511,33.3/27.7/36.4/28.6
gap_up>3% AND ret_1d>5% AND vol_ratio_5>3.0 AND vol_ratio_5>2.0,4,45,0.3333333333333333,39,0.31481993184120843,0.2765957446808511,33.3/27.7/36.4/28.6
gap_up>3% AND ret_1d>5% AND vol_ratio_5>3.0 AND ret_1d>2%,4,45,0.3333333333333333,39,0.31481993184120843,0.2765957446808511,33.3/27.7/36.4/28.6
gap_up>5% AND gap_up>3% AND gap_up>2% AND ret_1d>2%,4,111,0.34234234234234234,100,0.31463218154394623,0.2606060606060606,34.1/36.5/26.1/29.2
gap_up>5% AND gap_up>3% AND ret_1d>2%,3,111,0.34234234234234234,100,0.31463218154394623,0.2606060606060606,34.1/36.5/26.1/29.2
gap_up>5% AND gap_up>2% AND ret_1d>2%,3,111,0.34234234234234234,100,0.31463218154394623,0.2606060606060606,34.1/36.5/26.1/29.2
gap_up>5% AND ret_1d>2%,2,111,0.34234234234234234,100,0.31463218154394623,0.2606060606060606,34.1/36.5/26.1/29.2
gap_up>3% AND vol_z_20>2 AND vol_ratio_20>2.0 AND px>5pct_above_sma20,4,96,0.3229166666666667,65,0.3145989993935719,0.275,30.9/27.5/38.0/29.4
ret_1d>5% AND vol_ratio_20>2.0 AND rsi_14>75 AND px>5pct_above_sma20,4,226,0.29646017699115046,121,0.3145624054219389,0.2773109243697479,27.7/31.1/34.5/32.5
ret_1d>5% AND vol_ratio_20>2.0 AND rsi_14>75 AND ret_1d>2%,4,226,0.29646017699115046,121,0.3145624054219389,0.2773109243697479,27.7/31.1/34.5/32.5
ret_1d>5% AND vol_ratio_20>2.0 AND rsi_14>75,3,226,0.29646017699115046,121,0.3145624054219389,0.2773109243697479,27.7/31.1/34.5/32.5
gap_up>3% AND px>5pct_above_sma20 AND vol_ratio_5>2.0,3,101,0.3465346534653465,66,0.31451086865331046,0.24675324675324675,31.3/24.7/39.6/30.2
gap_up>3% AND gap_up>2% AND px>5pct_above_sma20 AND vol_ratio_5>2.0,4,101,0.3465346534653465,66,0.31451086865331046,0.24675324675324675,31.3/24.7/39.6/30.2
gap_up>2% AND vol_z_20>2 AND vol_ratio_5>2.0 AND ret_1d>2%,4,94,0.2978723404255319,77,0.3144712145811623,0.2755102040816326,27.6/30.1/32.8/35.3
ret_5d>10% AND vol_high_close_high AND vol_z_20>2,3,158,0.3227848101265823,132,0.31434118765849534,0.2781065088757396,30.0/27.8/29.5/38.5
ret_5d>10% AND vol_high_close_high AND vol_z_20>2 AND ret_5d>5%,4,158,0.3227848101265823,132,0.31434118765849534,0.2781065088757396,30.0/27.8/29.5/38.5
ret_1d>5% AND vol_ratio_5>3.0 AND vol_ratio_20>3.0 AND px>5pct_above_sma20,4,169,0.2781065088757396,134,0.3142498846787418,0.2766990291262136,28.2/27.7/35.5/34.3
ret_5d>10% AND vol_high_close_high AND rsi_14>75 AND ret_1d>2%,4,162,0.3148148148148148,90,0.31381926683716965,0.28,28.0/33.3/34.8/29.4
gap_up>3% AND vol_ratio_20>3.0 AND vol_ratio_20>2.0 AND ret_1d>2%,4,88,0.3409090909090909,73,0.31378400973158593,0.2978723404255319,30.9/31.0/33.8/29.8
gap_up>3% AND vol_ratio_20>3.0 AND ret_1d>2%,3,88,0.3409090909090909,73,0.31378400973158593,0.2978723404255319,30.9/31.0/33.8/29.8
gap_up>3% AND gap_up>2% AND vol_ratio_20>3.0 AND ret_1d>2%,4,88,0.3409090909090909,73,0.31378400973158593,0.2978723404255319,30.9/31.0/33.8/29.8
gap_up>2% AND vol_z_20>2 AND px>5pct_above_sma20,3,118,0.3135593220338983,86,0.31346153846153846,0.26495726495726496,30.0/26.5/33.3/35.6
ret_5d>10% AND ret_1d>5% AND vol_ratio_20>3.0 AND vol_ratio_5>2.0,4,205,0.28292682926829266,158,0.31341849300426117,0.2772727272727273,31.1/27.7/32.8/33.7
gap_up>2% AND rsi_14>75 AND px>5pct_above_sma20,3,146,0.3424657534246575,74,0.3130802974161899,0.2358490566037736,27.5/23.6/39.1/35.0
gap_up>5% AND gap_up>3% AND vol_z_20>2 AND vol_ratio_20>2.0,4,96,0.2708333333333333,64,0.3130655413335871,0.2676056338028169,36.5/32.8/26.8/29.2
gap_up>5% AND vol_z_20>2 AND vol_ratio_20>2.0,3,96,0.2708333333333333,64,0.3130655413335871,0.2676056338028169,36.5/32.8/26.8/29.2
gap_up>5% AND gap_up>2% AND vol_z_20>2 AND vol_ratio_20>2.0,4,96,0.2708333333333333,64,0.3130655413335871,0.2676056338028169,36.5/32.8/26.8/29.2
gap_up>2% AND vol_z_20>2 AND vol_ratio_20>2.0 AND ret_1d>2%,4,106,0.3113207547169811,93,0.31303358067450027,0.2702702702702703,27.0/30.2/32.5/35.5
vol_ratio_20>3.0 AND vol_ratio_20>2.0 AND rsi_14>75 AND vol_ratio_5>2.0,4,171,0.29239766081871343,91,0.31270479279787505,0.2206896551724138,31.9/22.1/44.4/26.7
vol_ratio_20>3.0 AND rsi_14>75 AND vol_ratio_5>2.0,3,171,0.29239766081871343,91,0.31270479279787505,0.2206896551724138,31.9/22.1/44.4/26.7
ret_1d>5% AND vol_ratio_5>3.0 AND ret_5d>5% AND px>5pct_above_sma20,4,174,0.27011494252873564,135,0.3126522559615714,0.270935960591133,27.1/29.4/34.3/34.3
vol_ratio_20>3.0 AND ret_5d>5% AND rsi_14>75 AND vol_ratio_5>2.0,4,159,0.2893081761006289,84,0.312488536590381,0.2413793103448276,32.1/24.8/44.0/24.1
gap_up>5% AND gap_up>3% AND vol_z_20>2 AND vol_ratio_5>2.0,4,83,0.27710843373493976,55,0.3124527971405684,0.2711864406779661,34.8/31.4/27.1/31.7
gap_up>5% AND vol_z_20>2 AND vol_ratio_5>2.0,3,83,0.27710843373493976,55,0.3124527971405684,0.2711864406779661,34.8/31.4/27.1/31.7
gap_up>5% AND gap_up>2% AND vol_z_20>2 AND vol_ratio_5>2.0,4,83,0.27710843373493976,55,0.3124527971405684,0.2711864406779661,34.8/31.4/27.1/31.7
gap_up>5% AND vol_z_20>2 AND vol_ratio_20>2.0 AND vol_ratio_5>2.0,4,83,0.27710843373493976,55,0.3124527971405684,0.2711864406779661,34.8/31.4/27.1/31.7
ret_1d>5% AND vol_z_20>2 AND ret_5d>5% AND rsi_14>75,4,170,0.25882352941176473,91,0.31241634016784675,0.2774566473988439,27.7/29.1/36.0/32.1
ret_1d>5% AND vol_z_20>2 AND vol_ratio_20>2.0 AND rsi_14>75,4,169,0.2781065088757396,91,0.31241634016784675,0.2774566473988439,27.7/29.1/36.0/32.1
vol_ratio_20>3.0 AND vol_high_close_high AND vol_ratio_5>2.0 AND ret_1d>2%,4,160,0.30625,134,0.3120299159166955,0.2760416666666667,33.3/27.6/31.8/32.1
gap_up>3% AND vol_z_20>2 AND px>5pct_above_sma20,3,96,0.3229166666666667,65,0.31194727891156465,0.275,30.6/27.5/37.3/29.4
gap_up>3% AND gap_up>2% AND vol_z_20>2 AND px>5pct_above_sma20,4,96,0.3229166666666667,65,0.31194727891156465,0.275,30.6/27.5/37.3/29.4
gap_up>2% AND vol_z_20>2 AND ret_1d>2%,3,106,0.3113207547169811,94,0.31190774215525197,0.26548672566371684,26.5/30.2/32.6/35.5
ret_5d>10% AND vol_ratio_20>3.0 AND vol_z_20>2 AND rsi_14>75,4,178,0.2696629213483146,90,0.3118922212146414,0.2413793103448276,30.2/32.5/37.9/24.1
gap_up>2% AND rsi_14>75,2,146,0.3424657534246575,76,0.31163690476190475,0.22321428571428573,27.3/22.3/40.0/35.0
gap_up>5% AND vol_ratio_20>3.0 AND vol_ratio_20>2.0 AND vol_ratio_5>2.0,4,85,0.27058823529411763,59,0.3113137185811604,0.2727272727272727,36.1/30.9/27.3/30.2
gap_up>5% AND gap_up>2% AND vol_ratio_20>3.0 AND vol_ratio_5>2.0,4,85,0.27058823529411763,59,0.3113137185811604,0.2727272727272727,36.1/30.9/27.3/30.2
gap_up>5% AND vol_ratio_20>3.0 AND vol_ratio_5>2.0,3,85,0.27058823529411763,59,0.3113137185811604,0.2727272727272727,36.1/30.9/27.3/30.2
gap_up>5% AND gap_up>3% AND vol_ratio_20>3.0 AND vol_ratio_5>2.0,4,85,0.27058823529411763,59,0.3113137185811604,0.2727272727272727,36.1/30.9/27.3/30.2
vol_ratio_5>3.0 AND vol_ratio_20>3.0 AND ret_5d>5% AND ret_1d>2%,4,187,0.26737967914438504,153,0.3112923824963821,0.24675324675324675,27.5/24.7/36.0/36.4
vol_ratio_5>3.0 AND vol_z_20>2 AND px>5pct_above_sma20 AND ret_1d>2%,4,184,0.2717391304347826,142,0.3108405483405483,0.25,27.3/25.0/34.9/37.1
ret_1d>5% AND vol_z_20>2 AND rsi_14>75,3,173,0.27167630057803466,92,0.31050321565407774,0.27586206896551724,27.6/28.5/36.0/32.1
ret_1d>5% AND vol_z_20>2 AND rsi_14>75 AND px>5pct_above_sma20,4,173,0.27167630057803466,92,0.31050321565407774,0.27586206896551724,27.6/28.5/36.0/32.1
ret_1d>5% AND vol_z_20>2 AND rsi_14>75 AND ret_1d>2%,4,173,0.27167630057803466,92,0.31050321565407774,0.27586206896551724,27.6/28.5/36.0/32.1
gap_up>2% AND ret_5d>5% AND vol_ratio_5>2.0,3,121,0.2892561983471074,93,0.31050170834172486,0.26495726495726496,31.6/26.5/30.5/35.6
gap_up>5% AND vol_z_20>2,2,96,0.2708333333333333,65,0.3103533220720721,0.25675675675675674,36.5/32.8/25.7/29.2
gap_up>5% AND gap_up>3% AND vol_z_20>2,3,96,0.2708333333333333,65,0.3103533220720721,0.25675675675675674,36.5/32.8/25.7/29.2
gap_up>5% AND gap_up>3% AND gap_up>2% AND vol_z_20>2,4,96,0.2708333333333333,65,0.3103533220720721,0.25675675675675674,36.5/32.8/25.7/29.2
gap_up>5% AND gap_up>2% AND vol_z_20>2,3,96,0.2708333333333333,65,0.3103533220720721,0.25675675675675674,36.5/32.8/25.7/29.2
gap_up>5% AND vol_z_20>2 AND rsi_14>75 AND ret_1d>2%,4,36,0.4166666666666667,13,0.31026785714285715,0.0,31.2/50.0/42.9/0.0
vol_ratio_5>3.0 AND vol_ratio_20>3.0 AND ret_5d>5% AND px>5pct_above_sma20,4,189,0.25925925925925924,142,0.3098261612686874,0.2534562211981567,29.1/25.3/32.9/36.6
gap_up>3% AND vol_z_20>2 AND vol_ratio_20>2.0 AND ret_1d>2%,4,78,0.34615384615384615,69,0.3097616928322949,0.2696629213483146,27.0/30.8/32.8/33.3
gap_up>5% AND vol_ratio_20>3.0 AND vol_z_20>2 AND vol_ratio_5>2.0,4,82,0.2804878048780488,53,0.3094187675070028,0.2857142857142857,33.8/31.4/28.6/30.0
vol_ratio_20>3.0 AND vol_high_close_high AND vol_z_20>2 AND ret_1d>2%,4,187,0.2727272727272727,147,0.30929327132047163,0.2777777777777778,30.2/27.8/29.5/36.3
vol_high_close_high AND vol_z_20>2 AND ret_5d>5% AND vol_ratio_5>2.0,4,159,0.3081761006289308,124,0.3092670450016489,0.25824175824175827,31.0/25.8/32.6/34.3
vol_ratio_5>3.0 AND ret_5d>5% AND px>5pct_above_sma20 AND ret_1d>2%,4,189,0.2698412698412698,147,0.30907058173106455,0.273542600896861,27.4/27.4/32.9/36.0
gap_up>3% AND gap_up>2% AND vol_z_20>2 AND ret_1d>2%,4,78,0.34615384615384615,70,0.309065934065934,0.26666666666666666,26.7/30.8/32.9/33.3
gap_up>3% AND vol_z_20>2 AND ret_1d>2%,3,78,0.34615384615384615,70,0.309065934065934,0.26666666666666666,26.7/30.8/32.9/33.3
gap_up>3% AND ret_5d>5% AND px>5pct_above_sma20 AND ret_1d>2%,4,115,0.3739130434782609,88,0.30904072087881057,0.27450980392156865,28.8/29.7/37.7/27.5
gap_up>2% AND vol_ratio_20>2.0 AND px>5pct_above_sma20 AND vol_ratio_5>2.0,4,111,0.3153153153153153,82,0.30900316927583565,0.25688073394495414,30.2/25.7/35.1/32.7
ret_5d>10% AND ret_1d>5% AND rsi_14>75 AND ret_1d>2%,4,292,0.2636986301369863,143,0.3087808808495602,0.26148409893992935,26.1/32.5/38.5/26.4
ret_5d>10% AND ret_1d>5% AND ret_5d>5% AND rsi_14>75,4,292,0.2636986301369863,143,0.3087808808495602,0.26148409893992935,26.1/32.5/38.5/26.4
ret_5d>10% AND ret_1d>5% AND rsi_14>75,3,292,0.2636986301369863,143,0.3087808808495602,0.26148409893992935,26.1/32.5/38.5/26.4
ret_5d>10% AND ret_1d>5% AND rsi_14>75 AND px>5pct_above_sma20,4,292,0.2636986301369863,143,0.3087808808495602,0.26148409893992935,26.1/32.5/38.5/26.4
vol_ratio_5>3.0 AND vol_z_20>2 AND ret_5d>5% AND px>5pct_above_sma20,4,186,0.26344086021505375,138,0.3085434173669468,0.25,27.9/25.0/33.3/37.1
ret_1d>5% AND vol_high_close_high AND vol_z_20>2 AND vol_ratio_5>2.0,4,156,0.32051282051282054,127,0.3081617986147925,0.2696629213483146,31.8/27.0/30.3/34.2
vol_ratio_20>3.0 AND vol_high_close_high AND vol_ratio_20>2.0 AND ret_1d>2%,4,211,0.2843601895734597,167,0.3075824066458608,0.2599118942731278,30.9/26.0/31.2/35.0
vol_ratio_20>3.0 AND vol_high_close_high AND ret_1d>2%,3,211,0.2843601895734597,167,0.3075824066458608,0.2599118942731278,30.9/26.0/31.2/35.0
vol_ratio_5>3.0 AND vol_z_20>2 AND ret_5d>5% AND ret_1d>2%,4,184,0.2717391304347826,148,0.3070937202040359,0.2422907488986784,26.4/24.2/35.8/36.4
gap_up>3% AND vol_ratio_20>2.0 AND ret_5d>5%,3,135,0.2814814814814815,99,0.3070900189786059,0.2782608695652174,34.4/27.8/28.9/31.7
gap_up>3% AND gap_up>2% AND vol_ratio_20>2.0 AND ret_5d>5%,4,135,0.2814814814814815,99,0.3070900189786059,0.2782608695652174,34.4/27.8/28.9/31.7
vol_ratio_5>3.0 AND vol_ratio_20>3.0 AND px>5pct_above_sma20 AND ret_1d>2%,4,191,0.2670157068062827,149,0.3068687178701981,0.25,27.8/25.0/34.3/35.6
ret_1d>5% AND vol_ratio_5>3.0 AND vol_ratio_20>2.0 AND ret_5d>5%,4,177,0.2655367231638418,148,0.3064692300008452,0.26666666666666666,26.7/27.7/36.2/32.1
vol_z_20>2 AND ret_5d>5% AND rsi_14>75 AND vol_ratio_5>2.0,4,161,0.2857142857142857,87,0.30636423792368206,0.22388059701492538,28.6/22.4/44.0/27.6
gap_up>2% AND vol_ratio_20>3.0 AND vol_ratio_5>2.0 AND ret_1d>2%,4,95,0.29473684210526313,80,0.3062231968810916,0.29,29.0/30.5/33.3/29.6
ret_1d>5% AND vol_high_close_high AND rsi_14>75,3,153,0.3333333333333333,91,0.30608230134158926,0.2807017543859649,28.1/31.6/33.3/29.4
ret_1d>5% AND vol_high_close_high AND rsi_14>75 AND ret_1d>2%,4,153,0.3333333333333333,91,0.30608230134158926,0.2807017543859649,28.1/31.6/33.3/29.4
ret_1d>5% AND vol_high_close_high AND rsi_14>75 AND px>5pct_above_sma20,4,153,0.3333333333333333,91,0.30608230134158926,0.2807017543859649,28.1/31.6/33.3/29.4
vol_high_close_high AND vol_z_20>2 AND rsi_14>75 AND ret_1d>2%,4,110,0.3,64,0.30605188819506396,0.27,30.5/27.0/31.6/33.3
vol_ratio_20>3.0 AND rsi_14>75 AND vol_ratio_5>2.0 AND ret_1d>2%,4,154,0.3116883116883117,80,0.30601358326137235,0.24806201550387597,31.7/24.8/40.9/25.0
gap_up>2% AND vol_ratio_20>2.0 AND px>5pct_above_sma20,3,178,0.28651685393258425,127,0.30594888458085434,0.24444444444444444,29.7/24.4/38.6/29.7
vol_z_20>2 AND rsi_14>75 AND px>5pct_above_sma20 AND vol_ratio_5>2.0,4,170,0.29411764705882354,91,0.3055059398432892,0.2097902097902098,28.9/21.0/42.3/30.0
gap_up>5% AND vol_ratio_5>3.0 AND vol_z_20>2,3,57,0.2807017543859649,35,0.3051213492389963,0.22727272727272727,34.6/32.4/32.4/22.7
gap_up>5% AND vol_ratio_5>3.0 AND gap_up>2% AND vol_z_20>2,4,57,0.2807017543859649,35,0.3051213492389963,0.22727272727272727,34.6/32.4/32.4/22.7
gap_up>5% AND gap_up>3% AND vol_ratio_5>3.0 AND vol_z_20>2,4,57,0.2807017543859649,35,0.3051213492389963,0.22727272727272727,34.6/32.4/32.4/22.7
gap_up>5% AND vol_ratio_5>3.0 AND vol_z_20>2 AND vol_ratio_5>2.0,4,57,0.2807017543859649,35,0.3051213492389963,0.22727272727272727,34.6/32.4/32.4/22.7
gap_up>5% AND vol_ratio_5>3.0 AND vol_z_20>2 AND vol_ratio_20>2.0,4,57,0.2807017543859649,35,0.3051213492389963,0.22727272727272727,34.6/32.4/32.4/22.7
gap_up>3% AND vol_z_20>2 AND vol_ratio_5>2.0 AND ret_1d>2%,4,71,0.3380281690140845,60,0.3050224466891134,0.2716049382716049,27.2/28.8/32.7/33.3
gap_up>5% AND gap_up>3% AND gap_up>2% AND vol_ratio_20>2.0,4,132,0.26515151515151514,89,0.30463324528840663,0.25333333333333335,38.5/31.8/26.2/25.3
gap_up>5% AND gap_up>3% AND vol_ratio_20>2.0,3,132,0.26515151515151514,89,0.30463324528840663,0.25333333333333335,38.5/31.8/26.2/25.3
gap_up>5% AND gap_up>2% AND vol_ratio_20>2.0,3,132,0.26515151515151514,89,0.30463324528840663,0.25333333333333335,38.5/31.8/26.2/25.3
gap_up>5% AND vol_ratio_20>2.0,2,132,0.26515151515151514,89,0.30463324528840663,0.25333333333333335,38.5/31.8/26.2/25.3
ret_5d>10% AND vol_high_close_high AND vol_ratio_20>2.0 AND ret_1d>2%,4,208,0.32211538461538464,179,0.30445267896354855,0.275,27.5/28.3/30.7/35.4
ret_5d>10% AND vol_z_20>2 AND rsi_14>75 AND ret_1d>2%,4,175,0.2571428571428571,93,0.30417990120319716,0.26229508196721313,26.2/30.8/34.6/30.0
ret_1d>5% AND vol_ratio_5>3.0 AND ret_5d>5% AND ret_1d>2%,4,182,0.2692307692307692,153,0.3041564312925815,0.26291079812206575,26.3/27.3/36.0/32.1
ret_1d>5% AND vol_ratio_5>3.0 AND ret_5d>5%,3,182,0.2692307692307692,153,0.3041564312925815,0.26291079812206575,26.3/27.3/36.0/32.1
ret_1d>5% AND vol_ratio_5>3.0 AND ret_5d>5% AND vol_ratio_5>2.0,4,182,0.2692307692307692,153,0.3041564312925815,0.26291079812206575,26.3/27.3/36.0/32.1
ret_5d>10% AND vol_high_close_high AND ret_5d>5% AND rsi_14>75,4,171,0.3157894736842105,93,0.30405471819345603,0.2737430167597765,27.4/32.8/32.0/29.4
ret_5d>10% AND vol_high_close_high AND rsi_14>75,3,171,0.3157894736842105,93,0.30405471819345603,0.2737430167597765,27.4/32.8/32.0/29.4
ret_5d>10% AND vol_high_close_high AND rsi_14>75 AND px>5pct_above_sma20,4,171,0.3157894736842105,93,0.30405471819345603,0.2737430167597765,27.4/32.8/32.0/29.4
ret_5d>10% AND vol_high_close_high AND vol_ratio_20>2.0 AND px>5pct_above_sma20,4,212,0.32075471698113206,170,0.3040460175057666,0.2773109243697479,27.7/27.9/30.8/35.1
gap_up>3% AND vol_ratio_20>3.0 AND vol_z_20>2 AND ret_1d>2%,4,77,0.35064935064935066,63,0.30393922130459683,0.27380952380952384,27.4/31.5/34.5/28.2
ret_5d>10% AND vol_z_20>2 AND vol_ratio_20>2.0 AND rsi_14>75,4,187,0.2620320855614973,100,0.3037733843537415,0.2755102040816326,27.6/29.2/36.7/28.1
ret_5d>10% AND ret_1d>5% AND vol_high_close_high AND px>5pct_above_sma20,4,223,0.33183856502242154,179,0.30374439752389176,0.2578125,25.8/30.5/30.9/34.3
vol_high_close_high AND vol_z_20>2 AND px>5pct_above_sma20 AND vol_ratio_5>2.0,4,151,0.32450331125827814,120,0.3035936006844106,0.24064171122994651,31.6/24.1/32.4/33.3
ret_5d>10% AND vol_ratio_20>3.0 AND vol_ratio_5>2.0 AND ret_1d>2%,4,217,0.2764976958525346,173,0.30350224294598505,0.2612244897959184,30.5/26.1/30.3/34.4
vol_high_close_high AND vol_z_20>2 AND ret_5d>5% AND rsi_14>75,4,115,0.2956521739130435,64,0.30343822843822843,0.2727272727272727,30.8/27.3/30.0/33.3
gap_up>2% AND vol_ratio_20>2.0 AND ret_5d>5%,3,177,0.2655367231638418,134,0.30292336756104876,0.26857142857142857,30.9/26.9/31.3/32.1
ret_5d>10% AND vol_ratio_20>3.0 AND px>5pct_above_sma20 AND ret_1d>2%,4,287,0.2613240418118467,211,0.3027443767155911,0.2703583061889251,27.0/28.3/30.5/35.2
ret_5d>10% AND vol_z_20>2 AND rsi_14>75 AND px>5pct_above_sma20,4,192,0.2552083333333333,101,0.30223215575001444,0.271356783919598,27.1/29.0/36.7/28.1
ret_5d>10% AND vol_z_20>2 AND rsi_14>75,3,192,0.2552083333333333,101,0.30223215575001444,0.271356783919598,27.1/29.0/36.7/28.1
ret_5d>10% AND vol_z_20>2 AND ret_5d>5% AND rsi_14>75,4,192,0.2552083333333333,101,0.30223215575001444,0.271356783919598,27.1/29.0/36.7/28.1
gap_up>5% AND vol_ratio_5>3.0 AND vol_ratio_20>3.0 AND vol_z_20>2,4,57,0.2807017543859649,35,0.3019162210338681,0.22727272727272727,33.3/32.4/32.4/22.7
ret_1d>5% AND gap_up>2%,2,168,0.30952380952380953,184,0.30155735861873706,0.28104575163398693,28.1/28.7/31.3/32.5
ret_1d>5% AND gap_up>2% AND ret_1d>2%,3,168,0.30952380952380953,184,0.30155735861873706,0.28104575163398693,28.1/28.7/31.3/32.5
vol_ratio_5>3.0 AND vol_ratio_20>3.0 AND vol_ratio_20>2.0 AND ret_5d>5%,4,204,0.25980392156862747,165,0.30120225591322086,0.23076923076923078,28.4/23.1/33.7/35.4
vol_ratio_5>3.0 AND vol_ratio_20>3.0 AND ret_5d>5% AND vol_ratio_5>2.0,4,204,0.25980392156862747,165,0.30120225591322086,0.23076923076923078,28.4/23.1/33.7/35.4
vol_ratio_5>3.0 AND vol_ratio_20>3.0 AND ret_5d>5%,3,204,0.25980392156862747,165,0.30120225591322086,0.23076923076923078,28.4/23.1/33.7/35.4
ret_5d>10% AND vol_ratio_20>2.0 AND rsi_14>75 AND ret_1d>2%,4,237,0.2742616033755274,127,0.30082273423727696,0.25769230769230766,25.8/32.8/35.7/26.1
vol_ratio_5>3.0 AND vol_ratio_20>3.0 AND vol_z_20>2 AND px>5pct_above_sma20,4,199,0.2663316582914573,151,0.30080332854063285,0.24481327800829875,28.3/24.5/32.4/35.1
gap_up>5% AND gap_up>3% AND vol_ratio_5>3.0 AND ret_1d>2%,4,46,0.30434782608695654,31,0.30070897873255886,0.23529411764705882,35.4/31.0/30.3/23.5
gap_up>5% AND vol_ratio_5>3.0 AND gap_up>2% AND ret_1d>2%,4,46,0.30434782608695654,31,0.30070897873255886,0.23529411764705882,35.4/31.0/30.3/23.5
gap_up>5% AND vol_ratio_5>3.0 AND vol_ratio_5>2.0 AND ret_1d>2%,4,46,0.30434782608695654,31,0.30070897873255886,0.23529411764705882,35.4/31.0/30.3/23.5
gap_up>5% AND vol_ratio_5>3.0 AND ret_1d>2%,3,46,0.30434782608695654,31,0.30070897873255886,0.23529411764705882,35.4/31.0/30.3/23.5
ret_5d>5% AND rsi_14>75 AND px>5pct_above_sma20 AND vol_ratio_5>2.0,4,181,0.27071823204419887,103,0.3005075803112268,0.21739130434782608,28.0/21.7/41.9/28.6
ret_5d>10% AND vol_ratio_20>3.0 AND vol_z_20>2 AND ret_1d>2%,4,261,0.2567049808429119,196,0.3004351520216576,0.25650557620817843,25.7/28.7/27.7/38.1
ret_5d>10% AND vol_high_close_high AND vol_ratio_20>2.0 AND ret_5d>5%,4,215,0.3209302325581395,183,0.30037718961769594,0.2727272727272727,27.3/27.8/29.7/35.4
ret_5d>10% AND vol_high_close_high AND vol_ratio_20>2.0,3,215,0.3209302325581395,183,0.30037718961769594,0.2727272727272727,27.3/27.8/29.7/35.4
ret_1d>5% AND vol_high_close_high AND vol_z_20>2 AND px>5pct_above_sma20,4,178,0.29213483146067415,139,0.3003663952973857,0.2512315270935961,28.3/25.1/29.3/37.3
vol_ratio_5>3.0 AND vol_z_20>2 AND vol_ratio_20>2.0 AND px>5pct_above_sma20,4,200,0.265,152,0.3002402712629985,0.24380165289256198,28.6/24.4/31.9/35.1
vol_ratio_5>3.0 AND vol_z_20>2 AND px>5pct_above_sma20,3,200,0.265,152,0.3002402712629985,0.24380165289256198,28.6/24.4/31.9/35.1
vol_ratio_5>3.0 AND vol_z_20>2 AND px>5pct_above_sma20 AND vol_ratio_5>2.0,4,200,0.265,152,0.3002402712629985,0.24380165289256198,28.6/24.4/31.9/35.1
vol_z_20>2 AND vol_ratio_20>2.0 AND rsi_14>75 AND vol_ratio_5>2.0,4,173,0.28901734104046245,95,0.30016224470318764,0.1935483870967742,28.4/19.4/42.3/30.0
vol_z_20>2 AND rsi_14>75 AND vol_ratio_5>2.0,3,173,0.28901734104046245,95,0.30016224470318764,0.1935483870967742,28.4/19.4/42.3/30.0
vol_ratio_5>3.0 AND gap_up>2% AND vol_ratio_20>2.0 AND ret_1d>2%,4,61,0.2786885245901639,55,0.29980450636214123,0.26865671641791045,32.4/26.9/31.2/29.4
ret_5d>5% AND rsi_14>75 AND vol_ratio_5>2.0,3,181,0.27071823204419887,103,0.2997983433625432,0.21604938271604937,27.8/21.6/41.9/28.6
ret_5d>10% AND gap_up>2% AND ret_5d>5% AND ret_1d>2%,4,129,0.37209302325581395,138,0.2997743179829794,0.25,27.8/32.3/25.0/34.8
ret_5d>10% AND gap_up>2% AND ret_1d>2%,3,129,0.37209302325581395,138,0.2997743179829794,0.25,27.8/32.3/25.0/34.8
ret_5d>10% AND ret_1d>5% AND vol_z_20>2 AND vol_ratio_5>2.0,4,210,0.28095238095238095,161,0.29969864266003293,0.252212389380531,28.1/25.2/30.8/35.7
vol_ratio_5>3.0 AND vol_ratio_20>3.0 AND vol_z_20>2 AND ret_5d>5%,4,201,0.263681592039801,158,0.29956477294361183,0.22916666666666666,27.1/22.9/34.0/35.8
ret_5d>10% AND vol_ratio_20>3.0 AND ret_5d>5% AND ret_1d>2%,4,293,0.2593856655290102,223,0.2994303907327724,0.267741935483871,26.8/28.1/28.5/36.4
ret_5d>10% AND vol_ratio_20>3.0 AND ret_1d>2%,3,293,0.2593856655290102,223,0.2994303907327724,0.267741935483871,26.8/28.1/28.5/36.4
ret_5d>10% AND vol_ratio_20>3.0 AND vol_ratio_20>2.0 AND ret_1d>2%,4,293,0.2593856655290102,223,0.2994303907327724,0.267741935483871,26.8/28.1/28.5/36.4
vol_ratio_20>2.0 AND ret_5d>5% AND rsi_14>75 AND vol_ratio_5>2.0,4,174,0.27586206896551724,98,0.29940421624353697,0.2251655629139073,27.9/22.5/40.7/28.6
ret_1d>5% AND vol_ratio_5>3.0 AND vol_ratio_20>2.0 AND px>5pct_above_sma20,4,175,0.2742857142857143,143,0.2992836988986278,0.2796208530805687,28.0/28.4/31.4/31.9
ret_1d>5% AND vol_ratio_5>3.0 AND px>5pct_above_sma20 AND vol_ratio_5>2.0,4,180,0.2777777777777778,147,0.2992592592592593,0.27314814814814814,27.3/28.4/31.9/32.0
ret_1d>5% AND vol_ratio_5>3.0 AND px>5pct_above_sma20 AND ret_1d>2%,4,180,0.2777777777777778,147,0.2992592592592593,0.27314814814814814,27.3/28.4/31.9/32.0
ret_1d>5% AND vol_ratio_5>3.0 AND px>5pct_above_sma20,3,180,0.2777777777777778,147,0.2992592592592593,0.27314814814814814,27.3/28.4/31.9/32.0
vol_ratio_5>3.0 AND ret_5d>5% AND px>5pct_above_sma20 AND vol_ratio_5>2.0,4,202,0.2623762376237624,155,0.29904533413305345,0.2606837606837607,28.1/26.1/30.9/34.6
vol_ratio_5>3.0 AND ret_5d>5% AND px>5pct_above_sma20,3,202,0.2623762376237624,155,0.29904533413305345,0.2606837606837607,28.1/26.1/30.9/34.6
vol_z_20>2 AND rsi_14>75 AND vol_ratio_5>2.0 AND ret_1d>2%,4,157,0.3057324840764331,84,0.2989950707342012,0.21739130434782608,28.4/21.7/40.9/28.6
vol_ratio_20>3.0 AND vol_z_20>2 AND rsi_14>75 AND vol_ratio_5>2.0,4,165,0.296969696969697,86,0.29860829363713753,0.2116788321167883,31.0/21.2/42.3/25.0
gap_up>5% AND vol_ratio_5>3.0 AND vol_ratio_20>3.0 AND vol_ratio_5>2.0,4,59,0.2711864406779661,37,0.297805294544425,0.21739130434782608,35.2/31.4/30.8/21.7
gap_up>5% AND gap_up>3% AND vol_ratio_5>3.0 AND vol_ratio_20>3.0,4,59,0.2711864406779661,37,0.297805294544425,0.21739130434782608,35.2/31.4/30.8/21.7
gap_up>5% AND vol_ratio_5>3.0 AND vol_ratio_20>3.0,3,59,0.2711864406779661,37,0.297805294544425,0.21739130434782608,35.2/31.4/30.8/21.7
gap_up>5% AND vol_ratio_5>3.0 AND gap_up>2% AND vol_ratio_20>3.0,4,59,0.2711864406779661,37,0.297805294544425,0.21739130434782608,35.2/31.4/30.8/21.7
gap_up>5% AND vol_ratio_5>3.0 AND vol_ratio_20>3.0 AND vol_ratio_20>2.0,4,59,0.2711864406779661,37,0.297805294544425,0.21739130434782608,35.2/31.4/30.8/21.7
vol_ratio_5>3.0 AND vol_ratio_20>3.0 AND vol_ratio_20>2.0 AND px>5pct_above_sma20,4,208,0.25961538461538464,160,0.2976411871872582,0.24302788844621515,28.9/24.3/32.1/33.8
vol_ratio_5>3.0 AND vol_ratio_20>3.0 AND px>5pct_above_sma20 AND vol_ratio_5>2.0,4,208,0.25961538461538464,160,0.2976411871872582,0.24302788844621515,28.9/24.3/32.1/33.8
vol_ratio_5>3.0 AND vol_ratio_20>3.0 AND px>5pct_above_sma20,3,208,0.25961538461538464,160,0.2976411871872582,0.24302788844621515,28.9/24.3/32.1/33.8
gap_up>3% AND vol_ratio_20>2.0 AND ret_1d>2%,3,114,0.32456140350877194,97,0.2975165206262315,0.2777777777777778,30.8/27.8/29.5/31.0
gap_up>3% AND gap_up>2% AND vol_ratio_20>2.0 AND ret_1d>2%,4,114,0.32456140350877194,97,0.2975165206262315,0.2777777777777778,30.8/27.8/29.5/31.0
vol_ratio_5>3.0 AND vol_z_20>2 AND ret_5d>5%,3,201,0.263681592039801,159,0.29729506007331996,0.22821576763485477,27.4/22.8/33.3/35.4
vol_ratio_5>3.0 AND vol_z_20>2 AND vol_ratio_20>2.0 AND ret_5d>5%,4,201,0.263681592039801,159,0.29729506007331996,0.22821576763485477,27.4/22.8/33.3/35.4
vol_ratio_5>3.0 AND vol_z_20>2 AND ret_5d>5% AND vol_ratio_5>2.0,4,201,0.263681592039801,159,0.29729506007331996,0.22821576763485477,27.4/22.8/33.3/35.4
ret_1d>5% AND vol_high_close_high AND ret_5d>5% AND vol_ratio_5>2.0,4,173,0.3236994219653179,155,0.2962719515111708,0.2694063926940639,28.0/26.9/31.4/32.2
gap_up>3% AND vol_ratio_20>3.0 AND vol_ratio_5>2.0 AND ret_1d>2%,4,74,0.32432432432432434,63,0.2962456624440821,0.2823529411764706,28.2/28.4/33.3/28.6
vol_ratio_5>3.0 AND vol_ratio_20>2.0 AND ret_5d>5% AND px>5pct_above_sma20,4,196,0.2602040816326531,151,0.2960468344597291,0.2608695652173913,28.3/26.1/29.9/34.2
ret_5d>5% AND rsi_14>75 AND vol_ratio_5>2.0 AND ret_1d>2%,4,166,0.28313253012048195,96,0.2957000542152345,0.21935483870967742,27.6/21.9/39.3/29.4
ret_1d>5% AND vol_high_close_high AND vol_z_20>2 AND ret_5d>5%,4,187,0.27807486631016043,150,0.2956067431657462,0.25870646766169153,26.5/25.9/29.1/36.8
ret_5d>10% AND ret_1d>5% AND vol_ratio_20>2.0 AND vol_ratio_5>2.0,4,222,0.2747747747747748,191,0.29555458469799456,0.26640926640926643,27.1/26.6/30.4/34.0
vol_ratio_20>3.0 AND ret_5d>5% AND rsi_14>75 AND ret_1d>2%,4,206,0.2912621359223301,107,0.2955344063818146,0.2647058823529412,28.7/29.7/33.3/26.5
gap_up>3% AND vol_ratio_5>3.0 AND vol_z_20>2 AND ret_1d>2%,4,47,0.3191489361702128,39,0.29547139830508473,0.25,28.8/25.0/34.4/30.0
ret_5d>10% AND ret_1d>5% AND vol_z_20>2 AND px>5pct_above_sma20,4,254,0.25196850393700787,189,0.2954069018306303,0.24814814814814815,24.8/27.1/29.8/36.5
gap_up>3% AND gap_up>2% AND px>5pct_above_sma20 AND ret_1d>2%,4,129,0.3643410852713178,100,0.2952879854479936,0.2627118644067797,28.3/26.3/35.7/27.9
gap_up>3% AND px>5pct_above_sma20 AND ret_1d>2%,3,129,0.3643410852713178,100,0.2952879854479936,0.2627118644067797,28.3/26.3/35.7/27.9
gap_up>2% AND px>5pct_above_sma20 AND vol_ratio_5>2.0,3,121,0.32231404958677684,88,0.2950813651075343,0.2413793103448276,29.0/24.1/32.8/32.1
vol_ratio_5>3.0 AND vol_ratio_20>2.0 AND ret_5d>5% AND ret_1d>2%,4,197,0.2639593908629442,166,0.29487034688073765,0.25101214574898784,26.2/25.1/33.3/33.3
ret_5d>10% AND vol_ratio_20>2.0 AND rsi_14>75 AND px>5pct_above_sma20,4,283,0.26855123674911663,149,0.2945866988014591,0.24,25.7/31.2/36.8/24.0
ret_5d>10% AND vol_ratio_20>2.0 AND ret_5d>5% AND rsi_14>75,4,283,0.26855123674911663,149,0.2945866988014591,0.24,25.7/31.2/36.8/24.0
ret_5d>10% AND vol_ratio_20>2.0 AND rsi_14>75,3,283,0.26855123674911663,149,0.2945866988014591,0.24,25.7/31.2/36.8/24.0
vol_high_close_high AND vol_z_20>2 AND rsi_14>75 AND px>5pct_above_sma20,4,117,0.2905982905982906,66,0.2941849816849817,0.25,30.8/25.0/28.6/33.3
ret_5d>10% AND vol_ratio_20>3.0 AND px>5pct_above_sma20 AND vol_ratio_5>2.0,4,236,0.2711864406779661,182,0.2941045871928713,0.2480916030534351,31.2/24.8/31.3/30.3
vol_high_close_high AND vol_ratio_20>2.0 AND rsi_14>75 AND ret_1d>2%,4,149,0.3087248322147651,90,0.29344854230437756,0.2807017543859649,28.1/28.6/30.4/30.3
ret_1d>5% AND vol_high_close_high AND px>5pct_above_sma20 AND vol_ratio_5>2.0,4,167,0.32934131736526945,144,0.2933038752337102,0.2641509433962264,28.9/26.4/29.0/32.9
vol_ratio_20>3.0 AND rsi_14>75 AND px>5pct_above_sma20 AND ret_1d>2%,4,216,0.2962962962962963,108,0.29315817790530846,0.2647058823529412,28.3/29.2/33.3/26.5
vol_high_close_high AND vol_ratio_20>2.0 AND ret_5d>5% AND rsi_14>75,4,158,0.310126582278481,89,0.29312611408199646,0.2823529411764706,28.2/29.5/29.2/30.3
vol_ratio_5>3.0 AND ret_5d>5% AND vol_ratio_5>2.0 AND ret_1d>2%,4,203,0.2660098522167488,174,0.29305868469048385,0.24615384615384617,25.9/24.6/33.3/33.3
vol_ratio_5>3.0 AND ret_5d>5% AND ret_1d>2%,3,203,0.2660098522167488,174,0.29305868469048385,0.24615384615384617,25.9/24.6/33.3/33.3
ret_1d>5% AND vol_ratio_5>3.0 AND vol_ratio_20>3.0 AND vol_z_20>2,4,188,0.2712765957446808,150,0.2930563935511919,0.25853658536585367,25.9/26.4/35.6/29.3
vol_ratio_20>3.0 AND rsi_14>75 AND px>5pct_above_sma20,3,253,0.2885375494071146,128,0.29272210023102085,0.2564102564102564,29.2/28.0/34.2/25.6
vol_ratio_20>3.0 AND vol_ratio_20>2.0 AND rsi_14>75 AND px>5pct_above_sma20,4,253,0.2885375494071146,128,0.29272210023102085,0.2564102564102564,29.2/28.0/34.2/25.6
ret_5d>10% AND ret_1d>5% AND vol_z_20>2 AND vol_ratio_20>2.0,4,255,0.2549019607843137,200,0.29239521327793694,0.24723247232472326,24.7/27.2/26.4/38.6
vol_ratio_20>2.0 AND rsi_14>75 AND px>5pct_above_sma20 AND vol_ratio_5>2.0,4,185,0.2810810810810811,105,0.29227561620854303,0.21341463414634146,27.5/21.3/37.5/30.6
ret_5d>10% AND vol_ratio_20>3.0 AND vol_ratio_20>2.0 AND vol_ratio_5>2.0,4,244,0.26639344262295084,194,0.2920103490417982,0.24535315985130113,31.0/24.5/29.6/31.7
ret_5d>10% AND vol_ratio_20>3.0 AND vol_ratio_5>2.0,3,244,0.26639344262295084,194,0.2920103490417982,0.24535315985130113,31.0/24.5/29.6/31.7
ret_5d>10% AND vol_ratio_20>3.0 AND ret_5d>5% AND vol_ratio_5>2.0,4,244,0.26639344262295084,194,0.2920103490417982,0.24535315985130113,31.0/24.5/29.6/31.7
gap_up>2% AND vol_ratio_20>2.0 AND ret_1d>2%,3,158,0.2721518987341772,133,0.2918790971583875,0.2682926829268293,28.7/26.8/30.3/30.9
vol_ratio_20>3.0 AND vol_ratio_20>2.0 AND rsi_14>75 AND ret_1d>2%,4,216,0.2962962962962963,109,0.29187893813922655,0.2647058823529412,28.3/28.7/33.3/26.5
vol_ratio_20>3.0 AND rsi_14>75 AND ret_1d>2%,3,216,0.2962962962962963,109,0.29187893813922655,0.2647058823529412,28.3/28.7/33.3/26.5
ret_1d>5% AND vol_ratio_5>3.0 AND vol_z_20>2,3,189,0.2698412698412698,151,0.29185101032697336,0.2621359223300971,26.2/26.3/35.2/29.0
ret_1d>5% AND vol_ratio_5>3.0 AND vol_z_20>2 AND ret_1d>2%,4,189,0.2698412698412698,151,0.29185101032697336,0.2621359223300971,26.2/26.3/35.2/29.0
ret_1d>5% AND vol_ratio_5>3.0 AND vol_z_20>2 AND vol_ratio_5>2.0,4,189,0.2698412698412698,151,0.29185101032697336,0.2621359223300971,26.2/26.3/35.2/29.0
ret_1d>5% AND vol_ratio_5>3.0 AND vol_z_20>2 AND vol_ratio_20>2.0,4,189,0.2698412698412698,151,0.29185101032697336,0.2621359223300971,26.2/26.3/35.2/29.0
vol_high_close_high AND vol_z_20>2 AND vol_ratio_20>2.0 AND rsi_14>75,4,116,0.29310344827586204,67,0.2914190928896811,0.25925925925925924,30.3/25.9/28.6/31.8
gap_up>3% AND vol_ratio_5>3.0 AND vol_ratio_20>3.0 AND ret_1d>2%,4,49,0.30612244897959184,42,0.2913748079877112,0.24,30.6/24.0/33.3/28.6
vol_ratio_5>3.0 AND px>5pct_above_sma20 AND ret_1d>2%,3,208,0.2644230769230769,166,0.2912457988641945,0.25572519083969464,26.7/25.6/31.2/32.9
vol_ratio_5>3.0 AND px>5pct_above_sma20 AND vol_ratio_5>2.0 AND ret_1d>2%,4,208,0.2644230769230769,166,0.2912457988641945,0.25572519083969464,26.7/25.6/31.2/32.9
gap_up>2% AND vol_ratio_20>2.0 AND vol_ratio_5>2.0 AND ret_1d>2%,4,115,0.2608695652173913,94,0.29090549936788873,0.26785714285714285,26.8/27.4/32.1/30.0
vol_ratio_20>3.0 AND ret_5d>5% AND rsi_14>75,3,241,0.2863070539419087,122,0.2908891968589373,0.23684210526315788,29.1/29.3/34.3/23.7
vol_ratio_20>3.0 AND vol_ratio_20>2.0 AND ret_5d>5% AND rsi_14>75,4,241,0.2863070539419087,122,0.2908891968589373,0.23684210526315788,29.1/29.3/34.3/23.7
vol_ratio_20>3.0 AND ret_5d>5% AND rsi_14>75 AND px>5pct_above_sma20,4,241,0.2863070539419087,122,0.2908891968589373,0.23684210526315788,29.1/29.3/34.3/23.7
vol_ratio_5>3.0 AND vol_ratio_20>2.0 AND px>5pct_above_sma20 AND ret_1d>2%,4,202,0.2623762376237624,161,0.29043886827193305,0.25882352941176473,27.1/25.9/30.3/32.9
ret_5d>10% AND ret_1d>5% AND vol_high_close_high,3,225,0.3333333333333333,197,0.29042463679186103,0.25287356321839083,25.3/29.4/27.8/33.6
ret_5d>10% AND ret_1d>5% AND vol_high_close_high AND ret_1d>2%,4,225,0.3333333333333333,197,0.29042463679186103,0.25287356321839083,25.3/29.4/27.8/33.6
ret_5d>10% AND ret_1d>5% AND vol_high_close_high AND ret_5d>5%,4,225,0.3333333333333333,197,0.29042463679186103,0.25287356321839083,25.3/29.4/27.8/33.6
gap_up>3% AND ret_5d>10% AND px>5pct_above_sma20,3,143,0.35664335664335667,104,0.29033890762715037,0.23333333333333334,31.1/30.1/31.6/23.3
gap_up>3% AND ret_5d>10% AND ret_5d>5% AND px>5pct_above_sma20,4,143,0.35664335664335667,104,0.29033890762715037,0.23333333333333334,31.1/30.1/31.6/23.3
gap_up>3% AND ret_5d>10% AND gap_up>2% AND px>5pct_above_sma20,4,143,0.35664335664335667,104,0.29033890762715037,0.23333333333333334,31.1/30.1/31.6/23.3
vol_high_close_high AND vol_ratio_20>2.0 AND ret_5d>5% AND vol_ratio_5>2.0,4,180,0.28888888888888886,156,0.28966907010738174,0.26785714285714285,27.6/26.8/30.6/31.0
ret_5d>10% AND vol_ratio_20>3.0 AND vol_z_20>2 AND vol_ratio_5>2.0,4,239,0.26778242677824265,184,0.2895591917154063,0.24124513618677043,29.3/24.1/29.4/33.0
gap_up>5% AND gap_up>3% AND vol_ratio_20>2.0 AND vol_ratio_5>2.0,4,95,0.25263157894736843,67,0.28942138072421275,0.25,34.2/28.8/25.0/27.8
gap_up>5% AND vol_ratio_20>2.0 AND vol_ratio_5>2.0,3,95,0.25263157894736843,67,0.28942138072421275,0.25,34.2/28.8/25.0/27.8
gap_up>5% AND gap_up>2% AND vol_ratio_20>2.0 AND vol_ratio_5>2.0,4,95,0.25263157894736843,67,0.28942138072421275,0.25,34.2/28.8/25.0/27.8
ret_1d>5% AND vol_ratio_20>3.0 AND ret_5d>5% AND px>5pct_above_sma20,4,325,0.24,230,0.2892177826653633,0.26099706744868034,26.1/26.4/30.2/33.0
ret_1d>5% AND vol_ratio_5>3.0 AND vol_ratio_20>3.0 AND vol_ratio_5>2.0,4,198,0.26262626262626265,159,0.28907671877771546,0.26222222222222225,27.4/26.2/34.7/27.3
ret_1d>5% AND vol_ratio_5>3.0 AND vol_ratio_20>3.0 AND ret_1d>2%,4,198,0.26262626262626265,159,0.28907671877771546,0.26222222222222225,27.4/26.2/34.7/27.3
ret_1d>5% AND vol_ratio_5>3.0 AND vol_ratio_20>3.0 AND vol_ratio_20>2.0,4,198,0.26262626262626265,159,0.28907671877771546,0.26222222222222225,27.4/26.2/34.7/27.3
ret_1d>5% AND vol_ratio_5>3.0 AND vol_ratio_20>3.0,3,198,0.26262626262626265,159,0.28907671877771546,0.26222222222222225,27.4/26.2/34.7/27.3
ret_5d>10% AND ret_1d>5% AND vol_z_20>2 AND ret_1d>2%,4,259,0.25096525096525096,203,0.2885978748722804,0.24452554744525548,24.5/27.1/26.4/37.5
ret_5d>10% AND ret_1d>5% AND vol_z_20>2,3,259,0.25096525096525096,203,0.2885978748722804,0.24452554744525548,24.5/27.1/26.4/37.5
ret_5d>10% AND ret_1d>5% AND vol_z_20>2 AND ret_5d>5%,4,259,0.25096525096525096,203,0.2885978748722804,0.24452554744525548,24.5/27.1/26.4/37.5
ret_1d>5% AND vol_high_close_high AND vol_z_20>2 AND vol_ratio_20>2.0,4,198,0.2676767676767677,166,0.2873283635267356,0.25806451612903225,26.8/25.8/27.8/34.6
vol_high_close_high AND vol_z_20>2 AND rsi_14>75,3,122,0.2786885245901639,69,0.28730109391814945,0.24778761061946902,29.8/24.8/28.6/31.8
ret_5d>10% AND vol_z_20>2 AND vol_ratio_5>2.0 AND ret_1d>2%,4,221,0.27601809954751133,177,0.28726186597154335,0.24,27.3/24.0/28.1/35.5
vol_ratio_20>3.0 AND rsi_14>75,2,257,0.2840466926070039,131,0.2871618368165299,0.25,29.1/26.5/34.2/25.0
vol_ratio_20>3.0 AND vol_ratio_20>2.0 AND rsi_14>75,3,257,0.2840466926070039,131,0.2871618368165299,0.25,29.1/26.5/34.2/25.0
ret_5d>10% AND ret_1d>5% AND vol_ratio_20>2.0 AND px>5pct_above_sma20,4,333,0.26426426426426425,248,0.2870812467714692,0.2479108635097493,24.8/28.7/29.6/31.7
gap_up>5% AND ret_5d>10% AND vol_z_20>2 AND rsi_14>75,4,44,0.36363636363636365,15,0.286968954248366,0.0,36.1/41.2/37.5/0.0
ret_1d>5% AND vol_high_close_high AND vol_ratio_20>2.0 AND px>5pct_above_sma20,4,242,0.29338842975206614,192,0.2869486894448912,0.25735294117647056,25.7/25.7/28.3/35.0
vol_high_close_high AND ret_5d>5% AND px>5pct_above_sma20 AND vol_ratio_5>2.0,4,175,0.30857142857142855,147,0.28682610631390404,0.25339366515837103,28.7/25.3/29.3/31.3
ret_5d>10% AND ret_1d>5% AND px>5pct_above_sma20 AND vol_ratio_5>2.0,4,220,0.2863636363636364,187,0.28625405315160984,0.26136363636363635,27.0/26.1/30.6/30.7
vol_ratio_20>2.0 AND rsi_14>75 AND vol_ratio_5>2.0,3,189,0.2751322751322751,110,0.28603187973148525,0.19553072625698323,26.8/19.6/37.5/30.6
vol_ratio_5>3.0 AND vol_ratio_20>2.0 AND ret_5d>5% AND vol_ratio_5>2.0,4,216,0.25462962962962965,179,0.28536611614342705,0.23484848484848486,27.3/23.5/31.1/32.2
vol_ratio_5>3.0 AND vol_ratio_20>2.0 AND ret_5d>5%,3,216,0.25462962962962965,179,0.28536611614342705,0.23484848484848486,27.3/23.5/31.1/32.2
gap_up>2% AND ret_5d>5% AND px>5pct_above_sma20 AND ret_1d>2%,4,155,0.3161290322580645,128,0.2850328246685939,0.24260355029585798,25.4/24.3/33.3/31.0
ret_5d>10% AND vol_ratio_20>3.0 AND vol_z_20>2 AND px>5pct_above_sma20,4,295,0.25084745762711863,212,0.28482241672587905,0.27,27.0/27.3/27.7/31.9
gap_up>3% AND gap_up>2% AND ret_5d>5% AND ret_1d>2%,4,123,0.36585365853658536,124,0.2845874713521772,0.25824175824175827,28.5/27.7/25.8/31.8
gap_up>3% AND ret_5d>5% AND ret_1d>2%,3,123,0.36585365853658536,124,0.2845874713521772,0.25824175824175827,28.5/27.7/25.8/31.8
gap_up>5% AND vol_ratio_20>3.0 AND vol_z_20>2 AND rsi_14>75,4,45,0.37777777777777777,15,0.2845290143084261,0.0,35.1/41.2/37.5/0.0
rsi_14>75 AND px>5pct_above_sma20 AND vol_ratio_5>2.0 AND ret_1d>2%,4,178,0.28651685393258425,101,0.28423761741673176,0.21212121212121213,26.4/21.2/36.7/29.4
ret_5d>10% AND ret_1d>5% AND vol_ratio_20>2.0 AND ret_1d>2%,4,340,0.26176470588235295,271,0.2842227067353845,0.24383561643835616,24.4/28.5/27.3/33.6
ret_5d>10% AND ret_1d>5% AND vol_ratio_20>2.0 AND ret_5d>5%,4,340,0.26176470588235295,271,0.2842227067353845,0.24383561643835616,24.4/28.5/27.3/33.6
ret_5d>10% AND ret_1d>5% AND vol_ratio_20>2.0,3,340,0.26176470588235295,271,0.2842227067353845,0.24383561643835616,24.4/28.5/27.3/33.6
ret_5d>10% AND vol_ratio_20>3.0 AND vol_ratio_20>2.0 AND px>5pct_above_sma20,4,349,0.25501432664756446,253,0.28421812044743877,0.2699724517906336,27.9/27.0/28.7/30.2
ret_5d>10% AND vol_ratio_20>3.0 AND px>5pct_above_sma20,3,349,0.25501432664756446,253,0.28421812044743877,0.2699724517906336,27.9/27.0/28.7/30.2
ret_5d>10% AND vol_ratio_20>3.0 AND ret_5d>5% AND px>5pct_above_sma20,4,349,0.25501432664756446,253,0.28421812044743877,0.2699724517906336,27.9/27.0/28.7/30.2
vol_ratio_5>3.0 AND gap_up>2% AND vol_ratio_5>2.0 AND ret_1d>2%,4,63,0.30158730158730157,58,0.28395977170210807,0.24,32.4/24.0/29.4/27.8
vol_ratio_5>3.0 AND gap_up>2% AND ret_1d>2%,3,63,0.30158730158730157,58,0.28395977170210807,0.24,32.4/24.0/29.4/27.8
vol_ratio_5>3.0 AND gap_up>2% AND vol_z_20>2,3,80,0.2625,63,0.28394325799986175,0.24358974358974358,29.9/24.4/32.1/27.3
vol_ratio_5>3.0 AND gap_up>2% AND vol_z_20>2 AND vol_ratio_5>2.0,4,80,0.2625,63,0.28394325799986175,0.24358974358974358,29.9/24.4/32.1/27.3
vol_ratio_5>3.0 AND gap_up>2% AND vol_z_20>2 AND vol_ratio_20>2.0,4,80,0.2625,63,0.28394325799986175,0.24358974358974358,29.9/24.4/32.1/27.3
rsi_14>75 AND px>5pct_above_sma20 AND vol_ratio_5>2.0,3,195,0.2717948717948718,115,0.28375622636058206,0.2032967032967033,26.6/20.3/36.8/29.7
ret_1d>5% AND vol_ratio_20>3.0 AND ret_5d>5%,3,342,0.23684210526315788,253,0.28372307605869296,0.2556818181818182,25.6/26.0/29.1/32.8
ret_1d>5% AND vol_ratio_20>3.0 AND ret_5d>5% AND ret_1d>2%,4,342,0.23684210526315788,253,0.28372307605869296,0.2556818181818182,25.6/26.0/29.1/32.8
ret_1d>5% AND vol_ratio_20>3.0 AND vol_ratio_20>2.0 AND ret_5d>5%,4,342,0.23684210526315788,253,0.28372307605869296,0.2556818181818182,25.6/26.0/29.1/32.8
vol_ratio_20>2.0 AND rsi_14>75 AND vol_ratio_5>2.0 AND ret_1d>2%,4,170,0.29411764705882354,95,0.2837195039306045,0.2129032258064516,26.8/21.3/36.0/29.4
vol_ratio_5>3.0 AND px>5pct_above_sma20,2,229,0.25327510917030566,178,0.28338803412471936,0.24555160142348753,27.7/24.6/29.7/31.4
vol_ratio_5>3.0 AND px>5pct_above_sma20 AND vol_ratio_5>2.0,3,229,0.25327510917030566,178,0.28338803412471936,0.24555160142348753,27.7/24.6/29.7/31.4
vol_ratio_5>3.0 AND ret_5d>5% AND vol_ratio_5>2.0,3,222,0.25675675675675674,187,0.2833865914475868,0.23104693140794225,27.0/23.1/31.0/32.3
vol_ratio_5>3.0 AND ret_5d>5%,2,222,0.25675675675675674,187,0.2833865914475868,0.23104693140794225,27.0/23.1/31.0/32.3
ret_1d>5% AND vol_high_close_high AND vol_ratio_20>2.0 AND ret_5d>5%,4,248,0.27419354838709675,205,0.28337406117743486,0.24548736462093862,24.5/26.2/29.3/33.3
vol_ratio_5>3.0 AND vol_ratio_20>2.0 AND px>5pct_above_sma20 AND vol_ratio_5>2.0,4,220,0.2545454545454545,172,0.28316408527608333,0.25092250922509224,28.1/25.1/28.7/31.3
vol_ratio_5>3.0 AND vol_ratio_20>2.0 AND px>5pct_above_sma20,3,220,0.2545454545454545,172,0.28316408527608333,0.25092250922509224,28.1/25.1/28.7/31.3
gap_up>3% AND vol_ratio_20>2.0 AND vol_ratio_5>2.0 AND ret_1d>2%,4,86,0.3023255813953488,74,0.282990331671082,0.2625,26.9/26.2/30.4/29.6
ret_5d>10% AND vol_ratio_20>3.0 AND vol_z_20>2,3,303,0.24752475247524752,225,0.28290206832765685,0.26436781609195403,26.6/27.0/26.4/33.0
ret_5d>10% AND vol_ratio_20>3.0 AND vol_z_20>2 AND vol_ratio_20>2.0,4,303,0.24752475247524752,225,0.28290206832765685,0.26436781609195403,26.6/27.0/26.4/33.0
ret_5d>10% AND vol_ratio_20>3.0 AND vol_z_20>2 AND ret_5d>5%,4,303,0.24752475247524752,225,0.28290206832765685,0.26436781609195403,26.6/27.0/26.4/33.0
ret_5d>10% AND vol_ratio_20>2.0 AND vol_ratio_5>2.0 AND ret_1d>2%,4,238,0.27310924369747897,209,0.2828891783763181,0.2508710801393728,26.8/25.1/28.2/33.0
ret_1d>5% AND vol_high_close_high AND vol_ratio_20>2.0 AND vol_ratio_5>2.0,4,175,0.3028571428571429,162,0.28273612857241287,0.2727272727272727,27.5/27.3/28.1/30.3
ret_1d>5% AND ret_5d>5% AND rsi_14>75 AND ret_1d>2%,4,317,0.25236593059936907,163,0.2824218501659313,0.25161290322580643,25.2/27.5/34.9/25.4
ret_1d>5% AND ret_5d>5% AND rsi_14>75 AND px>5pct_above_sma20,4,317,0.25236593059936907,163,0.2824218501659313,0.25161290322580643,25.2/27.5/34.9/25.4
ret_1d>5% AND ret_5d>5% AND rsi_14>75,3,317,0.25236593059936907,163,0.2824218501659313,0.25161290322580643,25.2/27.5/34.9/25.4
vol_ratio_20>3.0 AND vol_z_20>2 AND rsi_14>75 AND ret_1d>2%,4,187,0.28342245989304815,96,0.28173553783076954,0.22580645161290322,27.7/27.8/34.6/22.6
vol_ratio_5>3.0 AND gap_up>2% AND vol_ratio_20>3.0 AND vol_z_20>2,4,79,0.26582278481012656,62,0.28163635437716866,0.24358974358974358,28.9/24.4/32.1/27.3
ret_5d>10% AND vol_ratio_20>3.0 AND vol_ratio_20>2.0 AND ret_5d>5%,4,358,0.25139664804469275,267,0.2814358108108108,0.26756756756756755,27.6/26.8/27.0/31.2
ret_5d>10% AND vol_ratio_20>3.0 AND ret_5d>5%,3,358,0.25139664804469275,267,0.2814358108108108,0.26756756756756755,27.6/26.8/27.0/31.2
ret_5d>10% AND vol_ratio_20>3.0,2,358,0.25139664804469275,267,0.2814358108108108,0.26756756756756755,27.6/26.8/27.0/31.2
ret_5d>10% AND vol_ratio_20>3.0 AND vol_ratio_20>2.0,3,358,0.25139664804469275,267,0.2814358108108108,0.26756756756756755,27.6/26.8/27.0/31.2
ret_1d>5% AND vol_ratio_20>3.0 AND vol_z_20>2 AND ret_5d>5%,4,306,0.23202614379084968,225,0.2812430501919927,0.23870967741935484,23.9/26.2/29.1/33.3
ret_5d>10% AND ret_1d>5% AND ret_5d>5% AND vol_ratio_5>2.0,4,228,0.2807017543859649,208,0.2807379701078731,0.2536231884057971,26.5/25.4/28.3/32.1
ret_5d>10% AND ret_1d>5% AND vol_ratio_5>2.0 AND ret_1d>2%,4,228,0.2807017543859649,208,0.2807379701078731,0.2536231884057971,26.5/25.4/28.3/32.1
ret_5d>10% AND ret_1d>5% AND vol_ratio_5>2.0,3,228,0.2807017543859649,208,0.2807379701078731,0.2536231884057971,26.5/25.4/28.3/32.1
ret_5d>10% AND vol_z_20>2 AND px>5pct_above_sma20 AND vol_ratio_5>2.0,4,238,0.27310924369747897,185,0.2802882550849325,0.22846441947565543,28.2/22.8/29.7/31.4
gap_up>5% AND vol_ratio_5>3.0 AND vol_ratio_20>2.0 AND vol_ratio_5>2.0,4,62,0.25806451612903225,40,0.2802767052767053,0.2,35.7/29.7/26.7/20.0
gap_up>5% AND vol_ratio_5>3.0 AND gap_up>2% AND vol_ratio_20>2.0,4,62,0.25806451612903225,40,0.2802767052767053,0.2,35.7/29.7/26.7/20.0
gap_up>5% AND vol_ratio_5>3.0 AND vol_ratio_20>2.0,3,62,0.25806451612903225,40,0.2802767052767053,0.2,35.7/29.7/26.7/20.0
gap_up>5% AND gap_up>3% AND vol_ratio_5>3.0 AND vol_ratio_20>2.0,4,62,0.25806451612903225,40,0.2802767052767053,0.2,35.7/29.7/26.7/20.0
ret_1d>5% AND vol_ratio_20>3.0 AND ret_5d>5% AND vol_ratio_5>2.0,4,271,0.24354243542435425,213,0.27992384714101565,0.24104234527687296,26.8/24.1/30.4/30.6
vol_high_close_high AND ret_5d>5% AND vol_ratio_5>2.0 AND ret_1d>2%,4,188,0.2978723404255319,168,0.27988786488163453,0.256198347107438,26.5/25.6/29.7/30.1
vol_high_close_high AND vol_ratio_20>2.0 AND px>5pct_above_sma20 AND vol_ratio_5>2.0,4,173,0.30057803468208094,150,0.2797696954025275,0.24561403508771928,28.1/24.6/28.4/30.9
vol_ratio_5>3.0 AND gap_up>2% AND vol_ratio_20>3.0 AND vol_ratio_5>2.0,4,82,0.25609756097560976,67,0.2796864032821334,0.2345679012345679,31.2/23.5/29.5/27.7
vol_ratio_5>3.0 AND gap_up>2% AND vol_ratio_20>3.0 AND vol_ratio_20>2.0,4,82,0.25609756097560976,67,0.2796864032821334,0.2345679012345679,31.2/23.5/29.5/27.7
vol_ratio_5>3.0 AND gap_up>2% AND vol_ratio_20>3.0,3,82,0.25609756097560976,67,0.2796864032821334,0.2345679012345679,31.2/23.5/29.5/27.7
rsi_14>75 AND vol_ratio_5>2.0 AND ret_1d>2%,3,178,0.28651685393258425,103,0.27965669521361347,0.20710059171597633,26.3/20.7/35.5/29.4
gap_up>5% AND vol_ratio_5>2.0,2,104,0.25,77,0.2796338252702582,0.21978021978021978,34.1/29.2/22.0/26.6
gap_up>5% AND gap_up>3% AND vol_ratio_5>2.0,3,104,0.25,77,0.2796338252702582,0.21978021978021978,34.1/29.2/22.0/26.6
gap_up>5% AND gap_up>2% AND vol_ratio_5>2.0,3,104,0.25,77,0.2796338252702582,0.21978021978021978,34.1/29.2/22.0/26.6
gap_up>5% AND gap_up>3% AND gap_up>2% AND vol_ratio_5>2.0,4,104,0.25,77,0.2796338252702582,0.21978021978021978,34.1/29.2/22.0/26.6
gap_up>2% AND vol_ratio_20>3.0 AND vol_z_20>2 AND vol_ratio_20>2.0,4,158,0.2721518987341772,115,0.2794950764706575,0.26506024096385544,29.0/26.8/29.5/26.5
gap_up>2% AND vol_ratio_20>3.0 AND vol_z_20>2,3,158,0.2721518987341772,115,0.2794950764706575,0.26506024096385544,29.0/26.8/29.5/26.5
ret_1d>5% AND vol_ratio_20>3.0 AND px>5pct_above_sma20,3,336,0.25,242,0.27914385636101174,0.2561307901907357,26.1/25.6/28.4/31.6
ret_1d>5% AND vol_ratio_20>3.0 AND vol_ratio_20>2.0 AND px>5pct_above_sma20,4,336,0.25,242,0.27914385636101174,0.2561307901907357,26.1/25.6/28.4/31.6
ret_1d>5% AND vol_ratio_20>3.0 AND px>5pct_above_sma20 AND ret_1d>2%,4,336,0.25,242,0.27914385636101174,0.2561307901907357,26.1/25.6/28.4/31.6
ret_1d>5% AND vol_ratio_20>3.0 AND vol_z_20>2 AND px>5pct_above_sma20,4,298,0.24496644295302014,215,0.27906423632601246,0.24437299035369775,24.4/26.0/28.8/32.4
gap_up>5% AND gap_up>3% AND vol_z_20>2 AND rsi_14>75,4,46,0.3695652173913043,16,0.27881006006006004,0.0,35.1/38.9/37.5/0.0
gap_up>5% AND vol_z_20>2 AND ret_5d>5% AND rsi_14>75,4,46,0.3695652173913043,16,0.27881006006006004,0.0,35.1/38.9/37.5/0.0
gap_up>5% AND vol_z_20>2 AND vol_ratio_20>2.0 AND rsi_14>75,4,46,0.3695652173913043,16,0.27881006006006004,0.0,35.1/38.9/37.5/0.0
gap_up>5% AND gap_up>2% AND vol_z_20>2 AND rsi_14>75,4,46,0.3695652173913043,16,0.27881006006006004,0.0,35.1/38.9/37.5/0.0
gap_up>5% AND vol_z_20>2 AND rsi_14>75,3,46,0.3695652173913043,16,0.27881006006006004,0.0,35.1/38.9/37.5/0.0
gap_up>5% AND vol_z_20>2 AND rsi_14>75 AND px>5pct_above_sma20,4,46,0.3695652173913043,16,0.27881006006006004,0.0,35.1/38.9/37.5/0.0
vol_ratio_20>3.0 AND vol_z_20>2 AND ret_5d>5% AND rsi_14>75,4,203,0.2660098522167488,104,0.2784962224894051,0.2,28.4/27.6/35.5/20.0
gap_up>3% AND ret_5d>10% AND gap_up>2% AND ret_5d>5%,4,146,0.3561643835616438,142,0.27743852097963706,0.2324561403508772,31.3/28.5/23.2/27.9
gap_up>3% AND ret_5d>10%,2,146,0.3561643835616438,142,0.27743852097963706,0.2324561403508772,31.3/28.5/23.2/27.9
gap_up>3% AND ret_5d>10% AND ret_5d>5%,3,146,0.3561643835616438,142,0.27743852097963706,0.2324561403508772,31.3/28.5/23.2/27.9
gap_up>3% AND ret_5d>10% AND gap_up>2%,3,146,0.3561643835616438,142,0.27743852097963706,0.2324561403508772,31.3/28.5/23.2/27.9
vol_ratio_20>3.0 AND vol_z_20>2 AND rsi_14>75 AND px>5pct_above_sma20,4,213,0.27230046948356806,108,0.2771635957565606,0.2222222222222222,28.6/26.7/33.3/22.2
vol_high_close_high AND ret_5d>5% AND vol_ratio_5>2.0,3,192,0.2916666666666667,171,0.27683575608055544,0.25301204819277107,26.4/25.3/29.2/29.8
ret_1d>5% AND vol_high_close_high AND vol_z_20>2 AND ret_1d>2%,4,201,0.263681592039801,172,0.2767970139082558,0.25339366515837103,25.9/25.3/26.5/33.0
ret_1d>5% AND vol_high_close_high AND vol_z_20>2,3,201,0.263681592039801,172,0.2767970139082558,0.25339366515837103,25.9/25.3/26.5/33.0
gap_up>3% AND vol_ratio_5>3.0 AND vol_ratio_20>2.0 AND ret_1d>2%,4,51,0.29411764705882354,45,0.27635656578937756,0.24528301886792453,31.7/24.5/29.3/25.0
ret_5d>10% AND vol_z_20>2 AND vol_ratio_20>2.0 AND vol_ratio_5>2.0,4,246,0.2682926829268293,198,0.2761712907837865,0.22545454545454546,28.0/22.5/27.2/32.7
ret_5d>10% AND vol_z_20>2 AND px>5pct_above_sma20 AND ret_1d>2%,4,278,0.24820143884892087,216,0.27612270994801474,0.22580645161290322,22.6/25.7/27.0/35.2
ret_5d>10% AND vol_high_close_high AND px>5pct_above_sma20 AND ret_1d>2%,4,253,0.30434782608695654,203,0.2760118820838583,0.24305555555555555,24.3/26.4/28.7/31.0
vol_high_close_high AND vol_z_20>2 AND vol_ratio_20>2.0 AND ret_5d>5%,4,213,0.24882629107981222,166,0.2759917325540682,0.23076923076923078,25.4/23.1/27.6/34.4
ret_5d>10% AND vol_z_20>2 AND vol_ratio_5>2.0,3,246,0.2682926829268293,198,0.275899822138415,0.22545454545454546,27.9/22.5/27.2/32.7
ret_5d>10% AND vol_z_20>2 AND ret_5d>5% AND vol_ratio_5>2.0,4,246,0.2682926829268293,198,0.275899822138415,0.22545454545454546,27.9/22.5/27.2/32.7
vol_high_close_high AND vol_ratio_20>2.0 AND rsi_14>75 AND px>5pct_above_sma20,4,160,0.30625,94,0.2758035557891049,0.25,27.7/27.3/25.0/30.3
vol_ratio_20>3.0 AND vol_high_close_high AND vol_z_20>2 AND vol_ratio_5>2.0,4,180,0.2777777777777778,146,0.2752597050699038,0.2374429223744292,29.3/23.7/26.8/30.2
vol_high_close_high AND vol_z_20>2 AND ret_5d>5% AND px>5pct_above_sma20,4,205,0.25365853658536586,155,0.27512589951837746,0.22466960352422907,25.7/22.5/27.7/34.1
vol_high_close_high AND px>5pct_above_sma20 AND vol_ratio_5>2.0 AND ret_1d>2%,4,182,0.3021978021978022,159,0.2745025468735236,0.23949579831932774,26.9/23.9/28.3/30.7
gap_up>3% AND vol_ratio_20>3.0 AND vol_z_20>2 AND vol_ratio_20>2.0,4,125,0.288,87,0.27449913499952006,0.2524271844660194,29.4/25.2/28.9/26.2
gap_up>3% AND vol_ratio_20>3.0 AND vol_z_20>2,3,125,0.288,87,0.27449913499952006,0.2524271844660194,29.4/25.2/28.9/26.2
gap_up>3% AND gap_up>2% AND vol_ratio_20>3.0 AND vol_z_20>2,4,125,0.288,87,0.27449913499952006,0.2524271844660194,29.4/25.2/28.9/26.2
ret_5d>10% AND px>5pct_above_sma20 AND vol_ratio_5>2.0 AND ret_1d>2%,4,236,0.2838983050847458,206,0.27425206270518954,0.2440677966101695,26.4/24.4/28.8/30.1
gap_up>2% AND vol_ratio_20>3.0 AND vol_ratio_20>2.0,3,194,0.26288659793814434,140,0.27398833736020634,0.26,29.0/26.0/28.6/26.0
gap_up>2% AND vol_ratio_20>3.0,2,194,0.26288659793814434,140,0.27398833736020634,0.26,29.0/26.0/28.6/26.0
gap_up>5% AND vol_ratio_5>3.0 AND vol_ratio_5>2.0,3,64,0.265625,44,0.27383865767988397,0.20689655172413793,35.1/29.3/24.5/20.7
gap_up>5% AND gap_up>3% AND vol_ratio_5>3.0,3,64,0.265625,44,0.27383865767988397,0.20689655172413793,35.1/29.3/24.5/20.7
gap_up>5% AND vol_ratio_5>3.0 AND gap_up>2% AND vol_ratio_5>2.0,4,64,0.265625,44,0.27383865767988397,0.20689655172413793,35.1/29.3/24.5/20.7
gap_up>5% AND gap_up>3% AND vol_ratio_5>3.0 AND vol_ratio_5>2.0,4,64,0.265625,44,0.27383865767988397,0.20689655172413793,35.1/29.3/24.5/20.7
gap_up>5% AND vol_ratio_5>3.0,2,64,0.265625,44,0.27383865767988397,0.20689655172413793,35.1/29.3/24.5/20.7
gap_up>5% AND vol_ratio_5>3.0 AND gap_up>2%,3,64,0.265625,44,0.27383865767988397,0.20689655172413793,35.1/29.3/24.5/20.7
gap_up>5% AND gap_up>3% AND vol_ratio_5>3.0 AND gap_up>2%,4,64,0.265625,44,0.27383865767988397,0.20689655172413793,35.1/29.3/24.5/20.7
ret_1d>5% AND vol_ratio_20>3.0 AND px>5pct_above_sma20 AND vol_ratio_5>2.0,4,263,0.2585551330798479,203,0.27379468642660687,0.23717948717948717,27.3/23.7/29.5/29.0
ret_5d>10% AND vol_ratio_20>2.0 AND px>5pct_above_sma20 AND vol_ratio_5>2.0,4,256,0.26953125,213,0.27365381844069636,0.23934426229508196,28.2/23.9/28.8/28.6
vol_high_close_high AND vol_z_20>2 AND px>5pct_above_sma20 AND ret_1d>2%,4,200,0.26,159,0.27350805498273817,0.22127659574468084,25.2/22.1/28.7/33.3
vol_high_close_high AND vol_z_20>2 AND vol_ratio_20>2.0 AND px>5pct_above_sma20,4,205,0.25853658536585367,160,0.2733895180762359,0.2139917695473251,26.1/21.4/28.2/33.7
rsi_14>75 AND vol_ratio_5>2.0,2,199,0.2663316582914573,121,0.2731347974769027,0.18686868686868688,25.8/18.7/35.0/29.7
ret_5d>10% AND vol_z_20>2 AND vol_ratio_20>2.0 AND ret_1d>2%,4,279,0.25089605734767023,229,0.2730957588382169,0.22727272727272727,22.7/25.6/23.8/37.2
gap_up>2% AND vol_ratio_20>3.0 AND vol_z_20>2 AND vol_ratio_5>2.0,4,137,0.27007299270072993,101,0.27238793718535304,0.2564102564102564,28.0/25.6/29.0/26.3
gap_up>2% AND vol_z_20>2 AND vol_ratio_20>2.0 AND vol_ratio_5>2.0,4,142,0.2605633802816901,106,0.2723577873872909,0.2540983606557377,27.4/25.4/27.0/29.1
vol_high_close_high AND vol_z_20>2 AND vol_ratio_5>2.0 AND ret_1d>2%,4,177,0.288135593220339,150,0.27234670947618905,0.2372093023255814,27.9/23.7/27.7/29.7
gap_up>3% AND vol_ratio_20>3.0,2,152,0.27631578947368424,105,0.27234364261168387,0.25333333333333335,31.2/25.6/26.8/25.3
gap_up>3% AND vol_ratio_20>3.0 AND vol_ratio_20>2.0,3,152,0.27631578947368424,105,0.27234364261168387,0.25333333333333335,31.2/25.6/26.8/25.3
gap_up>3% AND gap_up>2% AND vol_ratio_20>3.0 AND vol_ratio_20>2.0,4,152,0.27631578947368424,105,0.27234364261168387,0.25333333333333335,31.2/25.6/26.8/25.3
gap_up>3% AND gap_up>2% AND vol_ratio_20>3.0,3,152,0.27631578947368424,105,0.27234364261168387,0.25333333333333335,31.2/25.6/26.8/25.3
vol_z_20>2 AND ret_5d>5% AND rsi_14>75 AND ret_1d>2%,4,199,0.25125628140703515,111,0.2721780705300556,0.23786407766990292,23.8/25.3/33.3/26.5
ret_5d>10% AND vol_ratio_20>2.0 AND ret_5d>5% AND vol_ratio_5>2.0,4,267,0.26217228464419473,233,0.2720286928843776,0.23417721518987342,27.7/23.4/27.4/30.3
ret_5d>10% AND vol_ratio_20>2.0 AND vol_ratio_5>2.0,3,267,0.26217228464419473,233,0.2720286928843776,0.23417721518987342,27.7/23.4/27.4/30.3
gap_up>2% AND vol_z_20>2 AND vol_ratio_5>2.0,3,142,0.2605633802816901,106,0.2718094002905167,0.2540983606557377,27.2/25.4/27.0/29.1
gap_up>3% AND vol_z_20>2 AND vol_ratio_20>2.0 AND vol_ratio_5>2.0,4,111,0.2972972972972973,82,0.27177163114663117,0.24175824175824176,28.3/24.2/26.2/30.0
gap_up>3% AND gap_up>2% AND vol_z_20>2 AND vol_ratio_5>2.0,4,111,0.2972972972972973,82,0.27177163114663117,0.24175824175824176,28.3/24.2/26.2/30.0
gap_up>3% AND vol_z_20>2 AND vol_ratio_5>2.0,3,111,0.2972972972972973,82,0.27177163114663117,0.24175824175824176,28.3/24.2/26.2/30.0
ret_1d>5% AND vol_ratio_20>3.0 AND vol_z_20>2 AND ret_1d>2%,4,339,0.23303834808259588,260,0.2716693588360103,0.23353293413173654,23.4/25.6/28.9/30.8
ret_1d>5% AND vol_ratio_20>3.0 AND vol_z_20>2 AND vol_ratio_20>2.0,4,339,0.23303834808259588,260,0.2716693588360103,0.23353293413173654,23.4/25.6/28.9/30.8
ret_1d>5% AND vol_ratio_20>3.0 AND vol_z_20>2,3,339,0.23303834808259588,260,0.2716693588360103,0.23353293413173654,23.4/25.6/28.9/30.8
vol_ratio_20>3.0 AND vol_z_20>2 AND vol_ratio_20>2.0 AND rsi_14>75,4,216,0.26851851851851855,111,0.2714954275883924,0.21621621621621623,28.6/25.0/33.3/21.6
vol_ratio_20>3.0 AND vol_z_20>2 AND rsi_14>75,3,216,0.26851851851851855,111,0.2714954275883924,0.21621621621621623,28.6/25.0/33.3/21.6
vol_high_close_high AND vol_z_20>2 AND ret_5d>5% AND ret_1d>2%,4,210,0.24761904761904763,168,0.2714743333579251,0.23478260869565218,24.4/23.5/27.3/33.3
vol_ratio_20>3.0 AND vol_high_close_high AND vol_ratio_5>2.0,3,188,0.2712765957446808,158,0.270776024848037,0.23628691983122363,29.4/23.6/27.9/27.4
vol_ratio_20>3.0 AND vol_high_close_high AND vol_ratio_20>2.0 AND vol_ratio_5>2.0,4,188,0.2712765957446808,158,0.270776024848037,0.23628691983122363,29.4/23.6/27.9/27.4
ret_1d>5% AND vol_ratio_5>3.0 AND vol_ratio_20>2.0,3,208,0.2548076923076923,175,0.2705590503404578,0.24770642201834864,26.5/26.4/30.5/24.8
ret_1d>5% AND vol_ratio_5>3.0 AND vol_ratio_20>2.0 AND ret_1d>2%,4,208,0.2548076923076923,175,0.2705590503404578,0.24770642201834864,26.5/26.4/30.5/24.8
ret_1d>5% AND vol_ratio_5>3.0 AND vol_ratio_20>2.0 AND vol_ratio_5>2.0,4,208,0.2548076923076923,175,0.2705590503404578,0.24770642201834864,26.5/26.4/30.5/24.8
gap_up>2% AND vol_ratio_20>3.0 AND vol_ratio_5>2.0,3,146,0.2671232876712329,110,0.27036671301264736,0.256,28.7/25.6/27.4/26.5
gap_up>2% AND vol_ratio_20>3.0 AND vol_ratio_20>2.0 AND vol_ratio_5>2.0,4,146,0.2671232876712329,110,0.27036671301264736,0.256,28.7/25.6/27.4/26.5
vol_high_close_high AND ret_5d>5% AND rsi_14>75 AND ret_1d>2%,4,186,0.27956989247311825,109,0.2701635309994443,0.24509803921568626,24.5/26.5/30.8/26.3
ret_1d>5% AND vol_ratio_20>3.0 AND vol_ratio_20>2.0 AND ret_1d>2%,4,385,0.23636363636363636,294,0.26997915056292526,0.24878048780487805,25.0/24.9/28.5/29.6
ret_1d>5% AND vol_ratio_20>3.0 AND ret_1d>2%,3,385,0.23636363636363636,294,0.26997915056292526,0.24878048780487805,25.0/24.9/28.5/29.6
ret_1d>5% AND vol_ratio_20>3.0,2,385,0.23636363636363636,294,0.26997915056292526,0.24878048780487805,25.0/24.9/28.5/29.6
ret_1d>5% AND vol_ratio_20>3.0 AND vol_ratio_20>2.0,3,385,0.23636363636363636,294,0.26997915056292526,0.24878048780487805,25.0/24.9/28.5/29.6
vol_z_20>2 AND vol_ratio_20>2.0 AND rsi_14>75 AND ret_1d>2%,4,205,0.2634146341463415,113,0.26982985223074735,0.23671497584541062,23.7/24.5/33.3/26.5
vol_high_close_high AND px>5pct_above_sma20 AND vol_ratio_5>2.0,3,185,0.2972972972972973,163,0.2693804589010214,0.22983870967741934,26.6/23.0/27.5/30.7
ret_5d>10% AND vol_z_20>2 AND ret_1d>2%,3,284,0.24647887323943662,233,0.26897759076657896,0.2222222222222222,22.2/25.5/23.7/36.2
ret_5d>10% AND vol_z_20>2 AND ret_5d>5% AND ret_1d>2%,4,284,0.24647887323943662,233,0.26897759076657896,0.2222222222222222,22.2/25.5/23.7/36.2
vol_ratio_20>2.0 AND ret_5d>5% AND rsi_14>75 AND ret_1d>2%,4,278,0.26258992805755393,151,0.2688966377289785,0.2363013698630137,23.6/26.2/32.3/25.5
gap_up>3% AND vol_ratio_20>3.0 AND vol_z_20>2 AND vol_ratio_5>2.0,4,110,0.3,79,0.2687017921960073,0.2413793103448276,28.1/24.1/27.6/27.6
vol_z_20>2 AND rsi_14>75 AND px>5pct_above_sma20 AND ret_1d>2%,4,209,0.2583732057416268,114,0.268564462498286,0.23557692307692307,23.6/24.1/33.3/26.5
vol_high_close_high AND vol_ratio_20>2.0 AND rsi_14>75,3,166,0.29518072289156627,97,0.2683918482647296,0.25,27.1/26.7/25.0/28.6
gap_up>3% AND gap_up>2% AND vol_ratio_5>2.0 AND ret_1d>2%,4,95,0.3263157894736842,83,0.26835274842577816,0.25806451612903225,26.5/25.8/26.2/28.8
gap_up>3% AND vol_ratio_5>2.0 AND ret_1d>2%,3,95,0.3263157894736842,83,0.26835274842577816,0.25806451612903225,26.5/25.8/26.2/28.8
gap_up>3% AND gap_up>2% AND vol_z_20>2 AND vol_ratio_20>2.0,4,128,0.28125,97,0.2683093925013894,0.23893805309734514,28.2/23.9/26.3/29.0
gap_up>3% AND vol_z_20>2 AND vol_ratio_20>2.0,3,128,0.28125,97,0.2683093925013894,0.23893805309734514,28.2/23.9/26.3/29.0
ret_1d>5% AND rsi_14>75 AND px>5pct_above_sma20,3,329,0.2553191489361702,170,0.2680529891304348,0.234375,24.4/26.8/32.6/23.4
ret_1d>5% AND rsi_14>75 AND ret_1d>2%,3,329,0.2553191489361702,170,0.2680529891304348,0.234375,24.4/26.8/32.6/23.4
ret_1d>5% AND rsi_14>75 AND px>5pct_above_sma20 AND ret_1d>2%,4,329,0.2553191489361702,170,0.2680529891304348,0.234375,24.4/26.8/32.6/23.4
ret_1d>5% AND rsi_14>75,2,329,0.2553191489361702,170,0.2680529891304348,0.234375,24.4/26.8/32.6/23.4
ret_5d>10% AND gap_up>2% AND ret_5d>5% AND px>5pct_above_sma20,4,195,0.3128205128205128,152,0.2678008227000456,0.23333333333333334,27.2/27.0/29.5/23.3
ret_5d>10% AND gap_up>2% AND px>5pct_above_sma20,3,195,0.3128205128205128,152,0.2678008227000456,0.23333333333333334,27.2/27.0/29.5/23.3
gap_up>3% AND vol_ratio_5>3.0 AND gap_up>2% AND vol_z_20>2,4,67,0.2835820895522388,51,0.2676824212271973,0.23333333333333334,29.9/23.3/28.9/25.0
gap_up>3% AND vol_ratio_5>3.0 AND vol_z_20>2,3,67,0.2835820895522388,51,0.2676824212271973,0.23333333333333334,29.9/23.3/28.9/25.0
gap_up>3% AND vol_ratio_5>3.0 AND vol_z_20>2 AND vol_ratio_20>2.0,4,67,0.2835820895522388,51,0.2676824212271973,0.23333333333333334,29.9/23.3/28.9/25.0
gap_up>3% AND vol_ratio_5>3.0 AND vol_z_20>2 AND vol_ratio_5>2.0,4,67,0.2835820895522388,51,0.2676824212271973,0.23333333333333334,29.9/23.3/28.9/25.0
gap_up>3% AND gap_up>2% AND vol_z_20>2,3,128,0.28125,99,0.2675520817926224,0.23893805309734514,27.9/23.9/26.2/29.0
gap_up>3% AND vol_z_20>2,2,128,0.28125,99,0.2675520817926224,0.23893805309734514,27.9/23.9/26.2/29.0
ret_1d>5% AND vol_high_close_high AND vol_ratio_5>2.0,3,190,0.30526315789473685,180,0.2674486168543318,0.2540983606557377,25.9/25.4/26.8/28.8
ret_1d>5% AND vol_high_close_high AND vol_ratio_5>2.0 AND ret_1d>2%,4,190,0.30526315789473685,180,0.2674486168543318,0.2540983606557377,25.9/25.4/26.8/28.8
vol_z_20>2 AND rsi_14>75 AND ret_1d>2%,3,210,0.2571428571428571,115,0.26705366357069144,0.23333333333333334,23.3/23.7/33.3/26.5
ret_1d>5% AND vol_high_close_high AND vol_ratio_20>2.0,3,271,0.2656826568265683,242,0.2670439944832637,0.2354948805460751,23.5/25.5/26.7/31.1
ret_1d>5% AND vol_high_close_high AND vol_ratio_20>2.0 AND ret_1d>2%,4,271,0.2656826568265683,242,0.2670439944832637,0.2354948805460751,23.5/25.5/26.7/31.1
vol_ratio_20>3.0 AND ret_5d>5% AND px>5pct_above_sma20 AND ret_1d>2%,4,378,0.23015873015873015,273,0.2667605518534509,0.23786407766990292,24.3/23.8/27.9/30.8
ret_5d>10% AND vol_high_close_high AND px>5pct_above_sma20,3,267,0.299625468164794,212,0.26663156430105583,0.2356902356902357,23.6/26.2/26.4/30.5
ret_5d>10% AND vol_high_close_high AND ret_5d>5% AND px>5pct_above_sma20,4,267,0.299625468164794,212,0.26663156430105583,0.2356902356902357,23.6/26.2/26.4/30.5
ret_1d>5% AND vol_high_close_high AND ret_5d>5% AND px>5pct_above_sma20,4,285,0.2771929824561403,217,0.26662263334753966,0.2282958199356913,22.8/25.6/27.7/30.5
vol_ratio_20>3.0 AND vol_high_close_high AND vol_z_20>2 AND vol_ratio_20>2.0,4,216,0.25,174,0.26628008206943715,0.228,26.9/22.8/25.7/31.1
vol_ratio_20>3.0 AND vol_high_close_high AND vol_z_20>2,3,216,0.25,174,0.26628008206943715,0.228,26.9/22.8/25.7/31.1
ret_1d>5% AND vol_z_20>2 AND ret_5d>5% AND vol_ratio_5>2.0,4,281,0.23843416370106763,219,0.26620509428408545,0.22118380062305296,24.0/22.1/28.8/31.6
gap_up>2% AND vol_z_20>2 AND vol_ratio_20>2.0,3,168,0.25595238095238093,131,0.26588124829003357,0.2484472049689441,27.3/24.8/26.4/27.8
gap_up>3% AND gap_up>2% AND vol_ratio_20>3.0 AND vol_ratio_5>2.0,4,116,0.29310344827586204,87,0.26575053530698695,0.23655913978494625,29.5/23.7/26.1/27.0
gap_up>3% AND vol_ratio_20>3.0 AND vol_ratio_20>2.0 AND vol_ratio_5>2.0,4,116,0.29310344827586204,87,0.26575053530698695,0.23655913978494625,29.5/23.7/26.1/27.0
gap_up>3% AND vol_ratio_20>3.0 AND vol_ratio_5>2.0,3,116,0.29310344827586204,87,0.26575053530698695,0.23655913978494625,29.5/23.7/26.1/27.0
ret_5d>10% AND px>5pct_above_sma20 AND vol_ratio_5>2.0,3,264,0.2727272727272727,228,0.2655748743222568,0.22839506172839505,27.5/22.8/28.1/27.8
ret_5d>10% AND ret_5d>5% AND px>5pct_above_sma20 AND vol_ratio_5>2.0,4,264,0.2727272727272727,228,0.2655748743222568,0.22839506172839505,27.5/22.8/28.1/27.8
vol_z_20>2 AND vol_ratio_20>2.0 AND ret_5d>5% AND rsi_14>75,4,225,0.24444444444444444,122,0.2655374879423645,0.23684210526315788,24.4/23.7/34.4/23.7
vol_high_close_high AND vol_z_20>2 AND px>5pct_above_sma20,3,212,0.25,165,0.26533749716102656,0.208,24.8/20.8/27.6/32.9
gap_up>2% AND px>5pct_above_sma20 AND ret_1d>2%,3,180,0.3055555555555556,152,0.26519811861500847,0.21844660194174756,24.2/21.8/29.3/30.7
vol_high_close_high AND vol_z_20>2 AND ret_5d>5%,3,220,0.2409090909090909,172,0.2651813375166618,0.226890756302521,24.2/22.7/26.5/32.7
ret_1d>5% AND vol_z_20>2 AND ret_5d>5% AND px>5pct_above_sma20,4,319,0.219435736677116,237,0.26517579276101677,0.21865889212827988,21.9/23.5/27.4/33.3
ret_5d>10% AND vol_ratio_5>2.0 AND ret_1d>2%,3,246,0.2764227642276423,233,0.2651496526741626,0.23248407643312102,25.9/23.2/25.6/31.4
ret_5d>10% AND ret_5d>5% AND vol_ratio_5>2.0 AND ret_1d>2%,4,246,0.2764227642276423,233,0.2651496526741626,0.23248407643312102,25.9/23.2/25.6/31.4
ret_1d>5% AND vol_z_20>2 AND px>5pct_above_sma20 AND vol_ratio_5>2.0,4,270,0.25555555555555554,207,0.26513545111785775,0.2191358024691358,24.7/21.9/29.1/30.4
gap_up>3% AND vol_ratio_5>3.0 AND vol_ratio_20>3.0 AND vol_z_20>2,4,67,0.2835820895522388,50,0.26502525252525255,0.23333333333333334,28.8/23.3/28.9/25.0
ret_5d>10% AND vol_high_close_high AND ret_5d>5% AND ret_1d>2%,4,256,0.3046875,222,0.26472233065891426,0.23809523809523808,23.8/25.7/25.8/30.6
ret_5d>10% AND vol_high_close_high AND ret_1d>2%,3,256,0.3046875,222,0.26472233065891426,0.23809523809523808,23.8/25.7/25.8/30.6
gap_up>3% AND vol_ratio_5>3.0 AND ret_1d>2%,3,53,0.32075471698113206,47,0.26456444140654667,0.22807017543859648,31.7/22.8/27.3/24.0
gap_up>3% AND vol_ratio_5>3.0 AND vol_ratio_5>2.0 AND ret_1d>2%,4,53,0.32075471698113206,47,0.26456444140654667,0.22807017543859648,31.7/22.8/27.3/24.0
gap_up>3% AND vol_ratio_5>3.0 AND gap_up>2% AND ret_1d>2%,4,53,0.32075471698113206,47,0.26456444140654667,0.22807017543859648,31.7/22.8/27.3/24.0
vol_ratio_20>3.0 AND ret_5d>5% AND vol_ratio_5>2.0 AND ret_1d>2%,4,316,0.23417721518987342,249,0.2645423512230741,0.21333333333333335,26.2/21.3/27.9/30.4
gap_up>2% AND vol_z_20>2,2,169,0.2603550295857988,133,0.26444887610626966,0.24691358024691357,26.9/24.7/26.4/27.8
ret_1d>5% AND vol_ratio_5>3.0 AND ret_1d>2%,3,215,0.2558139534883721,186,0.26421684901279924,0.24347826086956523,25.6/25.0/30.7/24.3
ret_1d>5% AND vol_ratio_5>3.0 AND vol_ratio_5>2.0 AND ret_1d>2%,4,215,0.2558139534883721,186,0.26421684901279924,0.24347826086956523,25.6/25.0/30.7/24.3
ret_1d>5% AND vol_ratio_5>3.0 AND vol_ratio_5>2.0,3,215,0.2558139534883721,186,0.26421684901279924,0.24347826086956523,25.6/25.0/30.7/24.3
ret_1d>5% AND vol_ratio_5>3.0,2,215,0.2558139534883721,186,0.26421684901279924,0.24347826086956523,25.6/25.0/30.7/24.3
vol_ratio_20>3.0 AND vol_high_close_high AND vol_ratio_20>2.0,3,248,0.2540322580645161,200,0.26383271430251254,0.2150170648464164,27.2/21.5/27.2/29.7
vol_ratio_20>3.0 AND vol_high_close_high,2,248,0.2540322580645161,200,0.26383271430251254,0.2150170648464164,27.2/21.5/27.2/29.7
vol_z_20>2 AND ret_5d>5% AND rsi_14>75 AND px>5pct_above_sma20,4,232,0.2413793103448276,124,0.2635096582640772,0.23115577889447236,24.2/23.1/34.4/23.7
gap_up>2% AND vol_ratio_5>2.0 AND ret_1d>2%,3,130,0.27692307692307694,111,0.26330304886348166,0.25,25.8/25.0/26.7/27.8
vol_ratio_5>3.0 AND gap_up>2% AND vol_ratio_20>2.0,3,89,0.23595505617977527,72,0.2632817426850807,0.22988505747126436,31.3/23.0/26.5/24.5
vol_ratio_5>3.0 AND gap_up>2% AND vol_ratio_20>2.0 AND vol_ratio_5>2.0,4,89,0.23595505617977527,72,0.2632817426850807,0.22988505747126436,31.3/23.0/26.5/24.5
vol_z_20>2 AND ret_5d>5% AND rsi_14>75,3,233,0.24034334763948498,124,0.2632439885832672,0.23115577889447236,24.1/23.1/34.4/23.7
vol_z_20>2 AND vol_ratio_20>2.0 AND rsi_14>75 AND px>5pct_above_sma20,4,238,0.24789915966386555,129,0.26209775703393906,0.22169811320754718,24.7/22.2/32.4/25.6
vol_ratio_20>2.0 AND rsi_14>75 AND px>5pct_above_sma20 AND ret_1d>2%,4,293,0.2627986348122867,156,0.26204279788838614,0.23076923076923078,23.1/25.0/31.2/25.5
gap_up>3% AND vol_ratio_5>3.0 AND vol_ratio_20>3.0,3,70,0.2714285714285714,54,0.26204073704073705,0.2222222222222222,31.4/22.2/26.9/24.2
gap_up>3% AND vol_ratio_5>3.0 AND vol_ratio_20>3.0 AND vol_ratio_20>2.0,4,70,0.2714285714285714,54,0.26204073704073705,0.2222222222222222,31.4/22.2/26.9/24.2
gap_up>3% AND vol_ratio_5>3.0 AND vol_ratio_20>3.0 AND vol_ratio_5>2.0,4,70,0.2714285714285714,54,0.26204073704073705,0.2222222222222222,31.4/22.2/26.9/24.2
gap_up>3% AND vol_ratio_5>3.0 AND gap_up>2% AND vol_ratio_20>3.0,4,70,0.2714285714285714,54,0.26204073704073705,0.2222222222222222,31.4/22.2/26.9/24.2
ret_1d>5% AND vol_ratio_20>3.0 AND vol_z_20>2 AND vol_ratio_5>2.0,4,295,0.2440677966101695,231,0.2617491553269184,0.23404255319148937,24.6/23.4/28.7/28.0
vol_ratio_20>3.0 AND ret_5d>5% AND px>5pct_above_sma20 AND vol_ratio_5>2.0,4,334,0.2215568862275449,242,0.2614350079838236,0.2140921409214092,26.8/21.4/28.0/28.3
ret_1d>5% AND vol_ratio_20>2.0 AND ret_5d>5% AND px>5pct_above_sma20,4,427,0.22716627634660422,310,0.26119646850547784,0.22538293216630198,22.5/24.7/27.7/29.5
ret_1d>5% AND vol_z_20>2 AND vol_ratio_20>2.0 AND px>5pct_above_sma20,4,324,0.23148148148148148,246,0.26114050904276703,0.2222222222222222,22.2/23.2/26.8/32.2
ret_5d>10% AND vol_z_20>2 AND vol_ratio_20>2.0 AND px>5pct_above_sma20,4,316,0.2468354430379747,244,0.26094177914278355,0.2404692082111437,24.0/24.1/25.3/31.0
vol_ratio_20>2.0 AND rsi_14>75 AND ret_1d>2%,3,295,0.26101694915254237,157,0.2609003509840053,0.2292358803986711,22.9/24.7/31.2/25.5
ret_5d>10% AND vol_ratio_20>2.0 AND px>5pct_above_sma20 AND ret_1d>2%,4,384,0.2552083333333333,298,0.25977544001639763,0.2219679633867277,22.2/25.5/27.3/28.9
vol_ratio_5>3.0 AND vol_ratio_20>3.0 AND vol_z_20>2 AND ret_1d>2%,4,236,0.25,199,0.2595378850819092,0.21359223300970873,24.5/21.4/29.7/28.2
ret_1d>5% AND vol_ratio_20>3.0 AND vol_ratio_5>2.0 AND ret_1d>2%,4,309,0.23948220064724918,248,0.259065310135281,0.23209169054441262,26.0/23.2/28.1/26.3
ret_1d>5% AND vol_ratio_20>3.0 AND vol_ratio_5>2.0,3,309,0.23948220064724918,248,0.259065310135281,0.23209169054441262,26.0/23.2/28.1/26.3
ret_1d>5% AND vol_ratio_20>3.0 AND vol_ratio_20>2.0 AND vol_ratio_5>2.0,4,309,0.23948220064724918,248,0.259065310135281,0.23209169054441262,26.0/23.2/28.1/26.3
vol_ratio_20>3.0 AND ret_5d>5% AND ret_1d>2%,3,407,0.22604422604422605,308,0.2588265289406026,0.22637362637362637,23.8/22.6/26.0/31.1
vol_ratio_20>3.0 AND vol_ratio_20>2.0 AND ret_5d>5% AND ret_1d>2%,4,407,0.22604422604422605,308,0.2588265289406026,0.22637362637362637,23.8/22.6/26.0/31.1
ret_5d>10% AND vol_high_close_high AND ret_5d>5%,3,270,0.3,232,0.2587161439789727,0.23102310231023102,23.1/25.4/24.3/30.7
ret_5d>10% AND vol_high_close_high,2,270,0.3,232,0.2587161439789727,0.23102310231023102,23.1/25.4/24.3/30.7
ret_1d>5% AND vol_ratio_20>2.0 AND ret_5d>5% AND vol_ratio_5>2.0,4,311,0.22508038585209003,263,0.2584808327542285,0.22872340425531915,23.0/22.9/27.8/29.7
vol_high_close_high AND vol_ratio_20>2.0 AND ret_5d>5% AND px>5pct_above_sma20,4,284,0.25704225352112675,218,0.25817300473433497,0.2253968253968254,23.2/22.5/27.2/30.3
ret_1d>5% AND vol_z_20>2 AND px>5pct_above_sma20,3,328,0.22865853658536586,249,0.2579664633477412,0.2184873949579832,21.8/23.0/26.4/31.9
ret_1d>5% AND vol_z_20>2 AND px>5pct_above_sma20 AND ret_1d>2%,4,328,0.22865853658536586,249,0.2579664633477412,0.2184873949579832,21.8/23.0/26.4/31.9
gap_up>5% AND gap_up>3% AND gap_up>2%,3,199,0.24623115577889448,186,0.2579622901502518,0.2,33.1/28.0/20.0/22.2
gap_up>5%,1,199,0.24623115577889448,186,0.2579622901502518,0.2,33.1/28.0/20.0/22.2
gap_up>5% AND gap_up>3%,2,199,0.24623115577889448,186,0.2579622901502518,0.2,33.1/28.0/20.0/22.2
gap_up>5% AND gap_up>2%,2,199,0.24623115577889448,186,0.2579622901502518,0.2,33.1/28.0/20.0/22.2
gap_up>2% AND ret_5d>5% AND ret_1d>2%,3,173,0.31213872832369943,185,0.25785819090294876,0.22846441947565543,24.5/23.6/22.8/32.2
gap_up>3% AND gap_up>2% AND ret_5d>5% AND px>5pct_above_sma20,4,189,0.2804232804232804,130,0.25783277492154605,0.23376623376623376,26.5/23.4/29.4/23.9
gap_up>3% AND ret_5d>5% AND px>5pct_above_sma20,3,189,0.2804232804232804,130,0.25783277492154605,0.23376623376623376,26.5/23.4/29.4/23.9
vol_ratio_20>3.0 AND vol_z_20>2 AND ret_5d>5% AND ret_1d>2%,4,359,0.22562674094707522,273,0.2578019870375886,0.22911051212938005,22.9/23.3/25.6/31.4
vol_high_close_high AND rsi_14>75 AND px>5pct_above_sma20 AND ret_1d>2%,4,190,0.2736842105263158,114,0.25777135831483655,0.24154589371980675,24.2/24.3/29.6/25.0
ret_5d>10% AND vol_z_20>2 AND ret_5d>5% AND px>5pct_above_sma20,4,322,0.2422360248447205,247,0.2575799209770115,0.23563218390804597,23.6/24.0/25.0/30.5
ret_5d>10% AND vol_z_20>2 AND px>5pct_above_sma20,3,322,0.2422360248447205,247,0.2575799209770115,0.23563218390804597,23.6/24.0/25.0/30.5
vol_ratio_5>3.0 AND vol_z_20>2 AND ret_1d>2%,3,238,0.24789915966386555,201,0.2575323825048914,0.2129032258064516,24.8/21.3/28.9/28.0
vol_ratio_5>3.0 AND vol_z_20>2 AND vol_ratio_5>2.0 AND ret_1d>2%,4,238,0.24789915966386555,201,0.2575323825048914,0.2129032258064516,24.8/21.3/28.9/28.0
vol_ratio_5>3.0 AND vol_z_20>2 AND vol_ratio_20>2.0 AND ret_1d>2%,4,238,0.24789915966386555,201,0.2575323825048914,0.2129032258064516,24.8/21.3/28.9/28.0
ret_1d>5% AND vol_z_20>2 AND vol_ratio_20>2.0 AND ret_5d>5%,4,336,0.21726190476190477,264,0.2573792099289914,0.2140845070422535,21.4/23.3/24.9/33.3
vol_ratio_20>3.0 AND px>5pct_above_sma20 AND vol_ratio_5>2.0 AND ret_1d>2%,4,314,0.24203821656050956,237,0.25712207317140656,0.21066666666666667,26.0/21.1/28.2/27.6
vol_high_close_high AND rsi_14>75 AND ret_1d>2%,3,192,0.2708333333333333,115,0.2568665574820074,0.23923444976076555,23.9/24.2/29.6/25.0
ret_1d>5% AND vol_high_close_high AND px>5pct_above_sma20,3,298,0.28187919463087246,233,0.25666668552121513,0.22121212121212122,22.1/24.7/25.9/30.0
ret_1d>5% AND vol_high_close_high AND px>5pct_above_sma20 AND ret_1d>2%,4,298,0.28187919463087246,233,0.25666668552121513,0.22121212121212122,22.1/24.7/25.9/30.0
vol_z_20>2 AND vol_ratio_20>2.0 AND rsi_14>75,3,249,0.23694779116465864,134,0.2563723713430055,0.21145374449339208,24.1/21.1/32.4/25.0
vol_high_close_high AND vol_ratio_20>2.0 AND px>5pct_above_sma20 AND ret_1d>2%,4,279,0.26523297491039427,227,0.25633738586503935,0.21621621621621623,23.1/21.6/27.5/30.3
vol_z_20>2 AND rsi_14>75 AND px>5pct_above_sma20,3,247,0.242914979757085,132,0.2562227694206757,0.21266968325791855,24.2/21.3/31.4/25.6
vol_ratio_20>3.0 AND vol_ratio_20>2.0 AND ret_5d>5% AND vol_ratio_5>2.0,4,368,0.21739130434782608,283,0.2560255156786094,0.20047732696897375,26.3/20.0/26.7/29.3
vol_ratio_20>3.0 AND ret_5d>5% AND vol_ratio_5>2.0,3,368,0.21739130434782608,283,0.2560255156786094,0.20047732696897375,26.3/20.0/26.7/29.3
vol_ratio_5>3.0 AND vol_ratio_20>3.0 AND vol_ratio_20>2.0 AND ret_1d>2%,4,256,0.23828125,214,0.25574647417579,0.21779141104294478,25.3/21.8/29.3/26.0
vol_ratio_5>3.0 AND vol_ratio_20>3.0 AND vol_ratio_5>2.0 AND ret_1d>2%,4,256,0.23828125,214,0.25574647417579,0.21779141104294478,25.3/21.8/29.3/26.0
vol_ratio_5>3.0 AND vol_ratio_20>3.0 AND ret_1d>2%,3,256,0.23828125,214,0.25574647417579,0.21779141104294478,25.3/21.8/29.3/26.0
vol_ratio_20>2.0 AND ret_5d>5% AND rsi_14>75 AND px>5pct_above_sma20,4,344,0.25,184,0.25540730071651885,0.22033898305084745,23.3/24.3/32.6/22.0
ret_5d>10% AND vol_ratio_20>2.0 AND ret_5d>5% AND ret_1d>2%,4,394,0.25380710659898476,325,0.25532155350320773,0.21846846846846846,21.8/25.2/24.5/30.6
ret_5d>10% AND vol_ratio_20>2.0 AND ret_1d>2%,3,394,0.25380710659898476,325,0.25532155350320773,0.21846846846846846,21.8/25.2/24.5/30.6
vol_ratio_20>2.0 AND ret_5d>5% AND rsi_14>75,3,345,0.2492753623188406,184,0.25523878032555153,0.22033898305084745,23.2/24.3/32.6/22.0
ret_5d>10% AND vol_z_20>2 AND vol_ratio_20>2.0 AND ret_5d>5%,4,324,0.24382716049382716,265,0.2552322584198248,0.22321428571428573,23.6/23.8/22.3/32.3
ret_5d>10% AND vol_z_20>2 AND vol_ratio_20>2.0,3,324,0.24382716049382716,265,0.2552322584198248,0.22321428571428573,23.6/23.8/22.3/32.3
vol_ratio_20>3.0 AND vol_z_20>2 AND px>5pct_above_sma20 AND ret_1d>2%,4,354,0.2344632768361582,258,0.25518723610828875,0.22972972972972974,23.0/23.3/26.4/29.4
vol_high_close_high AND vol_ratio_20>2.0 AND ret_5d>5% AND ret_1d>2%,4,283,0.2508833922261484,238,0.2551352355433144,0.2246153846153846,22.5/22.7/27.5/29.4
ret_5d>10% AND ret_5d>5% AND vol_ratio_5>2.0,3,276,0.2644927536231884,259,0.25487722012797714,0.21739130434782608,26.8/21.7/24.4/29.0
ret_5d>10% AND vol_ratio_5>2.0,2,276,0.2644927536231884,259,0.25487722012797714,0.21739130434782608,26.8/21.7/24.4/29.0
vol_high_close_high AND ret_5d>5% AND rsi_14>75 AND px>5pct_above_sma20,4,202,0.27722772277227725,115,0.25457137649080774,0.23696682464454977,23.7/25.8/26.7/25.6
ret_1d>5% AND ret_5d>5% AND px>5pct_above_sma20 AND vol_ratio_5>2.0,4,303,0.23102310231023102,248,0.2543108941491017,0.22343324250681199,23.2/22.3/27.1/29.1
vol_high_close_high AND ret_5d>5% AND rsi_14>75,3,202,0.27722772277227725,115,0.2542919344806137,0.2358490566037736,23.6/25.8/26.7/25.6
ret_1d>5% AND vol_z_20>2 AND ret_5d>5% AND ret_1d>2%,4,340,0.21470588235294116,269,0.2540195967419555,0.20994475138121546,21.0/23.2/25.0/32.4
ret_1d>5% AND vol_z_20>2 AND ret_5d>5%,3,340,0.21470588235294116,269,0.2540195967419555,0.20994475138121546,21.0/23.2/25.0/32.4
vol_ratio_20>3.0 AND vol_z_20>2 AND ret_5d>5% AND vol_ratio_5>2.0,4,356,0.22191011235955055,266,0.25388975247287593,0.19899244332493704,25.0/19.9/27.0/29.6
ret_1d>5% AND vol_ratio_20>2.0 AND px>5pct_above_sma20 AND vol_ratio_5>2.0,4,301,0.23920265780730898,245,0.2537816262694872,0.22606382978723405,24.0/22.6/26.2/28.7
ret_5d>10% AND ret_5d>5% AND rsi_14>75 AND ret_1d>2%,4,366,0.23497267759562843,191,0.25370190953464744,0.208955223880597,21.6/26.3/32.7/20.9
ret_5d>10% AND rsi_14>75 AND px>5pct_above_sma20 AND ret_1d>2%,4,366,0.23497267759562843,191,0.25370190953464744,0.208955223880597,21.6/26.3/32.7/20.9
ret_5d>10% AND rsi_14>75 AND ret_1d>2%,3,366,0.23497267759562843,191,0.25370190953464744,0.208955223880597,21.6/26.3/32.7/20.9
ret_1d>5% AND vol_ratio_20>2.0 AND px>5pct_above_sma20,3,447,0.2348993288590604,332,0.2532311354879478,0.2254697286012526,22.5/23.9/25.8/29.0
ret_1d>5% AND vol_ratio_20>2.0 AND px>5pct_above_sma20 AND ret_1d>2%,4,447,0.2348993288590604,332,0.2532311354879478,0.2254697286012526,22.5/23.9/25.8/29.0
vol_ratio_20>3.0 AND px>5pct_above_sma20 AND ret_1d>2%,3,410,0.23414634146341465,296,0.2528330980404598,0.2236842105263158,23.6/22.4/26.6/28.6
vol_ratio_20>3.0 AND vol_ratio_20>2.0 AND px>5pct_above_sma20 AND ret_1d>2%,4,410,0.23414634146341465,296,0.2528330980404598,0.2236842105263158,23.6/22.4/26.6/28.6
vol_ratio_20>3.0 AND ret_5d>5% AND px>5pct_above_sma20,3,472,0.21610169491525424,329,0.252617701552402,0.228,24.8/22.8/25.6/27.8
vol_ratio_20>3.0 AND vol_ratio_20>2.0 AND ret_5d>5% AND px>5pct_above_sma20,4,472,0.21610169491525424,329,0.252617701552402,0.228,24.8/22.8/25.6/27.8
gap_up>3% AND gap_up>2% AND vol_ratio_20>2.0,3,194,0.26288659793814434,146,0.2518900817042408,0.2261904761904762,29.3/22.6/24.5/24.3
gap_up>3% AND vol_ratio_20>2.0,2,194,0.26288659793814434,146,0.2518900817042408,0.2261904761904762,29.3/22.6/24.5/24.3
gap_up>5% AND ret_5d>10% AND rsi_14>75 AND vol_ratio_5>2.0,4,37,0.3783783783783784,14,0.2515554298642534,0.0,32.4/30.8/37.5/0.0
vol_ratio_20>3.0 AND vol_ratio_20>2.0 AND px>5pct_above_sma20 AND vol_ratio_5>2.0,4,370,0.22702702702702704,271,0.25097612305101114,0.20705882352941177,26.1/20.7/26.8/26.7
vol_ratio_20>3.0 AND px>5pct_above_sma20 AND vol_ratio_5>2.0,3,370,0.22702702702702704,271,0.25097612305101114,0.20705882352941177,26.1/20.7/26.8/26.7
ret_5d>10% AND vol_z_20>2 AND ret_5d>5%,3,330,0.23939393939393938,270,0.2509291048986921,0.22077922077922077,23.2/23.7/22.1/31.4
ret_5d>10% AND vol_z_20>2,2,330,0.23939393939393938,270,0.2509291048986921,0.22077922077922077,23.2/23.7/22.1/31.4
ret_1d>5% AND vol_ratio_20>2.0 AND ret_5d>5%,3,454,0.22026431718061673,358,0.2507883596799366,0.21694214876033058,21.7/24.1/25.4/29.1
ret_1d>5% AND vol_ratio_20>2.0 AND ret_5d>5% AND ret_1d>2%,4,454,0.22026431718061673,358,0.2507883596799366,0.21694214876033058,21.7/24.1/25.4/29.1
vol_ratio_20>3.0 AND vol_z_20>2 AND px>5pct_above_sma20 AND vol_ratio_5>2.0,4,349,0.2349570200573066,251,0.250074698082721,0.2075,25.4/20.8/26.3/27.6
vol_z_20>2 AND rsi_14>75,2,258,0.23255813953488372,139,0.24995572609208971,0.2,23.6/20.0/31.4/25.0
gap_up>3% AND vol_ratio_5>3.0 AND vol_ratio_20>2.0,3,74,0.25675675675675674,58,0.24988575938850116,0.22058823529411764,31.9/22.1/23.7/22.2
gap_up>3% AND vol_ratio_5>3.0 AND gap_up>2% AND vol_ratio_20>2.0,4,74,0.25675675675675674,58,0.24988575938850116,0.22058823529411764,31.9/22.1/23.7/22.2
gap_up>3% AND vol_ratio_5>3.0 AND vol_ratio_20>2.0 AND vol_ratio_5>2.0,4,74,0.25675675675675674,58,0.24988575938850116,0.22058823529411764,31.9/22.1/23.7/22.2
vol_high_close_high AND vol_ratio_20>2.0 AND vol_ratio_5>2.0 AND ret_1d>2%,4,208,0.25961538461538464,194,0.24953176195331556,0.23247232472324722,24.5/23.2/25.8/26.3
gap_up>3% AND gap_up>2% AND vol_ratio_20>2.0 AND vol_ratio_5>2.0,4,135,0.26666666666666666,102,0.2492105803986992,0.22321428571428573,27.4/22.3/23.8/26.2
gap_up>3% AND vol_ratio_20>2.0 AND vol_ratio_5>2.0,3,135,0.26666666666666666,102,0.2492105803986992,0.22321428571428573,27.4/22.3/23.8/26.2
vol_z_20>2 AND ret_5d>5% AND vol_ratio_5>2.0 AND ret_1d>2%,4,328,0.22865853658536586,259,0.2491549910758586,0.19899244332493704,23.0/19.9/25.9/30.8
vol_ratio_5>3.0 AND gap_up>2%,2,94,0.24468085106382978,79,0.24895321721858601,0.21649484536082475,29.5/21.6/24.7/23.7
vol_ratio_5>3.0 AND gap_up>2% AND vol_ratio_5>2.0,3,94,0.24468085106382978,79,0.24895321721858601,0.21649484536082475,29.5/21.6/24.7/23.7
ret_5d>10% AND gap_up>2% AND ret_5d>5%,3,200,0.315,212,0.24847485727717467,0.20943952802359883,27.3/25.4/20.9/25.7
ret_5d>10% AND gap_up>2%,2,200,0.315,212,0.24847485727717467,0.20943952802359883,27.3/25.4/20.9/25.7
vol_ratio_20>3.0 AND vol_z_20>2 AND ret_5d>5% AND px>5pct_above_sma20,4,395,0.21518987341772153,275,0.24845487258168542,0.23058252427184467,23.7/23.1/25.0/27.7
ret_1d>5% AND vol_high_close_high AND ret_5d>5%,3,302,0.2682119205298013,253,0.24832601492442288,0.21194029850746268,21.2/24.5/24.9/28.8
ret_1d>5% AND vol_high_close_high AND ret_5d>5% AND ret_1d>2%,4,302,0.2682119205298013,253,0.24832601492442288,0.21194029850746268,21.2/24.5/24.9/28.8
vol_z_20>2 AND ret_5d>5% AND px>5pct_above_sma20 AND vol_ratio_5>2.0,4,341,0.21994134897360704,250,0.24818224437254288,0.19743589743589743,23.9/19.7/26.9/28.8
vol_high_close_high AND vol_ratio_20>2.0 AND ret_5d>5%,3,301,0.24584717607973422,249,0.24815610762871493,0.21597633136094674,21.6/22.4/26.2/29.1
gap_up>2% AND vol_ratio_20>2.0 AND vol_ratio_5>2.0,3,175,0.2342857142857143,134,0.24788405524704216,0.23076923076923078,25.2/23.1/25.2/25.7
ret_1d>5% AND vol_z_20>2 AND vol_ratio_20>2.0 AND vol_ratio_5>2.0,4,320,0.23125,254,0.24701756916521134,0.21606648199445982,23.3/21.6/26.3/27.7
ret_1d>5% AND vol_z_20>2 AND vol_ratio_5>2.0 AND ret_1d>2%,4,320,0.23125,254,0.24647051862102315,0.21606648199445982,23.2/21.6/26.1/27.7
ret_1d>5% AND vol_z_20>2 AND vol_ratio_5>2.0,3,320,0.23125,254,0.24647051862102315,0.21606648199445982,23.2/21.6/26.1/27.7
vol_high_close_high AND vol_ratio_20>2.0 AND px>5pct_above_sma20,3,299,0.25752508361204013,239,0.24618631362369692,0.2056338028169014,22.2/20.6/25.5/30.3
vol_ratio_20>2.0 AND rsi_14>75 AND px>5pct_above_sma20,3,368,0.24728260869565216,199,0.24608817533129462,0.22324159021406728,22.8/22.3/30.0/23.3
vol_z_20>2 AND px>5pct_above_sma20 AND vol_ratio_5>2.0 AND ret_1d>2%,4,320,0.2375,245,0.24583512497902682,0.19395465994962216,23.2/19.4/27.2/28.6
vol_ratio_20>3.0 AND vol_ratio_20>2.0 AND ret_5d>5%,3,513,0.21052631578947367,378,0.24574158948496255,0.21441441441441442,24.2/21.4/24.0/28.7
vol_ratio_20>3.0 AND ret_5d>5%,2,513,0.21052631578947367,378,0.24574158948496255,0.21441441441441442,24.2/21.4/24.0/28.7
vol_ratio_20>3.0 AND vol_z_20>2 AND ret_5d>5%,3,432,0.21064814814814814,317,0.24485987787643654,0.2159827213822894,23.3/21.6/24.0/29.0
vol_ratio_20>3.0 AND vol_z_20>2 AND vol_ratio_20>2.0 AND ret_5d>5%,4,432,0.21064814814814814,317,0.24485987787643654,0.2159827213822894,23.3/21.6/24.0/29.0
gap_up>2% AND vol_ratio_20>2.0,2,263,0.23954372623574144,204,0.24374287985721976,0.22088353413654618,25.7/22.1/26.2/23.6
ret_1d>5% AND vol_z_20>2 AND vol_ratio_20>2.0 AND ret_1d>2%,4,380,0.2131578947368421,312,0.2427173884666012,0.20887728459530025,20.9/22.9/24.7/28.6
ret_1d>5% AND vol_z_20>2 AND vol_ratio_20>2.0,3,380,0.2131578947368421,312,0.2427173884666012,0.20887728459530025,20.9/22.9/24.7/28.6
ret_1d>5% AND ret_5d>5% AND vol_ratio_5>2.0 AND ret_1d>2%,4,335,0.2208955223880597,298,0.2424379498393418,0.21291866028708134,22.0/21.3/24.8/28.8
ret_1d>5% AND ret_5d>5% AND vol_ratio_5>2.0,3,335,0.2208955223880597,298,0.2424379498393418,0.21291866028708134,22.0/21.3/24.8/28.8
vol_high_close_high AND vol_z_20>2 AND vol_ratio_20>2.0 AND ret_1d>2%,4,235,0.2297872340425532,208,0.24167915993212613,0.20774647887323944,23.0/20.8/25.3/27.6
vol_ratio_20>3.0 AND vol_ratio_20>2.0 AND px>5pct_above_sma20,3,523,0.2179732313575526,365,0.24143711800800643,0.21929824561403508,24.2/21.9/24.3/26.2
vol_ratio_20>3.0 AND px>5pct_above_sma20,2,523,0.2179732313575526,365,0.24143711800800643,0.21929824561403508,24.2/21.9/24.3/26.2
ret_1d>5% AND px>5pct_above_sma20 AND vol_ratio_5>2.0,3,325,0.23384615384615384,270,0.24130784579138115,0.21481481481481482,22.6/21.5/24.5/27.9
ret_1d>5% AND px>5pct_above_sma20 AND vol_ratio_5>2.0 AND ret_1d>2%,4,325,0.23384615384615384,270,0.24130784579138115,0.21481481481481482,22.6/21.5/24.5/27.9
gap_up>3% AND vol_ratio_5>3.0,2,77,0.2727272727272727,63,0.24064944879089614,0.21621621621621623,30.3/21.6/21.9/22.5
gap_up>3% AND vol_ratio_5>3.0 AND vol_ratio_5>2.0,3,77,0.2727272727272727,63,0.24064944879089614,0.21621621621621623,30.3/21.6/21.9/22.5
gap_up>3% AND vol_ratio_5>3.0 AND gap_up>2% AND vol_ratio_5>2.0,4,77,0.2727272727272727,63,0.24064944879089614,0.21621621621621623,30.3/21.6/21.9/22.5
gap_up>3% AND vol_ratio_5>3.0 AND gap_up>2%,3,77,0.2727272727272727,63,0.24064944879089614,0.21621621621621623,30.3/21.6/21.9/22.5
vol_z_20>2 AND vol_ratio_20>2.0 AND ret_5d>5% AND vol_ratio_5>2.0,4,378,0.21428571428571427,295,0.24043097073719621,0.1873589164785553,23.4/18.7/24.3/29.7
vol_z_20>2 AND ret_5d>5% AND vol_ratio_5>2.0,3,378,0.21428571428571427,295,0.24027728928948244,0.1873589164785553,23.4/18.7/24.3/29.7
vol_ratio_20>2.0 AND rsi_14>75,2,381,0.2388451443569554,207,0.24017113934609519,0.2132564841498559,22.2/21.3/30.0/22.6
vol_ratio_5>3.0 AND vol_ratio_20>2.0 AND vol_ratio_5>2.0 AND ret_1d>2%,4,281,0.22419928825622776,237,0.23963991865018786,0.22033898305084745,24.0/22.0/25.5/24.3
vol_ratio_5>3.0 AND vol_ratio_20>2.0 AND ret_1d>2%,3,281,0.22419928825622776,237,0.23963991865018786,0.22033898305084745,24.0/22.0/25.5/24.3
vol_z_20>2 AND ret_5d>5% AND px>5pct_above_sma20 AND ret_1d>2%,4,379,0.20844327176781002,291,0.23945463017094673,0.19858156028368795,19.9/20.8/24.7/30.4
vol_ratio_20>3.0 AND vol_z_20>2 AND vol_ratio_20>2.0 AND px>5pct_above_sma20,4,433,0.21939953810623555,302,0.23940881810280362,0.22580645161290322,23.6/22.6/23.1/26.5
vol_ratio_20>3.0 AND vol_z_20>2 AND px>5pct_above_sma20,3,433,0.21939953810623555,302,0.23940881810280362,0.22580645161290322,23.6/22.6/23.1/26.5
vol_z_20>2 AND vol_ratio_20>2.0 AND px>5pct_above_sma20 AND vol_ratio_5>2.0,4,372,0.22580645161290322,277,0.23918325857273245,0.19239373601789708,23.8/19.2/25.0/27.6
vol_ratio_20>2.0 AND ret_5d>5% AND vol_ratio_5>2.0 AND ret_1d>2%,4,371,0.2210242587601078,316,0.23896814829296764,0.20425531914893616,21.6/20.4/25.2/28.3
vol_z_20>2 AND px>5pct_above_sma20 AND vol_ratio_5>2.0,3,372,0.22580645161290322,278,0.2388730764174096,0.19239373601789708,23.7/19.2/25.0/27.6
ret_1d>5% AND vol_z_20>2 AND ret_1d>2%,3,384,0.2109375,320,0.23879077065295418,0.20408163265306123,20.4/22.6/24.4/28.1
ret_1d>5% AND vol_z_20>2,2,384,0.2109375,320,0.23879077065295418,0.20408163265306123,20.4/22.6/24.4/28.1
ret_5d>10% AND vol_ratio_20>2.0 AND px>5pct_above_sma20,3,504,0.2400793650793651,379,0.23869116817539882,0.2184115523465704,21.8/23.8/25.6/24.2
ret_5d>10% AND vol_ratio_20>2.0 AND ret_5d>5% AND px>5pct_above_sma20,4,504,0.2400793650793651,379,0.23869116817539882,0.2184115523465704,21.8/23.8/25.6/24.2
vol_ratio_20>2.0 AND ret_5d>5% AND px>5pct_above_sma20 AND vol_ratio_5>2.0,4,382,0.21465968586387435,295,0.238375791128129,0.20484581497797358,23.2/20.5/25.3/26.4
gap_up>3% AND gap_up>2% AND px>5pct_above_sma20,3,227,0.2775330396475771,158,0.2373494437864367,0.19791666666666666,24.9/19.8/27.3/23.0
gap_up>3% AND px>5pct_above_sma20,2,227,0.2775330396475771,158,0.2373494437864367,0.19791666666666666,24.9/19.8/27.3/23.0
ret_5d>5% AND px>5pct_above_sma20 AND vol_ratio_5>2.0 AND ret_1d>2%,4,356,0.2247191011235955,295,0.23635476923847445,0.2,21.6/20.0/25.3/27.6
ret_5d>10% AND ret_1d>5% AND px>5pct_above_sma20 AND ret_1d>2%,4,463,0.2526997840172786,356,0.23520733118388823,0.2112676056338028,21.1/25.3/24.1/23.6
ret_5d>10% AND ret_1d>5% AND px>5pct_above_sma20,3,463,0.2526997840172786,356,0.23520733118388823,0.2112676056338028,21.1/25.3/24.1/23.6
ret_5d>10% AND ret_1d>5% AND ret_5d>5% AND px>5pct_above_sma20,4,463,0.2526997840172786,356,0.23520733118388823,0.2112676056338028,21.1/25.3/24.1/23.6
gap_up>5% AND vol_z_20>2 AND rsi_14>75 AND vol_ratio_5>2.0,4,38,0.39473684210526316,13,0.234375,0.0,31.2/25.0/37.5/0.0
ret_5d>10% AND vol_ratio_20>2.0,2,518,0.23745173745173745,418,0.23398079307155803,0.21492007104795738,21.5/23.3/23.4/25.4
ret_5d>10% AND vol_ratio_20>2.0 AND ret_5d>5%,3,518,0.23745173745173745,418,0.23398079307155803,0.21492007104795738,21.5/23.3/23.4/25.4
ret_1d>5% AND vol_ratio_20>2.0 AND vol_ratio_5>2.0,3,369,0.21138211382113822,318,0.23379205125523603,0.21658986175115208,22.0/21.7/25.5/24.4
ret_1d>5% AND vol_ratio_20>2.0 AND vol_ratio_5>2.0 AND ret_1d>2%,4,369,0.21138211382113822,318,0.23379205125523603,0.21658986175115208,22.0/21.7/25.5/24.4
ret_1d>5% AND vol_ratio_20>2.0 AND ret_1d>2%,3,528,0.21401515151515152,439,0.23377660030910158,0.21062618595825428,21.1/23.0/24.5/24.9
ret_1d>5% AND vol_ratio_20>2.0,2,528,0.21401515151515152,439,0.23377660030910158,0.21062618595825428,21.1/23.0/24.5/24.9
gap_up>3% AND ret_5d>5%,2,212,0.2641509433962264,197,0.23282569189126723,0.20134228187919462,26.5/21.2/20.1/25.3
gap_up>3% AND gap_up>2% AND ret_5d>5%,3,212,0.2641509433962264,197,0.23282569189126723,0.20134228187919462,26.5/21.2/20.1/25.3
vol_z_20>2 AND vol_ratio_20>2.0 AND px>5pct_above_sma20 AND ret_1d>2%,4,400,0.215,309,0.2326503658259681,0.19795918367346937,19.9/19.8/24.4/29.0
vol_z_20>2 AND vol_ratio_20>2.0 AND ret_5d>5% AND ret_1d>2%,4,409,0.20537897310513448,329,0.23209647355860552,0.19772727272727272,19.8/20.3/21.7/31.1
vol_high_close_high AND vol_z_20>2 AND vol_ratio_20>2.0 AND vol_ratio_5>2.0,4,212,0.25,178,0.23208684562787163,0.2,24.2/20.0/23.7/25.0
vol_ratio_5>3.0 AND ret_1d>2%,2,296,0.22635135135135134,256,0.23175809478362644,0.20671834625322996,23.2/20.7/25.1/23.7
vol_ratio_5>3.0 AND vol_ratio_5>2.0 AND ret_1d>2%,3,296,0.22635135135135134,256,0.23175809478362644,0.20671834625322996,23.2/20.7/25.1/23.7
gap_up>3% AND gap_up>2% AND ret_1d>2%,3,187,0.3048128342245989,211,0.2314553635194016,0.21476510067114093,25.3/22.0/23.9/21.5
gap_up>3% AND ret_1d>2%,2,187,0.3048128342245989,211,0.2314553635194016,0.21476510067114093,25.3/22.0/23.9/21.5
vol_high_close_high AND vol_z_20>2 AND vol_ratio_5>2.0,3,212,0.25,179,0.2313536306460835,0.2,24.1/20.0/23.5/25.0
vol_high_close_high AND ret_5d>5% AND px>5pct_above_sma20 AND ret_1d>2%,4,345,0.24057971014492754,268,0.23084637634911143,0.1984732824427481,19.8/20.7/25.2/26.7
vol_high_close_high AND vol_ratio_5>2.0 AND ret_1d>2%,3,227,0.2599118942731278,220,0.23071441774556206,0.21498371335504887,22.4/21.5/24.3/24.1
gap_up>2% AND ret_5d>5% AND px>5pct_above_sma20,3,274,0.24817518248175183,207,0.23050467625293064,0.19330855018587362,22.5/19.3/26.5/23.9
vol_high_close_high AND rsi_14>75 AND px>5pct_above_sma20,3,210,0.26666666666666666,126,0.2301830161865322,0.2222222222222222,22.4/23.0/22.2/24.4
ret_5d>5% AND px>5pct_above_sma20 AND vol_ratio_5>2.0,3,405,0.20987654320987653,326,0.22996759583334225,0.1927710843373494,22.2/19.3/24.3/26.2
vol_ratio_20>2.0 AND px>5pct_above_sma20 AND vol_ratio_5>2.0 AND ret_1d>2%,4,372,0.22580645161290322,299,0.2298843797440902,0.1949685534591195,21.9/19.5/24.4/26.2
vol_ratio_20>2.0 AND ret_5d>5% AND vol_ratio_5>2.0,3,429,0.20512820512820512,362,0.22949549381316697,0.19360902255639098,22.2/19.4/23.3/27.0
vol_ratio_20>3.0 AND vol_z_20>2 AND ret_1d>2%,3,448,0.21875,362,0.22949320086985553,0.20754716981132076,21.1/20.8/24.0/25.9
vol_ratio_20>3.0 AND vol_z_20>2 AND vol_ratio_20>2.0 AND ret_1d>2%,4,448,0.21875,362,0.22949320086985553,0.20754716981132076,21.1/20.8/24.0/25.9
gap_up>3% AND vol_ratio_5>2.0,2,152,0.26973684210526316,121,0.22935039126963103,0.1953125,26.4/21.6/19.5/24.2
gap_up>3% AND gap_up>2% AND vol_ratio_5>2.0,3,152,0.26973684210526316,121,0.22935039126963103,0.1953125,26.4/21.6/19.5/24.2
vol_high_close_high AND vol_z_20>2 AND ret_1d>2%,3,243,0.2222222222222222,220,0.22913341291000866,0.19932432432432431,21.6/19.9/23.9/26.2
vol_ratio_20>3.0 AND vol_z_20>2 AND vol_ratio_5>2.0 AND ret_1d>2%,4,388,0.22422680412371135,315,0.22867677814406637,0.19117647058823528,22.6/19.1/24.6/25.1
vol_z_20>2 AND px>5pct_above_sma20 AND ret_1d>2%,3,406,0.21182266009852216,316,0.2284711267511106,0.19426048565121412,19.4/19.4/24.0/28.6
vol_z_20>2 AND ret_5d>5% AND ret_1d>2%,3,416,0.20192307692307693,338,0.22793563327885952,0.19298245614035087,19.3/20.1/21.8/30.0
vol_ratio_20>2.0 AND ret_5d>5% AND px>5pct_above_sma20 AND ret_1d>2%,4,541,0.2144177449168207,400,0.2264716301898663,0.1956521739130435,19.6/20.6/24.8/25.7
vol_z_20>2 AND vol_ratio_20>2.0 AND ret_5d>5% AND px>5pct_above_sma20,4,447,0.19910514541387025,329,0.22635095657814958,0.19646365422396855,20.5/19.6/22.7/27.7
ret_1d>5% AND vol_high_close_high,2,341,0.25513196480938416,320,0.22625189194005485,0.1989100817438692,19.9/23.5/22.6/24.5
ret_1d>5% AND vol_high_close_high AND ret_1d>2%,3,341,0.25513196480938416,320,0.22625189194005485,0.1989100817438692,19.9/23.5/22.6/24.5
vol_ratio_20>3.0 AND vol_ratio_20>2.0 AND ret_1d>2%,3,523,0.21414913957934992,415,0.22622554243015497,0.19967266775777415,21.7/20.0/23.9/24.9
vol_ratio_20>3.0 AND ret_1d>2%,2,523,0.21414913957934992,415,0.22622554243015497,0.19967266775777415,21.7/20.0/23.9/24.9
vol_ratio_20>3.0 AND vol_ratio_5>2.0 AND ret_1d>2%,3,417,0.2158273381294964,341,0.22552513259732745,0.19215686274509805,23.4/19.2/24.2/23.4
vol_ratio_20>3.0 AND vol_ratio_20>2.0 AND vol_ratio_5>2.0 AND ret_1d>2%,4,417,0.2158273381294964,341,0.22552513259732745,0.19215686274509805,23.4/19.2/24.2/23.4
vol_ratio_20>2.0 AND px>5pct_above_sma20 AND vol_ratio_5>2.0,3,435,0.21149425287356322,343,0.22532929596878978,0.1926605504587156,22.4/19.3/23.3/25.2
vol_z_20>2 AND ret_5d>5% AND px>5pct_above_sma20,3,457,0.19693654266958424,335,0.2225051927389973,0.1941747572815534,20.1/19.4/22.3/27.2
vol_high_close_high AND rsi_14>75,2,222,0.25225225225225223,133,0.22185457571905812,0.21524663677130046,21.7/21.5/22.2/23.3
ret_5d>10% AND ret_1d>5% AND ret_5d>5%,3,477,0.25366876310272535,446,0.2216772659626089,0.20433996383363473,20.6/23.9/20.4/23.7
ret_5d>10% AND ret_1d>5% AND ret_1d>2%,3,477,0.25366876310272535,446,0.2216772659626089,0.20433996383363473,20.6/23.9/20.4/23.7
ret_5d>10% AND ret_1d>5%,2,477,0.25366876310272535,446,0.2216772659626089,0.20433996383363473,20.6/23.9/20.4/23.7
ret_5d>10% AND ret_1d>5% AND ret_5d>5% AND ret_1d>2%,4,477,0.25366876310272535,446,0.2216772659626089,0.20433996383363473,20.6/23.9/20.4/23.7
vol_high_close_high AND vol_ratio_20>2.0 AND ret_1d>2%,3,346,0.21965317919075145,314,0.22133788952491867,0.19248826291079812,20.0/19.2/24.4/24.9
ret_5d>5% AND vol_ratio_5>2.0 AND ret_1d>2%,3,404,0.21287128712871287,370,0.22086672802728408,0.1871559633027523,20.5/18.7/21.9/27.2
vol_high_close_high AND px>5pct_above_sma20 AND ret_1d>2%,3,368,0.2391304347826087,296,0.21906467263030316,0.18604651162790697,18.6/19.2/23.7/26.2
vol_high_close_high AND ret_5d>5% AND px>5pct_above_sma20,3,373,0.2359249329758713,288,0.2182573261565941,0.18660287081339713,18.7/19.9/22.5/26.2
gap_up>2% AND vol_ratio_5>2.0,2,206,0.23300970873786409,165,0.21754983819390425,0.19760479041916168,23.7/20.7/19.8/22.8
vol_z_20>2 AND vol_ratio_20>2.0 AND ret_5d>5%,3,497,0.193158953722334,391,0.2165711816255693,0.1857638888888889,20.0/18.6/19.6/28.5
vol_z_20>2 AND vol_ratio_20>2.0 AND px>5pct_above_sma20,3,493,0.20081135902636918,367,0.21599767363087313,0.18771331058020477,20.2/18.8/21.2/26.3
px>5pct_above_sma20 AND vol_ratio_5>2.0 AND ret_1d>2%,3,416,0.21875,341,0.2157977844914708,0.18352059925093633,20.0/18.4/22.5/25.5
vol_ratio_20>2.0 AND px>5pct_above_sma20 AND ret_1d>2%,3,595,0.2134453781512605,444,0.21566182751110974,0.18952234206471494,19.0/19.0/23.1/25.1
vol_ratio_20>2.0 AND ret_5d>5% AND ret_1d>2%,3,587,0.20783645655877342,471,0.21508866826883682,0.18740399385560677,18.7/19.8/21.9/25.6
vol_z_20>2 AND vol_ratio_20>2.0 AND vol_ratio_5>2.0 AND ret_1d>2%,4,428,0.2102803738317757,352,0.21472800320337243,0.1776937618147448,20.6/17.8/22.4/25.1
ret_1d>5% AND ret_5d>5% AND px>5pct_above_sma20 AND ret_1d>2%,4,604,0.21357615894039736,456,0.21423787970965413,0.1937984496124031,19.4/21.0/22.5/22.8
ret_1d>5% AND ret_5d>5% AND px>5pct_above_sma20,3,604,0.21357615894039736,456,0.21423787970965413,0.1937984496124031,19.4/21.0/22.5/22.8
vol_z_20>2 AND vol_ratio_5>2.0 AND ret_1d>2%,3,428,0.2102803738317757,353,0.2141670888733807,0.17735849056603772,20.5/17.7/22.3/25.1
vol_ratio_5>3.0 AND vol_ratio_20>3.0 AND vol_z_20>2,3,393,0.19338422391857507,304,0.21376429050780849,0.16630196936542668,20.7/16.6/25.1/23.1
vol_ratio_5>3.0 AND vol_ratio_20>3.0 AND vol_z_20>2 AND vol_ratio_20>2.0,4,393,0.19338422391857507,304,0.21376429050780849,0.16630196936542668,20.7/16.6/25.1/23.1
vol_ratio_5>3.0 AND vol_ratio_20>3.0 AND vol_z_20>2 AND vol_ratio_5>2.0,4,393,0.19338422391857507,304,0.21376429050780849,0.16630196936542668,20.7/16.6/25.1/23.1
ret_5d>10% AND ret_5d>5% AND rsi_14>75,3,570,0.20175438596491227,290,0.21372343367448776,0.1595744680851064,19.3/22.1/28.2/16.0
ret_5d>10% AND rsi_14>75 AND px>5pct_above_sma20,3,570,0.20175438596491227,290,0.21372343367448776,0.1595744680851064,19.3/22.1/28.2/16.0
ret_5d>10% AND ret_5d>5% AND rsi_14>75 AND px>5pct_above_sma20,4,570,0.20175438596491227,290,0.21372343367448776,0.1595744680851064,19.3/22.1/28.2/16.0
ret_5d>10% AND rsi_14>75,2,570,0.20175438596491227,290,0.21372343367448776,0.1595744680851064,19.3/22.1/28.2/16.0
ret_1d>5% AND vol_ratio_5>2.0 AND ret_1d>2%,3,424,0.2028301886792453,381,0.21266339661642988,0.19569471624266144,20.3/19.6/22.7/22.4
ret_1d>5% AND vol_ratio_5>2.0,2,424,0.2028301886792453,381,0.21266339661642988,0.19569471624266144,20.3/19.6/22.7/22.4
vol_ratio_5>3.0 AND vol_ratio_20>3.0,2,430,0.18604651162790697,332,0.21211237622625637,0.1700404858299595,21.0/17.0/25.2/21.6
vol_ratio_5>3.0 AND vol_ratio_20>3.0 AND vol_ratio_20>2.0,3,430,0.18604651162790697,332,0.21211237622625637,0.1700404858299595,21.0/17.0/25.2/21.6
vol_ratio_5>3.0 AND vol_ratio_20>3.0 AND vol_ratio_20>2.0 AND vol_ratio_5>2.0,4,430,0.18604651162790697,332,0.21211237622625637,0.1700404858299595,21.0/17.0/25.2/21.6
vol_ratio_5>3.0 AND vol_ratio_20>3.0 AND vol_ratio_5>2.0,3,430,0.18604651162790697,332,0.21211237622625637,0.1700404858299595,21.0/17.0/25.2/21.6
ret_5d>5% AND rsi_14>75 AND px>5pct_above_sma20 AND ret_1d>2%,4,453,0.20750551876379691,251,0.21203848381222995,0.1875,18.9/19.6/27.6/18.8
vol_z_20>2 AND ret_5d>5%,2,508,0.19094488188976377,402,0.2119752681103137,0.18384879725085912,19.5/18.4/19.5/27.4
vol_high_close_high AND ret_5d>5% AND ret_1d>2%,3,372,0.22849462365591397,315,0.21171608510898496,0.18266978922716628,18.3/20.0/22.4/24.1
ret_5d>5% AND rsi_14>75 AND ret_1d>2%,3,453,0.20750551876379691,252,0.21169613786760821,0.1875,18.9/19.5/27.6/18.8
vol_z_20>2 AND px>5pct_above_sma20,2,504,0.1984126984126984,377,0.21149943366382495,0.18363939899833054,19.6/18.4/20.8/25.9
ret_5d>5% AND vol_ratio_5>2.0,2,467,0.19700214132762311,424,0.21141377785890353,0.17580645161290323,21.2/17.6/19.9/25.9
vol_ratio_5>3.0 AND vol_z_20>2 AND vol_ratio_5>2.0,3,399,0.19047619047619047,308,0.21093736194250107,0.16414686825053995,20.8/16.4/24.4/22.7
vol_ratio_5>3.0 AND vol_z_20>2 AND vol_ratio_20>2.0 AND vol_ratio_5>2.0,4,399,0.19047619047619047,308,0.21093736194250107,0.16414686825053995,20.8/16.4/24.4/22.7
vol_ratio_5>3.0 AND vol_z_20>2 AND vol_ratio_20>2.0,3,399,0.19047619047619047,308,0.21093736194250107,0.16414686825053995,20.8/16.4/24.4/22.7
vol_ratio_5>3.0 AND vol_z_20>2,2,399,0.19047619047619047,308,0.21093736194250107,0.16414686825053995,20.8/16.4/24.4/22.7
px>5pct_above_sma20 AND vol_ratio_5>2.0,2,488,0.20491803278688525,395,0.20872851668714978,0.1762820512820513,20.3/17.6/21.4/24.2
vol_ratio_20>2.0 AND ret_5d>5% AND px>5pct_above_sma20,3,720,0.1986111111111111,519,0.20797878988473012,0.1889763779527559,18.9/19.0/22.4/22.9
vol_high_close_high AND vol_ratio_20>2.0 AND vol_ratio_5>2.0,3,259,0.21621621621621623,241,0.20551934878087197,0.19596541786743515,20.6/19.6/21.4/20.7
gap_up>2% AND px>5pct_above_sma20,2,350,0.24,267,0.20507835384318768,0.16573033707865167,20.5/16.6/22.6/22.3
gap_up>2% AND ret_1d>2%,2,291,0.24398625429553264,333,0.2049069224802273,0.18384401114206128,20.5/18.4/21.8/21.3
vol_high_close_high AND vol_z_20>2 AND vol_ratio_20>2.0,3,287,0.1986062717770035,251,0.20264958873990277,0.17318435754189945,19.9/17.3/21.3/22.6
vol_high_close_high AND px>5pct_above_sma20,2,405,0.22962962962962963,326,0.20238965482074817,0.17057569296375266,17.1/18.0/20.4/25.5
gap_up>2% AND ret_5d>5%,2,316,0.24050632911392406,323,0.20082647360077188,0.1777301927194861,21.9/18.2/17.8/22.4
vol_ratio_20>2.0 AND vol_ratio_5>2.0 AND ret_1d>2%,3,529,0.18714555765595464,455,0.20076432111725212,0.18057663125948406,18.8/18.1/21.6/21.8
vol_high_close_high AND ret_5d>5%,2,405,0.2222222222222222,343,0.20029311805458178,0.17067833698030635,17.1/19.1/20.2/23.7
vol_z_20>2 AND vol_ratio_20>2.0 AND ret_1d>2%,3,528,0.19318181818181818,452,0.19972982620427532,0.1776416539050536,18.0/17.8/20.4/23.7
ret_1d>5% AND px>5pct_above_sma20,2,686,0.21282798833819241,528,0.1989310688569739,0.18319559228650137,18.3/20.1/20.1/21.1
ret_1d>5% AND px>5pct_above_sma20 AND ret_1d>2%,3,686,0.21282798833819241,528,0.1989310688569739,0.18319559228650137,18.3/20.1/20.1/21.1
vol_ratio_20>2.0 AND px>5pct_above_sma20,2,815,0.19631901840490798,598,0.19855178396233378,0.1762252346193952,18.4/17.6/20.9/22.4
vol_ratio_20>2.0 AND ret_5d>5%,2,799,0.1902377972465582,633,0.19676160916932567,0.18127962085308058,18.1/18.2/19.9/22.4
ret_1d>5% AND ret_5d>5%,2,656,0.2073170731707317,621,0.1963987222540011,0.18507890961262555,18.5/18.9/19.7/21.4
ret_1d>5% AND ret_5d>5% AND ret_1d>2%,3,656,0.2073170731707317,621,0.1963987222540011,0.18507890961262555,18.5/18.9/19.7/21.4
vol_z_20>2 AND ret_1d>2%,2,539,0.18923933209647495,471,0.19566579360925873,0.17287630402384502,17.4/17.3/20.1/23.4
ret_5d>10% AND px>5pct_above_sma20 AND ret_1d>2%,3,610,0.22950819672131148,501,0.19549974923450533,0.17329545454545456,17.3/19.9/19.8/21.1
ret_5d>10% AND ret_5d>5% AND px>5pct_above_sma20 AND ret_1d>2%,4,610,0.22950819672131148,501,0.19549974923450533,0.17329545454545456,17.3/19.9/19.8/21.1
vol_ratio_5>3.0 AND vol_ratio_20>2.0,2,487,0.1704312114989733,383,0.1940667412335494,0.16308243727598568,19.8/16.3/22.2/19.3
vol_ratio_5>3.0 AND vol_ratio_20>2.0 AND vol_ratio_5>2.0,3,487,0.1704312114989733,383,0.1940667412335494,0.16308243727598568,19.8/16.3/22.2/19.3
vol_high_close_high AND vol_z_20>2,2,302,0.18874172185430463,269,0.18923089382255015,0.1657754010695187,18.2/16.6/20.0/20.9
rsi_14>75 AND px>5pct_above_sma20 AND ret_1d>2%,3,509,0.19842829076620824,285,0.18752575828075335,0.16304347826086957,17.9/17.3/23.5/16.3
vol_ratio_20>2.0 AND ret_1d>2%,2,805,0.18385093167701863,678,0.18625698482017827,0.16767189384800965,16.8/17.1/20.3/20.3
vol_high_close_high AND vol_ratio_5>2.0,2,287,0.21254355400696864,282,0.18534487027134083,0.17892156862745098,18.5/17.9/19.5/18.2
ret_5d>10% AND ret_1d>2%,2,634,0.22870662460567823,667,0.18368335399785074,0.16069489685124863,17.0/19.1/16.1/21.4
ret_5d>10% AND ret_5d>5% AND ret_1d>2%,3,634,0.22870662460567823,667,0.18368335399785074,0.16069489685124863,17.0/19.1/16.1/21.4
rsi_14>75 AND ret_1d>2%,2,514,0.19649805447470817,289,0.18353726674637,0.16129032258064516,17.8/17.0/22.5/16.1
vol_ratio_20>3.0 AND vol_z_20>2 AND vol_ratio_5>2.0,3,664,0.1686746987951807,535,0.1799462238101016,0.15128205128205127,18.1/15.1/19.9/18.8
vol_ratio_20>3.0 AND vol_z_20>2 AND vol_ratio_20>2.0 AND vol_ratio_5>2.0,4,664,0.1686746987951807,535,0.1799462238101016,0.15128205128205127,18.1/15.1/19.9/18.8
vol_ratio_5>3.0 AND vol_ratio_5>2.0,2,544,0.1636029411764706,435,0.17953244872672064,0.15070643642072212,18.3/15.1/20.2/18.2
vol_ratio_5>3.0,1,544,0.1636029411764706,435,0.17953244872672064,0.15070643642072212,18.3/15.1/20.2/18.2
vol_ratio_20>3.0 AND vol_ratio_20>2.0 AND vol_ratio_5>2.0,3,723,0.16459197786998617,585,0.17929420714361283,0.15294117647058825,18.4/15.3/20.0/18.1
vol_ratio_20>3.0 AND vol_ratio_5>2.0,2,723,0.16459197786998617,585,0.17929420714361283,0.15294117647058825,18.4/15.3/20.0/18.1
vol_high_close_high AND vol_ratio_20>2.0,2,447,0.18344519015659955,405,0.17896563511705044,0.15532286212914484,16.8/15.5/20.1/19.1
vol_ratio_20>3.0 AND vol_ratio_20>2.0,2,955,0.1612565445026178,755,0.17762544876426917,0.15967153284671534,17.6/16.0/19.3/18.2
vol_ratio_20>3.0,1,955,0.1612565445026178,755,0.17762544876426917,0.15967153284671534,17.6/16.0/19.3/18.2
vol_ratio_20>3.0 AND vol_z_20>2 AND vol_ratio_20>2.0,3,790,0.16455696202531644,633,0.17667418392999285,0.16057585825027684,17.0/16.1/19.1/18.5
vol_ratio_20>3.0 AND vol_z_20>2,2,790,0.16455696202531644,633,0.17667418392999285,0.16057585825027684,17.0/16.1/19.1/18.5
vol_ratio_5>2.0 AND ret_1d>2%,2,647,0.17619783616692428,584,0.17476200288976262,0.1606714628297362,16.4/16.1/18.4/19.1
vol_high_close_high AND ret_1d>2%,2,476,0.19327731092436976,456,0.17414651177820945,0.15328467153284672,15.3/16.6/18.9/18.8
gap_up>3%,1,430,0.19534883720930232,465,0.17336946297073025,0.1603563474387528,18.8/16.0/16.4/18.1
gap_up>3% AND gap_up>2%,2,430,0.19534883720930232,465,0.17336946297073025,0.1603563474387528,18.8/16.0/16.4/18.1
ret_1d>5%,1,932,0.1791845493562232,1059,0.1677033677836478,0.1475826972010178,16.2/17.2/18.9/14.8
ret_1d>5% AND ret_1d>2%,2,932,0.1791845493562232,1059,0.1677033677836478,0.1475826972010178,16.2/17.2/18.9/14.8
ret_5d>5% AND px>5pct_above_sma20 AND ret_1d>2%,3,908,0.1817180616740088,751,0.16428661815215156,0.1422142214221422,14.2/14.7/17.5/19.4
vol_z_20>2 AND vol_ratio_20>2.0 AND vol_ratio_5>2.0,3,754,0.15251989389920426,625,0.16396760323313994,0.13916947250280584,16.3/13.9/17.8/17.6
vol_z_20>2 AND vol_ratio_5>2.0,2,756,0.15211640211640212,627,0.16336472826990983,0.13885778275475924,16.2/13.9/17.8/17.5
ret_5d>5% AND rsi_14>75,2,817,0.15789473684210525,449,0.1617690579759923,0.13689700130378096,15.2/13.7/21.1/14.8
ret_5d>5% AND rsi_14>75 AND px>5pct_above_sma20,3,815,0.15828220858895706,446,0.1607410992506973,0.13761467889908258,15.2/13.8/20.6/14.8
ret_5d>10% AND px>5pct_above_sma20,2,1126,0.19626998223801065,894,0.15983173292217176,0.15050651230101303,15.3/16.1/15.1/17.5
ret_5d>10% AND ret_5d>5% AND px>5pct_above_sma20,3,1126,0.19626998223801065,894,0.15983173292217176,0.15050651230101303,15.3/16.1/15.1/17.5
ret_5d>10% AND ret_5d>5%,2,1181,0.1930567315834039,1240,0.15147256280310983,0.1309255079006772,15.1/15.1/13.1/17.2
ret_5d>10%,1,1181,0.1930567315834039,1240,0.15147256280310983,0.1309255079006772,15.1/15.1/13.1/17.2
vol_ratio_20>2.0 AND vol_ratio_5>2.0,2,986,0.1328600405679513,860,0.14854905309222788,0.1383067896060352,14.4/13.8/16.6/14.6
ret_5d>5% AND ret_1d>2%,2,1034,0.17311411992263057,1125,0.1466615930930072,0.13137665967854648,13.4/13.1/14.5/17.6
vol_z_20>2 AND vol_ratio_20>2.0,2,1013,0.13919052319842054,855,0.14522933095418578,0.13527397260273974,13.7/13.5/15.5/15.3
px>5pct_above_sma20 AND ret_1d>2%,2,1176,0.1717687074829932,980,0.14309179925701587,0.126056338028169,12.6/13.0/14.6/17.0
gap_up>2%,1,805,0.16273291925465838,880,0.14269391641795404,0.12780269058295965,13.8/12.8/14.8/15.7
vol_z_20>2,1,1050,0.1361904761904762,901,0.14006246753781865,0.13075657894736842,13.1/13.1/15.1/14.8
vol_high_close_high,1,687,0.1470160116448326,648,0.1334010429489092,0.11946308724832215,11.9/12.7/14.6/14.1
vol_ratio_20>2.0,1,1719,0.12914485165794065,1474,0.13278855669191286,0.12481278082875687,12.5/12.5/15.6/12.5
ret_5d>5% AND px>5pct_above_sma20,2,1937,0.14197212183789365,1535,0.1262048993651292,0.10857389056441188,11.5/10.9/12.0/16.2
rsi_14>75 AND px>5pct_above_sma20,2,1101,0.1371480472297911,630,0.12322573393512205,0.10044052863436123,13.0/10.0/14.0/12.3
vol_ratio_5>2.0,1,1383,0.12002892263195951,1261,0.12132470384155031,0.11467617349970291,11.9/11.5/12.9/12.2
ret_5d>5%,1,2401,0.12619741774260726,2569,0.11140956365723692,0.0978485116416151,10.5/9.8/10.6/13.7
rsi_14>75,1,1215,0.12510288065843622,741,0.10779887121226629,0.08616944243301955,11.8/8.6/11.4/11.3
ret_1d>2%,1,2300,0.11826086956521739,2659,0.10759530543435676,0.0996552804763397,10.0/10.0/12.8/10.3
px>5pct_above_sma20,1,3178,0.12146003775959723,2441,0.10744391244827461,0.09181794264667192,9.6/9.2/10.3/13.8
