kode,harga,value,score,composite,rating,rank,ret_1d,ret_5d,px_vs_sma20,vol_z_20,rsi_14
TIRA,302.0,344958800.0,71.89061856264276,1.4593745708428505,🟢 KUAT,1,0.03463203463203457,0.027956989247311936,0.018538248455145963,-0.458922275888799,45.6953642384106
GOTO,29.0,560498271200.0,70.82115037397159,1.3880766915981055,🟢 KUAT,2,0.018181818181818077,0.07348242811501593,0.0192628545426968,-0.06184382767869902,48.148148148148145
CSIS,168.0,719158100.0,68.34415962185477,1.222943974790318,🟢 KUAT,3,0.003831417624521105,0.0234375,-0.03941338221814849,-0.8535589127348735,31.034482758620683
BABP,28.0,896109900.0,67.57123195883175,1.1714154639221164,🟢 KUAT,4,0.012422360248447228,-0.04678362573099415,-0.052876234747239945,0.45978809970951456,25.0
FORU,139.0,926991000.0,67.28525300625033,1.1523502004166886,🟢 KUAT,5,-0.019607843137254943,0.020408163265306145,-0.16036943744752305,-0.36100357966410174,22.222222222222214
RGAS,90.0,1576693100.0,67.13783120841256,1.1425220805608376,🟢 KUAT,6,-0.011111111111111072,-0.011111111111111072,-0.12745098039215685,-0.5100624721034029,35.82089552238806
SUNI,600.0,760909000.0,67.05524421248819,1.1370162808325464,🟢 KUAT,7,0.012048192771084265,-0.03170028818443804,-0.023823358512492735,-0.17098658344665849,34.78260869565217
MAXI,27.0,1706367700.0,66.97635377056731,1.1317569180378206,🟢 KUAT,8,0.00877192982456143,-0.03361344537815125,-0.06844876468205753,-1.0829717016690006,23.80952380952381
MDIY,925.0,55178500.0,66.78227543196222,1.1188183621308145,🟢 KUAT,9,0.0,-0.03934426229508192,-0.052393272962483826,-0.989804141576119,35.80246913580247
PTPW,1100.0,14411000.0,66.68529775894942,1.1123531839299614,🟢 KUAT,10,0.03600000000000003,0.0,0.00019308746862328635,-0.3078815744256352,50.0
LPLI,206.0,14627000.0,66.60150446196828,1.1067669641312181,🟢 KUAT,11,0.24838709677419346,0.08100558659217882,-0.0501902073874095,0.39644210763207993,39.07734056987789
WGSH,102.0,1605485800.0,66.26837457336418,1.084558304890945,🟢 KUAT,12,-0.00911854103343468,-0.035502958579881616,-0.022488755622188907,-0.6368738640074029,54.400000000000006
IMAS,825.0,55023000.0,65.99576105770242,1.066384070513495,🟢 KUAT,13,0.007407407407407307,0.014925373134328401,-0.045948789898281384,-0.6617781014742412,20.0
ENRG,1030.0,113375803000.0,65.80681360481971,1.0537875736546471,🟢 KUAT,14,0.03508771929824572,0.07272727272727275,-0.000846740050804355,-1.1567407753114678,47.05882352941176
GTSI,130.0,3319317700.0,65.76843634618211,1.051229089745474,🟢 KUAT,15,0.021739130434782705,0.03296703296703307,-0.047136340598074054,-0.375582739485745,30.0
KMTR,240.0,6589400.0,65.75231851037012,1.050154567358008,🟢 KUAT,16,0.1619718309859155,0.8333333333333333,0.542632759910247,1.0174944341551238,82.1917808219178
CARS,105.0,321348000.0,65.2796447734652,1.01864298489768,🟢 KUAT,17,0.008849557522123908,-0.03389830508474578,-0.03307888040712473,-0.4516695975387766,48.83720930232558
TRGU,160.0,7287800.0,64.88301067965112,0.9922007119767412,🟢 KUAT,18,0.02970297029702973,0.009708737864077666,-0.0057361376673040155,-0.896426590193085,33.33333333333333
IPOL,111.0,127468000.0,64.74910496285932,0.9832736641906212,🟢 KUAT,19,0.027397260273972712,0.027397260273972712,0.013342340820807297,-0.9476937505684513,52.50000000000001
LEAD,92.0,764032800.0,64.7239293599086,0.9815952906605727,🟢 KUAT,20,0.0,-0.08556149732620322,-0.044425817267393065,-0.7705228486013413,46.902654867256636
UNVR,1575.0,18950193500.0,64.6934483777675,0.9795632251844996,🟢 KUAT,21,0.0,0.32291666666666674,0.2509234178773701,-0.03917715291206259,82.17821782178217
DADA,25.0,27450450800.0,64.66372041462724,0.9775813609751487,🟢 KUAT,22,0.0071428571428571175,0.014388489208633004,-0.03721406623420963,-0.5818172657792829,33.33333333333333
LOPI,57.0,1668143500.0,64.66082440689536,0.9773882937930239,🟢 KUAT,23,0.24726477024070026,-0.08433734939759041,0.28769908505591324,1.2716147926951002,59.333333333333336
CHEK,117.0,85537300.0,64.60188993654891,0.973459329103261,🟢 KUAT,24,-0.005154639175257714,-0.005154639175257714,-0.002326182476091955,-0.38247211082687643,45.45454545454546
ACRO,50.0,104655600.0,64.57720233105402,0.971813488736935,🟢 KUAT,25,0.1384615384615384,0.15025906735751304,0.030879962851172536,3.744865424993704,47.2972972972973
SKRN,390.0,157907400.0,64.37961685481663,0.9586411236544418,🟢 KUAT,26,0.017699115044247815,0.017699115044247815,-0.004759844223279941,-0.5137780552287552,46.666666666666664
SKLT,191.0,206776800.0,64.35969738313645,0.9573131588757633,🟢 KUAT,27,0.0078125,0.0078125,0.0125588697017268,-0.5654242535583486,62.16216216216216
GPSO,218.0,2212003600.0,64.29354185905619,0.9529027906037463,🟢 KUAT,28,-0.007075471698113178,-0.07064017660044153,-0.10577740016992354,-0.5056848521597659,22.368421052631575
GIAA,47.0,2087777600.0,63.99975744775218,0.9333171631834788,🟢 KUAT,29,0.0,0.009708737864077666,-0.023474178403755867,-0.4531672837268708,43.24324324324324
ACST,89.0,71021500.0,63.74242058262904,0.916161372175269,🟢 KUAT,30,0.005524861878453136,0.02824858757062154,-0.0027397260273972603,-0.31236659902481834,43.47826086956522
WEGE,38.0,354591300.0,63.69755018066002,0.9131700120440017,🟢 KUAT,31,-0.0039525691699604515,-0.052631578947368474,-0.030209736386376754,-0.7290399850100399,41.30434782608696
BBHI,790.0,814203000.0,63.566590752726036,0.9044393835150689,🟢 KUAT,32,0.023333333333333428,-0.009677419354838679,-0.02601522842639594,-1.0247792397254294,42.857142857142854
TRIS,169.0,26524900.0,63.399387121905,0.8932924747936668,🟢 KUAT,33,0.019108280254777066,0.032258064516129004,-0.0035808812081581814,-1.1764628667037513,46.067415730337075
LUCY,244.0,26049526800.0,63.35481152524912,0.8903207683499412,🟢 KUAT,34,0.04069767441860472,0.028735632183908066,-0.043547956184878465,-0.6010278585849159,32.786885245901644
MLPT,940.0,946257500.0,63.25002970151773,0.8833353134345154,🟢 KUAT,35,0.004999999999999893,0.004999999999999893,-0.05121548265282037,-0.30891022194440826,25.000000000000014
CHIP,645.0,43733500.0,63.17438622271121,0.8782924148474142,🟢 KUAT,36,0.0052631578947368585,-0.02051282051282055,-0.019758788811906566,-0.6330071621227946,50.0
BAIK,228.0,1046949600.0,63.14731442923781,0.8764876286158537,🟢 KUAT,37,0.03703703703703698,0.02941176470588225,0.003224650662844777,-0.7840606024123734,43.24324324324324
UDNG,398.0,2258285000.0,63.12413691808638,0.8749424612057587,🟢 KUAT,38,0.0490196078431373,-0.01834862385321101,-0.1079616506877866,-0.3794331530591659,24.390243902439025
DMMX,171.0,2499156400.0,63.05059213397529,0.8700394755983527,🟢 KUAT,39,0.03629032258064524,0.028000000000000025,-0.012867294027270982,-0.7751595595517319,43.75
ISAT,2220.0,44586346000.0,63.0372223405059,0.8691481560337267,🟢 KUAT,40,0.03896103896103886,0.0062893081761006275,0.0,0.23342830043465343,53.84615384615384
EXCL,2320.0,10806782000.0,62.91583076155017,0.8610553841033444,🟢 KUAT,41,-0.03375527426160341,-0.09486166007905139,-0.03477344573234984,-0.6036746021741775,50.0
VINS,140.0,44850200.0,62.90448815037419,0.8602992100249462,🟢 KUAT,42,0.0,-0.030303030303030276,0.019757807520713794,-0.5433468979077845,60.37735849056604
MGLV,13800.0,14351785000.0,62.86405165248287,0.857603443498858,🟢 KUAT,43,0.09774436090225569,-0.15362318840579714,-0.2473256862997809,0.674394611963088,21.92307692307692
ENZO,59.0,559623700.0,62.810368621043565,0.8540245747362378,🟢 KUAT,44,0.01941747572815533,0.0,0.018132454184039606,-0.050714814763264233,63.51351351351351
HEXA,3540.0,1635104000.0,62.73364011668779,0.848909341112519,🟢 KUAT,45,0.019867549668874274,-0.07228915662650603,-0.13749649957994958,-0.5753893001544707,18.965517241379317
GPRA,98.0,372876400.0,62.68767618260786,0.8458450788405237,🟢 KUAT,46,0.007936507936507908,0.2153110047846889,0.15402089959109497,0.46726160555994073,77.5
WMUU,30.0,4199962700.0,62.587846249324514,0.8391897499549679,🟢 KUAT,47,0.023809523809523725,0.0,-0.1518737672583827,0.1352689075181241,23.07692307692308
RBMS,44.0,293009300.0,62.49288269235042,0.8328588461566948,🟢 KUAT,48,0.02591792656587466,0.017130620985010614,-0.0070032403052158465,1.0230899676826726,41.463414634146346
TOOL,54.0,1398494800.0,62.46679650619772,0.8311197670798477,🟢 KUAT,49,0.006172839506172867,0.012422360248447228,0.009913258983890918,-0.40692596069219167,57.14285714285714
BELI,254.0,997096600.0,62.31686849977456,0.8211245666516374,🟢 KUAT,50,0.0,0.0,-0.11076443057722302,-0.5491722521905856,30.434782608695656
SOFA,248.0,2417107600.0,62.28777314041912,0.8191848760279412,🟢 KUAT,51,0.014184397163120588,0.1171875,0.015264465743699012,-0.6490513801612671,45.19230769230769
BJTM,510.0,1355769000.0,62.186237652952244,0.8124158435301498,🟢 KUAT,52,0.017391304347825987,-0.025000000000000022,-0.04684317718940937,-1.0030554751317944,38.888888888888886
RCCC,103.0,119906600.0,62.12535308806305,0.8083568725375366,🟢 KUAT,53,0.026315789473684292,0.0,-0.02092050209205021,-0.9500121883520127,46.42857142857143
PNBN,825.0,829925500.0,62.120633888871026,0.8080422592580682,🟢 KUAT,54,0.06306306306306309,0.08256880733944949,0.05877074921489457,2.977432086359869,58.33333333333333
SGRO,4210.0,37188000.0,62.109182230909326,0.8072788153939552,🟢 KUAT,55,-0.018181818181818188,-0.013698630136986356,-0.041491013978256025,-0.7437707373827152,33.33333333333333
MMLP,292.0,546408800.0,62.09491020723251,0.8063273471488338,🟢 KUAT,56,0.03125,-0.2325581395348837,-0.27710843373493976,0.09013646834006799,5.26315789473685
SILO,1940.0,1917584000.0,62.04372202107291,0.8029148014048605,🟢 KUAT,57,0.023738872403560762,0.045454545454545414,0.031544326506204215,1.5268878319165702,58.49056603773585
IDPR,242.0,68350400.0,61.9797160293162,0.7986477352877468,🟢 KUAT,58,0.036363636363636376,0.01183431952662728,-0.0017513134851139015,0.13350987587894106,47.5
ATLA,33.0,783721800.0,61.93455622810524,0.7956370818736824,🟢 KUAT,59,0.0,-0.02580645161290318,-0.050314465408805034,-0.5069384954515485,24.0
PZZA,173.0,37435600.0,61.80189890913227,0.7867932606088179,🟢 KUAT,60,0.04504504504504503,0.06422018348623859,0.018437225636523214,1.0722820559033759,50.0
BCAP,30.0,432687100.0,61.78933547050705,0.7859556980338032,🟢 KUAT,61,0.02970297029702973,0.04417670682730934,0.04271104872668942,0.31797009714082,65.625
NICL,358.0,7451410400.0,61.674704224658015,0.7783136149772012,🟢 KUAT,62,-0.011111111111111072,-0.16822429906542058,-0.0008419870895313257,-0.5956138511603252,56.87499999999999
BSBK,40.0,884160700.0,61.652260441167705,0.7768173627445135,🟢 KUAT,63,0.0,-0.34883720930232553,-0.37708565072302563,-0.10251965674364388,0.0
RMKE,332.0,10064478600.0,61.579026311316724,0.771935087421115,🟢 KUAT,64,0.0,0.021857923497267784,-0.055793991416309065,-0.4969014361657264,27.90697674418604
CSRA,675.0,226435500.0,61.56709985726067,0.7711399904840447,🟢 KUAT,65,0.00917431192660545,-0.009009009009009028,-0.04264577893820718,-0.8766565819453416,31.578947368421055
CBPE,492.0,3734800.0,61.50574464711362,0.7670496431409083,🟢 KUAT,66,0.04651162790697683,0.040462427745664664,-0.07881269191402254,-1.2317048374230115,24.637681159420282
RISE,600.0,1137906000.0,61.49049625698005,0.7660330837986702,🟢 KUAT,67,0.017857142857142794,-0.04201680672268904,-0.0795316915623738,-0.40402951659458164,46.55172413793104
DLTA,1765.0,69850000.0,61.40350854841613,0.7602339032277418,🟢 KUAT,68,-0.027210884353741527,-0.09493670886075944,-0.12,-0.6010454954417848,51.24999999999999
BMTR,75.0,8450510200.0,61.318992151818954,0.7545994767879304,🟢 KUAT,69,0.0,0.05263157894736836,-0.0376904570970329,-0.936630078327346,25.0
VICO,152.0,19825700.0,61.28789420546027,0.7525262803640179,🟢 KUAT,70,0.03960396039603964,0.01941747572815533,-0.12060301507537692,-0.36925190386454354,29.629629629629633
MCOR,66.0,424057500.0,61.26451257794848,0.7509675051965654,🟢 KUAT,71,0.04444444444444451,0.06818181818181812,0.027884089666484386,0.9780300407212986,53.846153846153854
SKBM,494.0,20479400.0,61.21584990087557,0.747723326725038,🟢 KUAT,72,0.0,-0.007518796992481258,-0.006772009029345372,1.339283556516352,43.99999999999999
FUTR,254.0,4923469000.0,61.201429663857766,0.7467619775905178,🟢 KUAT,73,0.012295081967213184,-0.008032128514056214,-0.017892644135188866,-0.7213620060989961,37.14285714285714
BNGA,1690.0,3785707000.0,61.143808371952694,0.7429205581301798,🟢 KUAT,74,-0.012499999999999956,0.0,-0.08166230746875908,-0.7790178274996048,27.08333333333333
EMDE,64.0,82585000.0,61.09990064041468,0.7399933760276455,🟢 KUAT,75,0.05128205128205132,-0.046511627906976716,-0.14583333333333334,0.651083907594273,18.75
ELSA,630.0,7086235000.0,61.04506517946182,0.7363376786307883,🟢 KUAT,76,0.011695906432748648,0.0,-0.04367053620784964,-0.6934374525657504,20.408163265306115
WIFI,1455.0,58845006000.0,60.96188404289307,0.7307922695262045,🟢 KUAT,77,0.01298701298701288,-0.006369426751592355,-0.037334156124652886,-0.5422790869000932,25.000000000000014
PJAA,446.0,4968400.0,60.947460008462535,0.7298306672308358,🟢 KUAT,78,0.0,0.06930693069306937,-0.06655142610198793,-0.4037806706762142,34.69387755102041
GOOD,304.0,44223400.0,60.92115582674166,0.7280770551161108,🟢 KUAT,79,0.022222222222222143,-0.07999999999999996,0.009879253567508295,-0.7318047381650229,51.72413793103448
MTEL,442.0,1740746600.0,60.91205581304891,0.7274703875365938,🟢 KUAT,80,0.0,-0.018433179723502335,-0.0672213707028684,-0.4754245193222441,14.705882352941188
RAAM,152.0,602023300.0,60.873084155637635,0.7248722770425091,🟢 KUAT,81,0.020408163265306145,0.005025125628140614,-0.11523999115239995,-0.1876751759774808,16.666666666666657
HDFA,93.0,69694700.0,60.842962047689724,0.7228641365126482,🟢 KUAT,82,0.034482758620689724,-0.3023255813953488,-0.3348115299334812,-0.16276200252426046,4.545454545454547
VERN,178.0,1187991100.0,60.8322818025126,0.7221521201675064,🟢 KUAT,83,0.03100775193798455,0.01526717557251911,-0.0007513148009015351,-0.6403711595036771,55.55555555555556
ASLC,57.0,419385100.0,60.7677886382504,0.7178525758833602,🟢 KUAT,84,0.037735849056603765,0.05769230769230771,-0.059024807527801586,-1.516902736635498,27.77777777777777
PICO,157.0,297103200.0,60.76677790850799,0.7177851939005326,🟢 KUAT,85,0.08235294117647052,0.10843373493975905,0.1298741172858459,3.329440577510423,70.83333333333333
LPCK,505.0,171906000.0,60.71973558224134,0.7146490388160894,🟢 KUAT,86,0.019354838709677358,0.11007025761124112,0.0631378266233038,1.0457035767101268,69.1358024691358
GUNA,218.0,14087800.0,60.59665567507162,0.706443711671441,🟢 KUAT,87,0.08585858585858586,0.09693877551020402,0.00420364315740311,-0.5661039120988169,47.11538461538462
BINO,105.0,27969400.0,60.59613564196475,0.7064090427976497,🟢 KUAT,88,0.07017543859649122,0.051724137931034475,-0.13841807909604517,-0.31281250139734,23.33333333333333
SOHO,1320.0,1080262500.0,60.56964939676483,0.7046432931176556,🟢 KUAT,89,-0.015503875968992276,-0.045112781954887216,-0.096728307254623,0.4165645282737741,29.268292682926827
BNBR,73.0,22727647900.0,60.52359459941785,0.7015729732945232,🟢 KUAT,90,0.021739130434782705,0.03296703296703307,-0.0856031128404669,-0.5523203120946784,34.09090909090909
LMAX,101.0,257618400.0,60.4810170107995,0.698734467386633,🟢 KUAT,91,-0.03614457831325302,0.08108108108108114,-0.07541173071366657,-0.36065653812944426,37.07865168539326
JTPE,575.0,333248000.0,60.448027657603376,0.6965351771735582,🟢 KUAT,92,0.09166666666666656,0.11965811965811968,0.05773112636253537,2.4072433711035104,58.33333333333333
LION,272.0,65533400.0,60.413820894268525,0.6942547262845683,🟢 KUAT,93,0.0219780219780219,-0.010638297872340385,-0.033264033264033266,-0.08515634000366974,37.5
RANS,181.0,3195989000.0,60.380810527181865,0.6920540351454577,🟢 KUAT,94,0.01941747572815533,-0.05405405405405406,-0.08336970755128763,-0.8420268857024648,21.875
TRUE,46.0,2453739300.0,60.37721311000656,0.6918142073337704,🟢 KUAT,95,-0.007389162561576401,0.0024875621890547706,-0.01551239770367656,-0.2470427040567131,48.23529411764706
GWSA,145.0,144567300.0,60.340836026746764,0.6893890684497842,🟢 KUAT,96,-0.02777777777777779,0.009615384615384581,-0.0720282810428635,-0.4164675713076262,25.925925925925924
NPGF,44.0,660221900.0,60.285988609052694,0.6857325739368462,🟢 KUAT,97,0.007936507936507908,-0.03053435114503822,-0.09576361694553215,-0.47253602121486654,35.294117647058826
JPFA,2010.0,8800455500.0,60.27273934512945,0.6848492896752966,🟢 KUAT,98,-0.03076923076923077,-0.015625,-0.06319702602230483,-0.47952738166908365,47.43589743589743
IRSX,318.0,13531578200.0,60.25889899412742,0.6839265996084946,🟢 KUAT,99,0.01298701298701288,-0.00952380952380949,-0.017786872343774594,-1.5931876949317787,32.0
CTTH,94.0,475832500.0,60.164063428645925,0.677604228576395,🟢 KUAT,100,0.022058823529411686,-0.0071428571428571175,-0.022847100175746926,-0.7523607330000964,39.99999999999999
YOII,75.0,362175900.0,60.12029810971834,0.6746865406478896,🟢 KUAT,101,0.01333333333333342,0.0066225165562914245,-0.017453135100193924,-0.26954594442228463,33.33333333333333
BAJA,286.0,1559260600.0,60.05094514345255,0.6700630095635032,🟢 KUAT,102,0.0,0.0,-0.014492753623188406,-1.031676813026079,33.33333333333333
FILM,595.0,5714217500.0,59.9256574481665,0.6617104965444331,🟡 NETRAL,103,0.03910614525139655,0.010869565217391353,0.020296215030169987,-0.5190151531791618,43.47826086956522
NIKL,189.0,641697600.0,59.90508352505837,0.6603389016705584,🟡 NETRAL,104,0.017857142857142794,0.036363636363636376,-0.12240184757505777,-0.8152039793312431,28.57142857142857
AMMN,4210.0,282690538000.0,59.711859340985654,0.6474572893990435,🟡 NETRAL,105,0.0,0.0652173913043479,-0.042033235581622655,-0.5055048790469548,30.769230769230774
ZONE,615.0,16444500.0,59.708259462383836,0.6472172974922558,🟡 NETRAL,106,0.03125,0.03664921465968596,0.00558659217877092,-0.30827633508943353,40.90909090909091
MCAS,228.0,518754200.0,59.705218926782834,0.6470145951188558,🟡 NETRAL,107,0.02259887005649719,0.016853932584269593,0.0005527915975676855,-0.6999602717188063,47.05882352941176
NCKL,845.0,22522359000.0,59.6264963285911,0.6417664219060732,🟡 NETRAL,108,0.07164179104477619,0.19666666666666677,0.18247694334650857,3.2286251140351254,76.41509433962264
MSIN,180.0,5394861200.0,59.55237400613531,0.6368249337423542,🟡 NETRAL,109,0.00843881856540074,0.0,-0.055242612906413656,-0.24139813958507297,25.000000000000014
MBAP,1640.0,38585000.0,59.459371791507095,0.6306247861004729,🟡 NETRAL,110,0.0,0.0,0.0007505629221916722,-0.9705600295406971,41.66666666666667
TRJA,118.0,252909400.0,59.32736965179531,0.6218246434530204,🟡 NETRAL,111,0.017369727047146455,0.01990049751243772,-0.02497027348394768,-0.8841824195559933,32.85714285714285
KOTA,159.0,35005984000.0,59.29943910282476,0.6199626068549844,🟡 NETRAL,112,-0.01851851851851849,-0.006249999999999978,-0.06332842415316642,-0.5121939608017277,35.8974358974359
MAPA,640.0,2685714000.0,59.25991804026908,0.6173278693512719,🟡 NETRAL,113,-0.025974025974025983,0.013513513513513598,-0.25410243659870707,0.027993077620313864,13.793103448275858
LUCK,107.0,185958900.0,59.17856926831638,0.6119046178877586,🟡 NETRAL,114,0.006172839506172867,-0.035502958579881616,-0.0006131207847946045,-0.7112415735561644,55.17241379310345
BOBA,193.0,16648900.0,59.143465430063024,0.6095643620042015,🟡 NETRAL,115,0.01388888888888884,0.0,-0.13404507710557528,-1.2962424061800026,14.81481481481481
PTIS,198.0,94008200.0,59.13984315310487,0.6093228768736582,🟡 NETRAL,116,-0.002949852507374673,-0.023121387283236983,-0.024531024531024532,-0.47723516314133796,36.58536585365854
HDIT,37.0,199191700.0,59.12900465432361,0.6086003102882408,🟡 NETRAL,117,0.0,0.005347593582887722,-0.014158363922391132,-0.986632987853462,38.888888888888886
TRIN,254.0,4061139800.0,59.060523618394896,0.6040349078929931,🟡 NETRAL,118,0.016393442622950838,0.0,-0.06941838649155722,-0.7610353810319753,33.33333333333333
PADI,42.0,7555672500.0,59.03903072766889,0.602602048511259,🟡 NETRAL,119,0.005208333333333259,0.010471204188481575,-0.04620706696318258,-0.4492767607188823,24.242424242424235
PSDN,121.0,854074300.0,58.98319731782873,0.5988798211885822,🟡 NETRAL,120,0.041935483870967794,0.041935483870967794,0.028334925183062718,0.3037732703439566,58.53658536585366
IOTF,47.0,378825100.0,58.95690941078629,0.597127294052419,🟡 NETRAL,121,0.0844155844155845,0.006024096385542244,-0.037463976945244955,-0.15889061500173168,34.54545454545455
NETV,35.0,1190366100.0,58.841795189713245,0.5894530126475496,🟡 NETRAL,122,0.0,0.008474576271186418,-0.02777777777777782,-0.45528007782108193,26.66666666666667
PMUI,98.0,130717400.0,58.78546269667736,0.5856975131118237,🟡 NETRAL,123,0.0,0.044117647058823595,-0.05206942590120167,-0.3561856841026155,46.03174603174603
GOLF,157.0,324821700.0,58.733159440700476,0.5822106293800319,🟡 NETRAL,124,0.042402826855123754,-0.02640264026402639,-0.04282933160285529,-0.271398855648741,38.372093023255815
BRIS,1415.0,48483011500.0,58.692513151374676,0.5795008767583117,🟡 NETRAL,125,0.0,-0.0629139072847682,-0.11396368190356919,0.9189266657269881,11.688311688311686
OBMD,183.0,119145800.0,58.62329456978421,0.5748863046522805,🟡 NETRAL,126,0.05263157894736836,-0.032258064516129004,-0.10078681153990258,-0.4853651256486371,27.86885245901638
PSAT,830.0,54898500.0,58.61932212592558,0.5746214750617051,🟡 NETRAL,127,0.04615384615384621,0.08800000000000008,0.05019305019305019,-0.1694667641887469,57.77777777777777
ARKO,2920.0,20759603000.0,58.616080425285446,0.5744053616856966,🟡 NETRAL,128,0.045774647887323994,0.006779661016949046,-0.057741116751269035,-0.5433681891829115,34.11764705882352
BKSW,49.0,45018100.0,58.59081565371996,0.5727210435813304,🟡 NETRAL,129,0.04166666666666674,0.0,-0.21568627450980393,-0.6580067697093098,22.5
PANR,398.0,5894800.0,58.55814874524081,0.5705432496827206,🟡 NETRAL,130,0.02564102564102555,-0.06976744186046513,-0.14984059511158337,0.45071262881336954,8.333333333333329
BKSL,57.0,3986665600.0,58.53557897843938,0.5690385985626256,🟡 NETRAL,131,0.01869158878504673,-0.009090909090909038,-0.08441831163376733,0.569080048452414,19.354838709677423
ASHA,43.0,1639038000.0,58.48726079301468,0.5658173862009784,🟡 NETRAL,132,0.048913043478260976,0.06043956043956045,-0.04808877928483354,-0.44154362062067204,27.272727272727266
BACA,110.0,68597800.0,58.473039763791135,0.5648693175860757,🟡 NETRAL,133,0.00917431192660545,0.0185185185185186,0.01289134438305709,-0.9767037478071857,50.0
VISI,1055.0,878319000.0,58.46697645248766,0.5644650968325102,🟡 NETRAL,134,-0.03809523809523807,-0.06481481481481477,-0.010773751224289911,-0.2778623221328125,53.88601036269431
NISP,1235.0,1682764500.0,58.45302821154537,0.563535214103025,🟡 NETRAL,135,0.010752688172043001,0.016216216216216273,-0.05170239596469105,-0.2779834875595787,27.65957446808511
EURO,1385.0,18946464500.0,58.42218517517934,0.5614790116786222,🟡 NETRAL,136,0.0,0.004149377593360981,-0.014557670772676326,0.9040192812650886,33.33333333333333
WOOD,179.0,303511500.0,58.40767944994858,0.5605119633299055,🟡 NETRAL,137,0.009090909090909038,0.009090909090909038,-0.011135857461024499,-1.1255661831437986,39.99999999999999
IMPC,1355.0,18904859000.0,58.33686715569173,0.5557911437127819,🟡 NETRAL,138,-0.00952380952380949,0.009708737864077666,-0.019330504479019305,-0.6490102957723576,50.0
BBKP,41.0,5909739400.0,58.327486907955375,0.5551657938636917,🟡 NETRAL,139,0.03125,-0.024630541871921152,-0.004274578828262509,-0.6060694716713345,56.666666666666664
ARTO,770.0,9118303500.0,58.255904973249116,0.5503936648832742,🟡 NETRAL,140,0.023121387283236983,-0.011173184357541888,-0.08856848609680736,0.07122137571881733,25.396825396825406
ZYRX,126.0,26344600.0,58.252435394687495,0.5501623596458332,🟡 NETRAL,141,0.017142857142857126,-0.011111111111111072,-0.0815273477812178,-0.9897620993767207,26.5625
MYOH,1000.0,28672500.0,58.20229006131237,0.5468193374208246,🟡 NETRAL,142,0.14406779661016955,0.125,0.0037174721189591076,2.0037080390729,45.714285714285715
BIPP,63.0,949257800.0,58.190968583043244,0.5460645722028832,🟡 NETRAL,143,0.011627906976744207,0.011627906976744207,-0.04657534246575343,-0.5534518114882836,29.411764705882362
NIRO,162.0,26887500.0,58.18984347852294,0.5459895652348626,🟡 NETRAL,144,0.01941747572815533,-0.02777777777777779,-0.10333048676345,-1.084600437511995,32.0
ARGO,1145.0,125884500.0,58.18364201929415,0.54557613461961,🟡 NETRAL,145,0.042553191489361764,0.025104602510460206,0.003789818703267438,-0.5157021595281086,63.758389261744966
BANK,240.0,410742800.0,58.17195871215872,0.5447972474772481,🟡 NETRAL,146,0.006451612903225712,-0.006369426751592355,-0.016703435234793607,-0.6134206386519674,43.99999999999999
CYBR,490.0,17772984200.0,58.14241971015751,0.5428279806771672,🟡 NETRAL,147,0.006250000000000089,0.03870967741935494,-0.05571847507331378,-0.3529697417633887,44.943820224719104
ISEA,77.0,83152700.0,58.13028336331857,0.5420188908879043,🟡 NETRAL,148,0.010752688172043001,0.016216216216216273,-0.035650166709412616,-0.30185530079496575,28.0
BBTN,1065.0,11286473500.0,58.11866073263317,0.541244048842211,🟡 NETRAL,149,-0.01869158878504673,-0.07079646017699115,-0.0841692106410816,-1.1068943817327295,39.99999999999999
LTLS,905.0,83789500.0,58.058908538476835,0.5372605692317891,🟡 NETRAL,150,-0.034852546916890104,0.0,-0.013833721408026297,0.10052185575435053,30.508474576271183
CBUT,925.0,28026000.0,57.936864923514804,0.5291243282343203,🟡 NETRAL,151,0.024590163934426146,0.05932203389830515,0.02880658436213992,-0.2549562755143372,55.81395348837209
CPIN,2910.0,30449842000.0,57.93652899242945,0.5291019328286302,🟡 NETRAL,152,0.0,0.022471910112359605,-0.006007646095030038,-0.6471367852021038,47.16981132075472
MDIA,155.0,22825996600.0,57.92910709668212,0.5286071397788078,🟡 NETRAL,153,0.06060606060606055,0.02639296187683282,-0.03859359978024997,-0.7776425434687966,38.29787234042553
BIRD,1560.0,261251000.0,57.92704959715264,0.5284699731435094,🟡 NETRAL,154,-0.004048582995951455,-0.03529411764705881,-0.020213083739918307,-0.6506110473929371,46.10778443113772
PWON,256.0,3420510000.0,57.84481432431008,0.5229876216206719,🟡 NETRAL,155,0.013986013986013957,-0.08805031446540879,-0.01927629354075076,-0.7438703502985139,54.0
JECC,725.0,52333500.0,57.79822707154562,0.5198818047697077,🟡 NETRAL,156,0.010928961748633892,0.016483516483516425,-0.054675523760858456,-0.4070308134895744,32.25806451612904
MSIE,119.0,374543300.0,57.730070557578344,0.5153380371718896,🟡 NETRAL,157,0.07000000000000006,0.32098765432098775,0.1340752517223106,0.12180180633076756,48.484848484848484
GMFI,51.0,4160154000.0,57.71458330058995,0.5143055533726633,🟡 NETRAL,158,0.054054054054053946,0.017391304347825987,-0.06772908366533864,-0.7321547368016561,29.411764705882362
AMRT,1260.0,24796283000.0,57.67606448648661,0.5117376324324405,🟡 NETRAL,159,0.01098901098901095,0.01098901098901095,-0.10112359550561793,-0.4158481217663983,26.19047619047619
BIPI,127.0,24183691200.0,57.62894578641688,0.508596385761125,🟡 NETRAL,160,0.011428571428571344,0.005681818181818121,-0.02827340104309638,-0.842928184664874,21.05263157894737
FITT,400.0,260102400.0,57.60667818724074,0.5071118791493825,🟡 NETRAL,161,0.006849315068493178,-0.006756756756756799,-0.00976759851801946,-0.2517008827858406,51.85185185185185
PTRO,5150.0,143727677500.0,57.60435982425594,0.5069573216170624,🟡 NETRAL,162,-0.008474576271186418,-0.06399999999999995,-0.08307210031347959,-0.2954092504493547,20.83333333333333
BGTG,105.0,369280400.0,57.59783267281066,0.5065221781873773,🟡 NETRAL,163,0.03703703703703698,0.05660377358490565,-0.12975912975912968,-0.4723302549458318,33.33333333333333
TPIA,1725.0,110139800500.0,57.531302542396574,0.5020868361597715,🟡 NETRAL,164,-0.007692307692307665,-0.06521739130434778,-0.11583276216586703,-0.8692768409902749,7.692307692307679
CASA,1800.0,96039500.0,57.527442362782494,0.5018294908521662,🟡 NETRAL,165,0.02659574468085113,0.021164021164021163,0.011000523834468277,-0.32147128265644054,56.57894736842105
ESIP,98.0,1589623200.0,57.515211538543824,0.5010141025695881,🟡 NETRAL,166,0.008955223880596996,0.0,-0.02199074074074074,-0.8198162002372761,29.032258064516128
INAI,157.0,462272700.0,57.50400360342234,0.5002669068948228,🟡 NETRAL,167,0.03164556962025311,0.05844155844155852,-0.06563485239323583,-0.3854296680669742,33.846153846153854
MLBI,6825.0,101050000.0,57.488140668669615,0.4992093779113078,🟡 NETRAL,168,0.018050541516245522,0.018050541516245522,0.026948288419519302,-0.6496327346227275,89.47368421052632
MERI,106.0,30284300.0,57.473941582768575,0.4982627721845714,🟡 NETRAL,169,0.033653846153846256,0.059113300492610765,0.02846209040899301,0.5525432613898784,51.11111111111111
LABA,107.0,649254900.0,57.461381036175474,0.49742540241169814,🟡 NETRAL,170,0.003144654088050425,0.003144654088050425,-0.004524886877828055,-0.3276440087573933,40.0
TBIG,1430.0,284732500.0,57.45726870596498,0.497151247064332,🟡 NETRAL,171,-0.023972602739726012,0.036363636363636376,0.0113555713271824,2.514931270934292,54.54545454545455
SATU,240.0,61352400.0,57.4498969580398,0.49665979720265335,🟡 NETRAL,172,-0.013333333333333308,0.0,-0.014647137150466045,-0.7358819656504654,31.578947368421055
BMSR,318.0,49031400.0,57.43950968120086,0.49596731208005745,🟡 NETRAL,173,0.011415525114155223,0.013729977116704761,-0.004270622611822881,-0.7860587993174135,39.655172413793096
LPPS,64.0,674156900.0,57.37777895416055,0.49185193027736973,🟡 NETRAL,174,0.011235955056179803,0.011235955056179803,-0.00881057268722464,-0.6148204927173956,39.99999999999999
SMDM,484.0,1788200.0,57.36804740404331,0.4912031602695539,🟡 NETRAL,175,0.14782608695652177,0.2941176470588236,0.06925880923450788,0.4011696722215612,45.78313253012048
BAPA,105.0,496358500.0,57.34838368871759,0.4898922459145058,🟡 NETRAL,176,0.013698630136986356,-0.013333333333333308,-0.04361873990306947,-0.7023599695865707,53.52112676056338
JSMR,2600.0,17555593000.0,57.305994531068826,0.4870663020712553,🟡 NETRAL,177,0.0,-0.026755852842809347,-0.05565471361349992,-1.1880122046994928,28.57142857142857
INET,266.0,55097926400.0,57.30509192903989,0.48700612860265935,🟡 NETRAL,178,0.05128205128205132,-0.046511627906976716,-0.126730564430245,1.4590112561519475,23.529411764705884
TRON,79.0,555142500.0,57.13234269235381,0.47548951282358726,🟡 NETRAL,179,0.02777777777777768,0.02777777777777768,0.017415215398716828,2.730945751253384,57.14285714285714
ADMR,1465.0,19085930000.0,57.08346109157357,0.47223073943823785,🟡 NETRAL,180,0.07194244604316546,0.2016129032258065,0.11819887429643527,-0.18161436665777364,64.61538461538461
BNII,188.0,122543200.0,57.009088099316706,0.46727253995444706,🟡 NETRAL,181,0.014184397163120588,0.014184397163120588,-0.012430939226519415,0.4287450092337463,41.379310344827594
SMRA,240.0,4034322600.0,56.93140700868158,0.46209380057877225,🟡 NETRAL,182,-0.06666666666666665,-0.17647058823529416,-0.15789473684210525,2.635156328681443,18.33333333333333
SRTG,1730.0,2251149500.0,56.93139894778873,0.46209326318591537,🟡 NETRAL,183,0.24096385542168686,1.1347150259067358,0.8205921343349535,0.7129537758655319,80.10335917312662
CUAN,850.0,214035161000.0,56.86957352008826,0.45797156800588407,🟡 NETRAL,184,0.015037593984962516,-0.04255319148936165,-0.07216494845360824,0.17425578077262083,16.666666666666657
INDF,6850.0,11867832500.0,56.86867454492814,0.45791163632854287,🟡 NETRAL,185,0.009345794392523255,-0.027027027027026973,-0.06412478336221837,-0.12477886385704456,24.0
PYFA,202.0,1856368800.0,56.84414689287668,0.4562764595251122,🟡 NETRAL,186,0.021739130434782705,-0.06000000000000005,-0.19520547945205477,-0.4490533464629655,17.85714285714286
ROTI,565.0,102596000.0,56.79718278699104,0.45314551913273565,🟡 NETRAL,187,0.00591715976331364,-0.06593406593406592,-0.07356948228882834,-0.54911870585069,37.5
COIN,740.0,12227587500.0,56.77284010968071,0.4515226739787139,🟡 NETRAL,188,-0.02970297029702973,-0.02970297029702973,-0.043995707735830565,0.9035104878331763,40.112994350282484
SOLA,74.0,109350000.0,56.75243516630075,0.45016234442005004,🟡 NETRAL,189,0.10831234256926958,0.19565217391304346,0.26400459638035045,2.9748777999561207,85.06493506493507
FISH,590.0,28463500.0,56.74419576777682,0.4496130511851217,🟡 NETRAL,190,0.04166666666666674,-0.41860465116279066,-0.43757030371203604,3.9585289962690426,3.7037037037037095
SMKL,147.0,8776400.0,56.599195322374285,0.43994635482495253,🟡 NETRAL,191,0.0,0.048275862068965614,-0.04100946372239748,-0.5188196138160428,29.268292682926827
BELL,94.0,462511500.0,56.576116062021434,0.4384077374680957,🟡 NETRAL,192,0.029508196721311553,0.0064102564102563875,-0.053218754711292025,-1.0416278770025431,35.21126760563381
AISA,114.0,189693400.0,56.56888781639063,0.4379258544260418,🟡 NETRAL,193,0.022471910112359605,0.18181818181818188,-0.10784313725490197,-0.35542086776339754,20.731707317073173
PSKT,234.0,2925730800.0,56.539206742784195,0.435947116185613,🟡 NETRAL,194,0.026315789473684292,0.044642857142857206,-0.013906447534766166,0.30229310580512314,43.99999999999999
CMNT,740.0,9043502500.0,56.53373771576209,0.4355825143841397,🟡 NETRAL,195,0.023668639053254337,-0.011428571428571455,-0.07954243149773871,-0.9684117598916019,34.93975903614458
HMSP,620.0,9715810000.0,56.533044900392476,0.43553632669283154,🟡 NETRAL,196,0.05691056910569103,0.1711711711711712,0.3068610203568737,-0.7269780285202951,89.47368421052632
AWAN,151.0,14908300.0,56.44947341124906,0.42996489408327054,🟡 NETRAL,197,0.030303030303030276,-0.10526315789473684,-0.1890280262373285,-0.635274226149836,40.50632911392405
BSSR,5050.0,9377932500.0,56.34324463599293,0.4228829757328623,🟡 NETRAL,198,0.01449275362318847,0.007194244604316502,0.02115244347191835,-0.5736848639472676,47.5
PTPS,150.0,90934100.0,56.297809960180324,0.4198539973453548,🟡 NETRAL,199,0.021126760563380254,0.17886178861788626,0.06735369893264635,0.02642491819107408,60.93749999999999
NASI,177.0,1931636700.0,56.26882358225555,0.4179215721503699,🟡 NETRAL,200,0.0,0.031847133757961776,-0.006439742410303657,-0.0017650304124266908,46.666666666666664
KOPI,195.0,62744900.0,56.26149563728692,0.4174330424857949,🟡 NETRAL,201,0.028037383177569986,-0.017857142857142905,-0.03888160768894716,-0.5316173851044586,31.578947368421055
OASA,246.0,1034765200.0,56.1477348315023,0.40984898876682,🟡 NETRAL,202,0.07751937984496116,0.09448818897637801,0.015710632078918565,0.9982427512292642,51.45631067961164
BBYB,200.0,6917189900.0,56.100927747881045,0.40672851652540276,🟡 NETRAL,203,0.03076923076923066,0.046875,0.002243829468960359,0.7079351275717597,55.0
GOLD,268.0,4680000.0,56.09719087204115,0.4064793914694103,🟡 NETRAL,204,0.04347826086956519,-0.013698630136986356,0.023454157782516073,-0.15630335933063058,56.25
TLDN,595.0,806052000.0,56.07124681595721,0.40474978773048087,🟡 NETRAL,205,-0.0028248587570621764,-0.0028248587570621764,-0.010234123089864012,-0.159716969346064,30.769230769230774
RODA,41.0,1928281700.0,55.999408784427,0.39996058562846665,🟡 NETRAL,206,0.061111111111111116,0.05524861878453047,0.008447729672650445,-0.22166148112098452,49.27536231884058
RMKO,266.0,658072200.0,55.99502075263733,0.39966805017582224,🟡 NETRAL,207,-0.005813953488372103,0.017857142857142794,-0.059147180192572216,3.331096434472732,30.769230769230774
DSFI,83.0,421536700.0,55.95005118182583,0.3966700787883884,🟡 NETRAL,208,0.02499999999999991,0.02499999999999991,-0.03529411764705882,-0.7014224378428923,27.77777777777777
PTMP,50.0,367745300.0,55.941821933902894,0.39612146226019296,🟡 NETRAL,209,0.028846153846153744,0.0490196078431373,-0.07399394201644308,-0.5262398322593257,35.84905660377359
CITA,3380.0,192463000.0,55.94048801851267,0.39603253456751103,🟡 NETRAL,210,-0.03825136612021862,-0.06382978723404253,-0.07563025210084036,-0.11068437881077522,42.592592592592595
KPIG,43.0,6961916400.0,55.910721210333904,0.3940480806889267,🟡 NETRAL,211,0.044303797468354444,-0.0119760479041916,-0.021061999406704307,-0.5275695892551148,44.64285714285714
PADA,163.0,1538795800.0,55.886430986591776,0.3924287324394516,🟡 NETRAL,212,0.0660377358490567,-0.05833333333333335,-0.1364157432174245,-0.454100395416802,39.495798319327726
VAST,103.0,452605800.0,55.8738453218657,0.39158968812438,🟡 NETRAL,213,0.005347593582887722,0.016216216216216273,-0.027670028445823634,-0.12525897879198347,35.0
TFAS,178.0,19634800.0,55.85584489030971,0.3903896593539806,🟡 NETRAL,214,0.012195121951219523,-0.17000000000000004,-0.08388520971302423,-0.4670082530089624,47.142857142857146
JAWA,155.0,13024409800.0,55.83682416863868,0.38912161124257866,🟡 NETRAL,215,0.0,0.006389776357827559,-0.016086209589255038,-1.1172941242225698,47.78761061946902
WBSA,605.0,6395715500.0,55.776284930741504,0.3850856620494337,🟡 NETRAL,216,0.004385964912280604,0.08530805687203791,0.05045871559633028,-0.7085524899422745,56.666666666666664
BNBA,815.0,55801000.0,55.7385596208608,0.38257064139071967,🟡 NETRAL,217,0.028301886792452935,0.058252427184465994,-0.02242152466367713,-0.6922597732302532,40.625
BUKA,104.0,5378116400.0,55.667868563772295,0.3778579042514863,🟡 NETRAL,218,0.0117647058823529,0.14666666666666672,0.0076157000585823755,-0.30521275340107784,50.0
FOLK,179.0,1616465200.0,55.65795148329208,0.3771967655528052,🟡 NETRAL,219,0.0,0.0,-0.003917179630665857,-0.6877937207681326,33.33333333333333
BOAT,124.0,64247100.0,55.65268028462917,0.3768453523086114,🟡 NETRAL,220,0.06000000000000005,0.03921568627450989,-0.016697588126159485,-0.6714604095246418,43.33333333333333
ABMM,2620.0,823667000.0,55.643026184295614,0.37620174561970776,🟡 NETRAL,221,0.043243243243243246,0.06043956043956045,-0.027462836986646456,-0.36796181101260717,42.857142857142854
KAQI,82.0,5752569300.0,55.62280371635692,0.3748535810904615,🟡 NETRAL,222,0.09600000000000009,0.10483870967741926,0.031238238614979343,0.685872969176712,55.38461538461538
DFAM,68.0,604648300.0,55.61970346285991,0.37464689752399405,🟡 NETRAL,223,0.017857142857142794,-0.017241379310344862,-0.09163346613545817,-0.41328294426351997,31.372549019607845
LMPI,158.0,25220900.0,55.60063192084184,0.37337546138945615,🟡 NETRAL,224,0.0,-0.07352941176470584,-0.08629441624365482,-0.9340413345796744,21.875
OKAS,101.0,102226400.0,55.5691227559002,0.3712748503933468,🟡 NETRAL,225,0.01298701298701288,0.040000000000000036,-0.0036723614881047422,-0.537229808420279,56.896551724137936
ADMG,230.0,47500800.0,55.49503331231606,0.36633555415440383,🟡 NETRAL,226,0.0,0.0,-0.12747102931152005,-0.7008244792142683,25.925925925925924
PNLF,196.0,1935652000.0,55.46684569893094,0.3644563799287292,🟡 NETRAL,227,-0.050000000000000044,-0.06278026905829592,0.07234479220112876,-0.32766082187732765,74.07407407407408
KOBX,169.0,190357500.0,55.459254960155526,0.3639503306770351,🟡 NETRAL,228,0.03664921465968596,-0.02941176470588236,-0.12360296558592458,0.3355531252359119,16.666666666666657
MIDI,254.0,1861022400.0,55.410960780116845,0.3607307186744564,🟡 NETRAL,229,0.05494505494505497,0.015873015873015817,-0.08045977011494258,0.2349249078523629,24.242424242424235
SPMA,162.0,20876100.0,55.357542480081634,0.35716949867210873,🟡 NETRAL,230,-0.2847222222222222,-0.2398523985239852,-0.23760177646188008,0.38416806309833895,27.77777777777777
SOCI,625.0,9745450500.0,55.34830744263257,0.356553829508838,🟡 NETRAL,231,0.0,0.01724137931034475,-0.16489738145789107,-0.7129128216409407,21.05263157894737
TLKM,2290.0,246051258000.0,55.27858319994152,0.3519055466627683,🟡 NETRAL,232,0.04444444444444451,0.09302325581395343,-0.05337361530715002,-0.24646468084594209,39.285714285714285
APIC,402.0,173381200.0,55.274738092948354,0.351649206196557,🟡 NETRAL,233,0.03333333333333344,0.016393442622950838,0.026065370293752586,-0.7549183460403017,55.99999999999999
GRPM,129.0,246807400.0,55.27125870216641,0.35141724681109415,🟡 NETRAL,234,0.040000000000000036,0.01298701298701288,-0.011093502377179081,-1.3558298555965953,40.90909090909091
CENT,92.0,256517500.0,55.249982676172074,0.34999884507813844,🟡 NETRAL,235,0.0,0.03125,-0.040976460331299105,-0.49953234141244657,35.55555555555554
SDMU,69.0,4384671800.0,55.156005603537196,0.3437337069024799,🟡 NETRAL,236,0.042553191489361764,0.03157894736842115,-0.12304250559284116,-0.31899583271422816,19.512195121951223
CHEM,56.0,456449300.0,55.13115863667872,0.34207724244524795,🟡 NETRAL,237,-0.008474576271186418,0.026315789473684292,-0.04528763769889841,-1.2340743976731567,37.037037037037045
WINE,127.0,37181700.0,55.11377647703838,0.3409184318025587,🟡 NETRAL,238,0.03125,0.18705035971223016,-0.012271774917689382,-0.31388957506355086,44.565217391304344
GDST,107.0,249592900.0,55.08291536520246,0.33886102434683085,🟡 NETRAL,239,0.006711409395973256,0.04166666666666674,-0.06571161631890383,-0.4107122603494631,38.15789473684211
IMJS,166.0,265006100.0,55.06980418940131,0.3379869459600871,🟡 NETRAL,240,-0.007168458781361964,-0.010714285714285676,-0.03299005061965439,1.612830448630434,52.83018867924528
ATIC,432.0,15838600.0,55.03262972586856,0.3355086483912373,🟡 NETRAL,241,-0.025210084033613467,0.0043290043290042934,-0.06658619995976664,-0.49895457613286,29.824561403508767
KJEN,147.0,1024434700.0,55.028058560196186,0.3352039040130792,🟡 NETRAL,242,0.055837563451776706,0.02970297029702973,-0.02530459231490162,-0.44293063455792997,45.45454545454546
TCPI,1390.0,5306945500.0,55.020101715220314,0.33467344768135415,🟡 NETRAL,243,0.008474576271186418,-0.04800000000000004,-0.16724982505248426,-0.7238622354298387,31.818181818181827
PPRE,90.0,1057767100.0,54.98094643141583,0.3320630954277222,🟡 NETRAL,244,0.04854368932038833,0.018867924528301883,-0.08163265306122444,-0.5222271676833241,33.33333333333333
MSKY,45.0,120165500.0,54.900725685213544,0.3267150456809032,🟡 NETRAL,245,-0.024793388429752095,-0.05600000000000005,-0.07305577376276512,-0.4573316298494145,25.000000000000014
PANS,1640.0,122485000.0,54.87669116886296,0.325112744590864,🟡 NETRAL,246,-0.00990099009900991,-0.05213270142180093,-0.08340971585701187,-0.7588943324645752,25.714285714285722
APLN,107.0,1860321400.0,54.859495408464674,0.3239663605643116,🟡 NETRAL,247,0.08965517241379306,0.17037037037037028,0.2490118577075099,0.3588741396872,62.096774193548384
BVIC,87.0,52154300.0,54.8296729698828,0.3219781979921866,🟡 NETRAL,248,0.032786885245901676,0.016129032258064502,0.023558082859463897,0.3536524855106615,52.38095238095237
PURI,143.0,203800000.0,54.829467154516436,0.3219644769677625,🟡 NETRAL,249,0.034682080924855585,-0.09595959595959591,-0.1994633273703041,-0.7299110284427063,19.310344827586206
MAPI,1490.0,1909258500.0,54.808660320016436,0.32057735466776244,🟡 NETRAL,250,0.018987341772152,0.006250000000000089,0.011624253848570531,-1.0988369459976666,51.21951219512195
IGAR,472.0,14820000.0,54.7878721819694,0.3191914787979597,🟡 NETRAL,251,-0.14723926380368102,-0.5457516339869282,-0.928646595313262,-0.16403915125222676,4.135760845133731
KLIN,117.0,27252900.0,54.71168152600015,0.3141121017333435,🟡 NETRAL,252,0.06995884773662553,0.09243697478991586,-0.0066857688634192934,-0.3320878636442406,50.0
BULL,354.0,122444392200.0,54.70140399940731,0.3134269332938208,🟡 NETRAL,253,-0.006756756756756799,0.035211267605633756,0.07338444687842287,-0.589794371985567,64.0
VTNY,59.0,1380922900.0,54.62673808202344,0.30844920546822924,🟡 NETRAL,254,0.016000000000000014,-0.052238805970149294,-0.0773701416636397,-0.9143232134871282,30.0
BESS,800.0,42735500.0,54.61083291020027,0.3073888606800179,🟡 NETRAL,255,0.0,0.11428571428571432,-0.08825248392752773,-0.6804040763667648,30.555555555555557
INDY,2570.0,20539300000.0,54.56307802990521,0.30420520199368084,🟡 NETRAL,256,0.009433962264151052,0.01904761904761898,-0.06222611744084132,-0.4961395814069763,45.714285714285715
PEHA,276.0,99165600.0,54.532944218161475,0.30219628121076514,🟡 NETRAL,257,0.0,0.013513513513513598,0.008516360376512775,-0.5019846126061934,44.827586206896555
MNCN,123.0,5998037000.0,54.45453530719977,0.29696902047998475,🟡 NETRAL,258,0.0641025641025641,0.03750000000000009,-0.04597701149425287,-0.2164416309228663,34.48275862068965
BABY,187.0,174863500.0,54.450730662715344,0.29671537751435645,🟡 NETRAL,259,0.008902077151335286,0.16838487972508598,0.13050706566916043,0.7887575950625694,71.875
ACES,326.0,7075258600.0,54.4087270101928,0.2939151340128533,🟡 NETRAL,260,0.00591715976331364,-0.017341040462427793,-0.049748462828395755,-0.4428096315676377,35.04273504273503
VRNA,75.0,34880200.0,54.40441795231446,0.2936278634876306,🟡 NETRAL,261,0.0108108108108107,0.10000000000000009,0.10357037474181181,-0.045926474275741626,75.0
HRUM,835.0,4419884500.0,54.35719979096908,0.29047998606460507,🟡 NETRAL,262,-0.06000000000000005,-0.1607142857142857,-0.21470342522974104,-0.9122751859316115,13.63636363636364
HAIS,175.0,74878100.0,54.33053258363719,0.28870217224247974,🟡 NETRAL,263,0.03614457831325302,0.03614457831325302,-0.010166890466142336,-0.3111703776811009,39.583333333333336
MSTI,1325.0,1303104500.0,54.32552145247282,0.2883680968315214,🟡 NETRAL,264,0.0,0.0,-0.08355795148247976,-0.3362999639799662,16.666666666666657
SMBR,150.0,250813300.0,54.254993834285365,0.28366625561902453,🟡 NETRAL,265,0.015151515151515138,-0.014705882352941124,-0.027576197387518223,-0.6765381326634208,43.47826086956522
KAEF,412.0,407234000.0,54.24940128980698,0.28329341932046564,🟡 NETRAL,266,0.012903225806451646,-0.05988023952095811,-0.07890877090055728,-0.49973088594118575,20.51282051282051
MINE,276.0,83307400.0,54.20293489199992,0.28019565946666103,🟡 NETRAL,267,-0.012987012987012991,-0.006535947712418277,-0.018404907975460086,0.08774490955956533,33.33333333333333
DART,152.0,37706100.0,54.19109002675528,0.2794060017836855,🟡 NETRAL,268,-0.033333333333333326,-0.32558139534883723,-0.3548387096774194,0.577616146057341,8.0
INDR,2880.0,102234000.0,54.16890482231417,0.2779269881542781,🟡 NETRAL,269,0.0,-0.05769230769230771,-0.04250122129946258,-1.342086665111925,39.130434782608695
JAST,83.0,383839200.0,54.16753262243535,0.27783550816235664,🟡 NETRAL,270,-0.03539823008849563,0.0092592592592593,-0.16056988833269153,-0.6968419728759131,20.338983050847446
MBMA,482.0,32449068200.0,54.162734633027085,0.2775156422018056,🟡 NETRAL,271,-0.006211180124223614,0.06666666666666665,-0.03961584633853538,-0.5577107919489045,44.444444444444436
SSTM,424.0,23578200.0,54.1539563216064,0.2769304214404267,🟡 NETRAL,272,0.05050505050505061,-0.04587155963302747,-0.08450704225352108,-0.556264838517335,42.2680412371134
ERTX,165.0,38807200.0,54.13670994284548,0.2757806628563651,🟡 NETRAL,273,0.0,0.015748031496062964,-0.14597815292949362,-1.4922184850545963,29.0
JGLE,50.0,5809769900.0,54.13625650274818,0.2757504335165457,🟡 NETRAL,274,0.03370786516853941,0.06976744186046502,-0.04761904761904756,-0.40097260717876687,25.0
MPOW,105.0,5443290800.0,54.136018860951864,0.27573459073012435,🟡 NETRAL,275,0.09433962264150941,0.30827067669172936,0.18771331058020477,2.5432006282259256,62.06896551724138
ELPI,570.0,297103000.0,54.104731981234465,0.2736487987489646,🟡 NETRAL,276,-0.007633587786259555,0.040000000000000036,0.024428684003152044,-0.7967394855129508,63.15789473684211
RAJA,675.0,54744790500.0,53.96930545310506,0.2646203635403373,🟡 NETRAL,277,0.0,-0.05797101449275366,-0.13391072618254493,0.2178624085220354,28.125
BUDI,222.0,2781400.0,53.95855272046782,0.26390351469785456,🟡 NETRAL,278,0.01948051948051943,0.012903225806451646,-0.02816465490560198,-0.014463868752767435,35.48387096774192
JIHD,402.0,27127600.0,53.95535231411758,0.2636901542745055,🟡 NETRAL,279,0.0,0.0,-0.00818926296633308,-0.6108688276795188,33.33333333333333
SLIS,73.0,1295556100.0,53.943374149267065,0.26289160995113753,🟡 NETRAL,280,0.0,-0.05228758169934644,-0.09431605246720796,-0.3910296943231776,41.463414634146346
RUIS,194.0,31358500.0,53.93092942056566,0.26206196137104387,🟡 NETRAL,281,0.05590062111801242,0.00591715976331364,-0.06387665198237882,-1.0817178425775305,36.76470588235295
KICI,270.0,160128000.0,53.92032281010004,0.2613548540066691,🟡 NETRAL,282,0.0,0.005747126436781658,-0.034482758620689655,-0.481620463358532,25.000000000000014
DEWA,346.0,92659852200.0,53.89152271185145,0.2594348474567634,🟡 NETRAL,283,0.037735849056603765,0.07843137254901955,0.009174311926605505,-0.2672825562855801,42.10526315789474
OPMS,92.0,222487000.0,53.8726435581843,0.25817623721228655,🟡 NETRAL,284,0.050000000000000044,0.016129032258064502,-0.08496732026143783,-0.48818047015389,31.818181818181827
CPRO,41.0,9919219100.0,53.857956131930095,0.2571970754620062,🟡 NETRAL,285,0.0,-0.04504504504504503,-0.04633378317588844,-0.39791655225536604,42.50000000000001
PMJS,138.0,85185900.0,53.817486393332146,0.25449909288880984,🟡 NETRAL,286,0.035532994923857864,0.09090909090909083,0.09706910459801028,-1.0707188755524946,64.51612903225806
IKAN,80.0,208047800.0,53.77963434109987,0.2519756227399915,🟡 NETRAL,287,-0.010638297872340385,0.08139534883720922,-0.05439755973563797,-0.36342799605537907,37.83783783783784
BSDE,545.0,31725087500.0,53.76836718226226,0.25122447881748416,🟡 NETRAL,288,0.05714285714285716,-0.13953488372093026,-0.20086393088552912,-0.12556090596469702,15.78947368421052
OBAT,222.0,24139400.0,53.7086574327422,0.24724382884948015,🟡 NETRAL,289,0.03333333333333344,-0.015873015873015928,-0.04024767801857585,0.1118728851356538,31.034482758620683
BPFI,238.0,3283200.0,53.673202761896974,0.2448801841264648,🟡 NETRAL,290,0.05147058823529416,0.1439999999999999,0.21083827265029642,0.12600144746425315,75.94936708860759
CGAS,147.0,429786000.0,53.66567683507616,0.2443784556717441,🟡 NETRAL,291,-0.024390243902439046,0.0062893081761006275,-0.030890369473046606,-0.8376420782171179,33.33333333333333
TALF,655.0,31643000.0,53.66071311240715,0.2440475408271434,🟡 NETRAL,292,0.005681818181818121,-0.024793388429752095,-0.12365391756405496,-0.8112468899212586,14.285714285714292
BEER,61.0,522786600.0,53.629101369866675,0.2419400913244448,🟡 NETRAL,293,0.0,0.007194244604316502,-0.0021382751247327964,-0.5679272863640192,43.99999999999999
BWPT,105.0,5047195500.0,53.46759623961082,0.23117308264072128,🟡 NETRAL,294,0.008130081300812941,-0.023622047244094446,-0.06415094339622641,-0.2696763011322986,21.42857142857143
CAKK,156.0,9316600.0,53.46117269539397,0.23074484635959813,🟡 NETRAL,295,0.1282051282051282,0.023255813953488413,-0.1065989847715736,-0.2399741079172871,31.034482758620683
CAMP,161.0,112985800.0,53.40134177145554,0.22675611809703627,🟡 NETRAL,296,0.0,0.07758620689655182,0.021659174499387052,-0.8182777173991043,48.14814814814815
TOTL,1540.0,2052234000.0,53.389608916176,0.22597392774506697,🟡 NETRAL,297,0.04761904761904767,-0.022222222222222254,0.07099391480730223,-0.28654999496448996,63.30275229357798
ADMF,8400.0,541042500.0,53.35982073739838,0.2239880491598918,🟡 NETRAL,298,0.004566210045662045,0.0185185185185186,-0.0006813536225300931,1.4733764624755632,53.33333333333334
HERO,320.0,9225800.0,53.335199496014226,0.22234663306761507,🟡 NETRAL,299,0.018292682926829285,-0.05649717514124297,-0.058624577226606536,-0.9705100545733659,33.33333333333333
MAHA,138.0,507718500.0,53.255025911019125,0.2170017274012749,🟡 NETRAL,300,0.04166666666666674,0.07758620689655182,-0.025341130604288498,-0.5535796775067199,43.33333333333333
KOKA,151.0,597441100.0,53.16810875404995,0.2112072502699971,🟡 NETRAL,301,0.059782608695652106,0.08333333333333326,0.05036358739563692,-0.2210460937451115,58.97435897435897
MYOR,1390.0,5314851000.0,53.144539421830125,0.20963596145534164,🟡 NETRAL,302,0.04444444444444451,0.0,-0.14700544464609802,-0.7651817750404649,20.83333333333333
KRYA,49.0,584659700.0,53.13857472593067,0.2092383150620444,🟡 NETRAL,303,0.03571428571428581,0.0235294117647058,-0.048660470202296364,-0.7027626728315935,41.935483870967744
DRMA,940.0,626008000.0,53.03293276629303,0.20219551775286856,🟡 NETRAL,304,0.011111111111111072,0.026315789473684292,-0.009074410163339383,-1.1047349573454284,47.368421052631575
EMTK,396.0,17500115200.0,53.01046441643389,0.20069762776225913,🟡 NETRAL,305,0.08000000000000007,-0.0357142857142857,-0.05329593267882184,-0.2930010397476342,43.66197183098591
BMAS,478.0,107011200.0,52.98074498522535,0.19871633234835667,🟡 NETRAL,306,0.025423728813559254,-0.024193548387096753,-0.07704042715484359,0.7167659645019364,20.0
BBNI,3460.0,92258447000.0,52.94850952659018,0.1965673017726785,🟡 NETRAL,307,0.0,-0.018867924528301883,-0.007633587786259515,-0.38367704789475865,47.82608695652174
KKGI,292.0,670740000.0,52.90662035229332,0.19377469015288776,🟡 NETRAL,308,0.24905660377358485,0.32400000000000007,0.4227380184826993,1.0133835438676297,73.81818181818181
IPCC,1055.0,825868000.0,52.888060655926026,0.192537377061735,🟡 NETRAL,309,0.004255319148936065,0.0,-0.00010592098294674582,-0.33346526237662283,51.44927536231884
SULI,76.0,100921400.0,52.85794175123686,0.19052945008245717,🟡 NETRAL,310,0.03896103896103886,0.012658227848101333,-0.0703079604880883,-0.5686031512551784,34.61538461538463
PBSA,755.0,662283000.0,52.73058407385112,0.18203893825674128,🟡 NETRAL,311,0.0535714285714286,0.09259259259259256,0.07468123861566485,-0.32450737600899704,53.846153846153854
MKTR,121.0,141102600.0,52.707409837584564,0.18049398917230436,🟡 NETRAL,312,0.0,-0.022346368715083775,-0.029664541169947295,-0.5187850180752527,41.935483870967744
DGWG,324.0,3160096200.0,52.69975242228199,0.1799834948187991,🟡 NETRAL,313,-0.017857142857142905,-0.03508771929824561,-0.05606407322654462,-0.5322049914302642,26.66666666666667
CITY,163.0,39494800.0,52.69390549837407,0.17959369989160465,🟡 NETRAL,314,0.03105590062111796,-0.011904761904761862,-0.07649513212795549,-0.7255250067369933,27.08333333333333
DEFI,91.0,3366045000.0,52.671425299276414,0.17809501995176075,🟡 NETRAL,315,0.011194029850746245,-0.06872852233676974,-0.1329387298032315,-0.633855903383491,28.57142857142857
MHKI,119.0,50801800.0,52.66066774981832,0.1773778499878882,🟡 NETRAL,316,0.03289473684210531,0.08275862068965512,-0.07045589105979873,-0.17898806003581055,37.3134328358209
IPCM,282.0,255986800.0,52.633045264611674,0.17553635097411152,🟡 NETRAL,317,0.06134969325153383,0.11612903225806459,0.07821751324400125,1.4645787637899155,67.74193548387098
GTRA,260.0,163167600.0,52.62641652321431,0.1750944348809542,🟡 NETRAL,318,0.031175059952038398,-0.022727272727272707,-0.06805374945817079,-1.017812669530639,39.63414634146341
BINA,4030.0,1645778000.0,52.57480641557099,0.17165376103806596,🟡 NETRAL,319,0.00366300366300365,0.03007518796992481,-0.025777777777777778,-1.581404823562127,25.714285714285722
IFII,208.0,15920200.0,52.562157032347045,0.17081046882313639,🟡 NETRAL,320,0.024242424242424176,0.005952380952380931,-0.04788732394366197,0.41964476399533723,24.242424242424235
NOBU,510.0,695834500.0,52.52047917082299,0.16803194472153238,🟡 NETRAL,321,-0.006896551724137945,-0.023728813559321993,-0.021739130434782608,-0.40957986697242926,46.25
FWCT,78.0,59211000.0,52.50303895973896,0.16686926398259724,🟡 NETRAL,322,0.025210084033613356,0.008264462809917328,-0.026725169525329034,1.1407839483385764,36.8421052631579
WIRG,58.0,2427887000.0,52.48596018327533,0.16573067888502227,🟡 NETRAL,323,0.011811023622047223,-0.02651515151515149,-0.058090525929998166,-0.6505094539313814,40.22988505747126
IKPM,175.0,21507700.0,52.460440886576066,0.16402939243840464,🟡 NETRAL,324,0.01526717557251911,-0.0699300699300699,-0.15043117214947307,-0.8968379332933788,28.787878787878796
ESSA,585.0,19490445500.0,52.42036622828457,0.16135774855230478,🟡 NETRAL,325,0.012422360248447228,0.021943573667711602,-0.043146463164073966,-1.1147167596087741,36.708860759493675
MINA,216.0,15198590600.0,52.4151280580476,0.16100853720317357,🟡 NETRAL,326,-0.014388489208633115,0.07874015748031504,0.005135730007336674,-0.34280362665624475,48.14814814814815
INCO,4300.0,39081414000.0,52.38068018959759,0.15871201263983958,🟡 NETRAL,327,0.1151079136690647,0.09929078014184389,0.020408163265306083,2.224056965336944,48.78048780487806
LAND,56.0,555253500.0,52.35607617853968,0.15707174523597855,🟡 NETRAL,328,0.014705882352941124,-0.028169014084507005,-0.04399030135088327,1.5383009793847646,22.727272727272734
KIOS,80.0,739150600.0,52.32909466112135,0.15527297740809,🟡 NETRAL,329,-0.14948453608247425,-0.19512195121951215,0.00426049908703584,-0.21844979430404696,51.49700598802396
TBLA,605.0,526033000.0,52.28310982359899,0.15220732157326616,🟡 NETRAL,330,0.029713114754098324,0.013104838709677491,-0.02256370355961875,0.07316917737917336,41.228070175438596
HATM,530.0,3767783800.0,52.272052391228335,0.15147015941522216,🟡 NETRAL,331,0.021739130434782705,0.0,-0.19382504288164662,-0.8880261538750962,25.714285714285722
PNBS,42.0,218680000.0,52.26370126928025,0.15091341795201638,🟡 NETRAL,332,0.024271844660194164,-0.027649769585253448,-0.038067016184180534,-0.07182666249028513,31.42857142857143
DOID,214.0,455964600.0,52.244588262702216,0.14963921751348086,🟡 NETRAL,333,0.0071428571428571175,-0.007042253521126751,-0.019812304483837292,-0.2805609129551281,38.888888888888886
BRRC,50.0,152527000.0,52.206284830291544,0.14708565535276982,🟡 NETRAL,334,0.0,-0.017699115044247815,-0.032679738562091505,-0.05925849434462934,39.99999999999999
ENAK,192.0,130768200.0,52.123023662240115,0.1415349108160079,🟡 NETRAL,335,0.03333333333333344,0.07514450867052025,0.020296215030169987,0.8781172594206154,51.61290322580645
FIRE,108.0,685824000.0,52.11849908736979,0.14123327249131934,🟡 NETRAL,336,0.006329113924050667,-0.10169491525423724,-0.18918918918918917,-0.6873658671639243,30.8411214953271
MTDL,500.0,187146500.0,52.10380293607521,0.14025352907168084,🟡 NETRAL,337,-0.013333333333333308,-0.008928571428571397,-0.052901023890784986,-1.0503807148890971,33.9622641509434
DOSS,165.0,135121400.0,52.09930180935298,0.13995345395686556,🟡 NETRAL,338,0.0,0.026666666666666616,-0.08821788040260513,-0.7884106694792563,16.666666666666657
TOBA,472.0,1951458400.0,52.04528587165344,0.13635239144356293,🟡 NETRAL,339,0.03535353535353525,0.04060913705583746,-0.019138755980861243,1.914910954283079,33.33333333333333
KEEN,850.0,6802005000.0,52.01026856147936,0.1340179040986236,🟡 NETRAL,340,0.02020202020202011,0.015075376884422065,-0.033955045432807245,-0.7873215303574829,30.555555555555557
NINE,78.0,526144800.0,52.00860863350446,0.13390724223363065,🟡 NETRAL,341,0.003816793893129722,-0.029520295202952074,-0.07735485002631118,-0.7924717004414068,29.870129870129873
KBLV,105.0,376750700.0,51.98425298568246,0.1322835323788307,🟡 NETRAL,342,0.011904761904761862,-0.004878048780487809,-0.010813169761916307,-0.6354148102076944,43.28358208955223
OMED,212.0,2931476200.0,51.96141382774276,0.1307609218495171,🟡 NETRAL,343,0.032163742690058506,0.06969696969696959,-0.0032472116334886347,-0.6839358793021372,42.96875
NATO,1050.0,309780000.0,51.9517785779728,0.13011857186485343,🟡 NETRAL,344,0.012195121951219523,0.05063291139240511,-0.05895691609977327,-0.5909477212692473,42.857142857142854
GULA,785.0,12473066500.0,51.93979774417833,0.12931984961188836,🟡 NETRAL,345,0.06730769230769229,0.0,-0.019001325673884274,-0.19790272454034977,37.93103448275862
CMNP,1425.0,1530309500.0,51.90965429820731,0.12731028654715393,🟡 NETRAL,346,-0.11931818181818177,-0.08284023668639051,-0.06174334140435829,0.5646691698720921,52.05479452054795
KMDS,515.0,43621000.0,51.9033545722784,0.12689030481856003,🟡 NETRAL,347,0.033557046979865834,0.026666666666666616,-0.02439024390243899,-0.5483997201796036,51.388888888888886
RLCO,4130.0,1001819000.0,51.89162449036043,0.12610829935736192,🟡 NETRAL,348,0.0,0.021126760563380254,-0.06961822264998396,-0.5361669152025456,17.5
JELI,430.0,3171401800.0,51.85990287301786,0.12399352486785746,🟡 NETRAL,349,0.08045977011494254,0.0,0.018050541516245487,-0.3384923592046575,58.8235294117647
INOV,137.0,190878900.0,51.809038703157356,0.12060258021049025,🟡 NETRAL,350,0.09137055837563457,0.04878048780487809,-0.0893689114781872,0.48061471102105996,36.53846153846153
PGEO,975.0,6903846500.0,51.774132812329434,0.1182755208219623,🟡 NETRAL,351,0.08695652173913038,0.0,-0.23195084485407058,-1.334558353979639,19.04761904761905
SIMP,575.0,3322592000.0,51.76266478264793,0.11751098550986207,🟡 NETRAL,352,0.015151515151515138,0.004999999999999893,-0.0485207100591716,-0.6952429350181556,21.42857142857143
ITIC,202.0,13382000.0,51.73284826201696,0.11552321746779744,🟡 NETRAL,353,0.025316455696202445,0.012499999999999956,-0.021739130434782573,-1.2044520959041214,38.888888888888886
DPUM,113.0,4613614400.0,51.71086520000367,0.1140576800002447,🟡 NETRAL,354,0.007518796992481258,-0.02898550724637683,-0.08646744688103625,-1.369752645463023,22.340425531914903
TSPC,2650.0,1176579000.0,51.68713077246891,0.11247538483126061,🟡 NETRAL,355,0.0,0.008695652173912993,0.019332161687170474,0.2168907563852968,90.0
UANG,3640.0,723340000.0,51.67983045365177,0.1119886969101179,🟡 NETRAL,356,0.023622047244094446,-0.03345724907063197,-0.06826733560293854,2.090855998109184,24.52830188679245
HRTA,2200.0,28145501000.0,51.64187862927227,0.10945857528481814,🟡 NETRAL,357,-0.017094017094017144,-0.017094017094017144,-0.031171019376579612,-0.6620050260490125,33.33333333333333
HOKI,44.0,1424793600.0,51.55563896628217,0.1037092644188111,🟡 NETRAL,358,0.0,0.009803921568627416,-0.05047245909195662,-0.2874745681839711,32.5
PAMG,47.0,153120200.0,51.54472426631035,0.1029816177540231,🟡 NETRAL,359,0.05128205128205132,-0.03529411764705881,-0.09542195256480976,1.6117910396396076,29.629629629629633
APII,191.0,8027600.0,51.529653104194786,0.10197687361298595,🟡 NETRAL,360,0.011235955056179803,0.034482758620689724,0.016088060965283625,-0.546265266125994,28.57142857142857
SNLK,234.0,3437855000.0,51.52946279217518,0.10196418614501225,🟡 NETRAL,361,0.011299435028248483,0.0718562874251496,0.006466123137475433,-0.34610862785478236,35.18518518518519
SSMS,1055.0,8874667000.0,51.47789405937324,0.09852627062488256,🟡 NETRAL,362,0.03960396039603964,0.050000000000000044,-0.10409556313993176,-0.997998207502003,24.390243902439025
PNIN,670.0,84719000.0,51.46316900881422,0.09754460058761479,🟡 NETRAL,363,0.244131455399061,0.3184079601990051,0.3289869608826479,3.6260506048091465,78.99159663865547
NAIK,83.0,82733200.0,51.44144463594025,0.09609630906268331,🟡 NETRAL,364,0.011904761904761862,0.017964071856287456,-0.03051040775591674,0.37704694958535395,25.925925925925924
BUAH,484.0,224683200.0,51.433757568837144,0.09558383792247614,🟡 NETRAL,365,0.02586206896551735,0.0,-0.002514668901927913,-0.7502126142306907,50.0
BFIN,930.0,18648166500.0,51.406452791487794,0.09376351943251979,🟡 NETRAL,366,-0.005347593582887722,-0.07462686567164178,-0.019245979435802793,0.5004645357722587,52.87356321839081
NTBK,66.0,860495400.0,51.374373059180066,0.09162487061200443,🟡 NETRAL,367,0.0,-0.08163265306122447,-0.051633298208640634,-0.42622482492930297,49.137931034482754
INTD,330.0,636508800.0,51.3684172588394,0.09122781725596003,🟡 NETRAL,368,0.07284768211920523,-0.052631578947368474,-0.08835115362971294,2.4216810693687103,35.80246913580247
AKSI,342.0,117856800.0,51.32934317236682,0.08862287815778817,🟡 NETRAL,369,0.05154639175257736,0.2142857142857142,0.07227332457293036,1.7107388548661138,55.55555555555556
PRDL,188.0,1950706900.0,51.32186037637397,0.08812402509159803,🟡 NETRAL,370,0.03896103896103886,0.12676056338028174,-0.11699779249448118,-0.4369356600605206,25.000000000000014
ANJT,1535.0,8603000.0,51.30296704927642,0.08686446995176124,🟡 NETRAL,371,0.01379310344827589,-0.125,-0.07343208320201705,-0.46424483872346395,26.530612244897966
BRMS,600.0,115105741500.0,51.29808007279671,0.08653867151978063,🟡 NETRAL,372,0.020979020979021046,0.020979020979021046,-0.04450261780104719,-0.7235379477332716,38.46153846153846
BTPS,940.0,2893763000.0,51.23670291684039,0.08244686112269288,🟡 NETRAL,373,0.02777777777777768,0.08823529411764697,-0.06269791006966438,-0.737072226595567,35.71428571428572
BREN,2950.0,23546048000.0,51.21602098240814,0.08106806549387592,🟡 NETRAL,374,0.034482758620689724,0.04166666666666674,0.005025125628140704,-1.0081016800577844,42.857142857142854
MEDC,1405.0,24594828500.0,51.206327535000916,0.08042183566672767,🟡 NETRAL,375,0.0,0.026315789473684292,-0.021739130434782563,-0.24914488447193173,43.47826086956522
AMIN,258.0,15732600.0,51.20427132826396,0.08028475521759694,🟡 NETRAL,376,0.009803921568627416,-0.009615384615384581,-0.009615384615384616,-0.6634599982038814,33.33333333333333
CMRY,4430.0,2810342000.0,51.186035541205705,0.07906903608038014,🟡 NETRAL,377,0.008403361344537785,-0.040000000000000036,-0.04076738609112705,-0.6123509060701315,35.0
CTRA,540.0,5726428500.0,51.15285518854651,0.07685701256976718,🟡 NETRAL,378,-0.00588235294117645,-0.00588235294117645,-0.03428571428571429,-0.5589966457080303,34.61538461538463
ESTI,150.0,557892200.0,51.14820081545572,0.07654672103038163,🟡 NETRAL,379,0.09278350515463907,0.06000000000000005,-0.06566769501983255,-0.45385140459611273,31.48148148148148
CARE,376.0,198066400.0,51.0376080421089,0.0691738694739265,🟡 NETRAL,380,0.03424657534246567,0.01342281879194629,-0.13590844062947066,-0.4504894441940886,30.612244897959187
INKP,8150.0,16059155000.0,50.96805186151837,0.06453679076789137,🟡 NETRAL,381,0.005154639175257714,-0.010152284263959421,-0.029126213592232983,-0.3717520533756389,37.93103448275862
EMMI,418.0,1405514600.0,50.927255902005044,0.061817060133669645,🟡 NETRAL,382,0.032467532467532534,-0.06470588235294117,-0.1344583560152422,-0.006825009430776431,22.22222222222223
SPTO,605.0,619243000.0,50.92312877355737,0.06154191823715823,🟡 NETRAL,383,0.0,0.0,-0.29218106995884774,-0.589887795113078,18.867924528301884
SWID,106.0,770760700.0,50.89205401185632,0.05947026745708777,🟡 NETRAL,384,0.10185185185185186,0.11214953271028039,0.03839441535776619,2.8643102517138272,54.54545454545455
SDRA,206.0,140739200.0,50.86774184388711,0.05784945625914072,🟡 NETRAL,385,0.042553191489361764,0.0652173913043479,-0.17369308600337263,-0.7898983510124814,22.85714285714286
BUMI,178.0,267614780400.0,50.832170459076025,0.055478030605068486,🟡 NETRAL,386,-0.004784688995215336,0.1063829787234043,0.024630541871921183,-0.3423429866406209,54.90196078431373
AGRO,136.0,472528800.0,50.80858100361118,0.053905400240745215,🟡 NETRAL,387,0.04651162790697683,0.0714285714285714,-0.06347554630593126,-0.628786850963631,40.74074074074074
KIJA,162.0,96721917100.0,50.80289549836274,0.05352636655751576,🟡 NETRAL,388,-0.0092592592592593,0.07000000000000006,-0.08858603066439527,-1.0325905593064337,27.08333333333333
DOOH,352.0,60887047600.0,50.76987713811752,0.051325142541168135,🟡 NETRAL,389,0.06849315068493156,0.06849315068493156,-0.05167173252279635,0.13678800879459463,38.70967741935484
BBRM,108.0,226188400.0,50.71204785951474,0.04746985730098246,🟡 NETRAL,390,0.05555555555555558,0.036363636363636376,-0.12442396313364047,-1.4205273990721818,30.30303030303031
MDKA,2920.0,100967313000.0,50.63782879952542,0.04252191996836162,🟡 NETRAL,391,0.05660377358490565,0.0,-0.15343915343915351,-0.3533831147550371,34.0
KLAS,74.0,258150100.0,50.626437462253925,0.04176249748359496,🟡 NETRAL,392,0.02777777777777768,0.013698630136986356,-0.04269081500646827,-0.47257028967416465,41.379310344827594
EPAC,47.0,1847564800.0,50.56909641299849,0.037939760866565864,🟡 NETRAL,393,0.0,-0.03157894736842104,-0.10331384015594537,-0.5463519580502072,24.13793103448276
DILD,110.0,903472300.0,50.558162653427196,0.03721084356181328,🟡 NETRAL,394,0.0,-0.2093023255813954,-0.22771152754116977,-0.1961788728579884,17.567567567567565
PSSI,358.0,151844400.0,50.47002910290781,0.031335273527187416,🟡 NETRAL,395,0.0,0.08609271523178808,-0.05611510791366906,-0.5280568523128518,29.629629629629633
IATA,94.0,13887370500.0,50.41141462879299,0.02742764191953289,🟡 NETRAL,396,-0.03809523809523807,0.02020202020202011,-0.051643192488262914,2.5479997193540975,40.90909090909091
MTWI,260.0,3276400.0,50.40617488996753,0.027078325997835218,🟡 NETRAL,397,0.006369426751592355,-0.018633540372670843,-0.019851116625310104,-0.4542979656263942,45.45454545454545
AGII,3260.0,392252000.0,50.368491797073325,0.02456611980488819,🟡 NETRAL,398,-0.050000000000000044,-0.06557377049180324,-0.07915993537964457,0.9430749835811536,36.8421052631579
ZATA,53.0,1291255400.0,50.35354991345861,0.023569994230573856,🟡 NETRAL,399,-0.009803921568627416,0.010000000000000009,-0.09660107334525939,-0.10246792469828692,11.999999999999986
NELY,193.0,110416600.0,50.24050054988588,0.016033369992391865,🟡 NETRAL,400,0.009345794392523255,-0.018181818181818188,0.0011587485515643105,-0.6844728746255057,50.0
DATA,1570.0,1107937000.0,50.23573412133148,0.01571560808876558,🟡 NETRAL,401,0.0,0.09302325581395343,-0.11737089201877934,-0.7432850373568337,25.0
INPP,690.0,98010000.0,50.196147717596666,0.013076514506444637,🟡 NETRAL,402,0.0,-0.03738317757009346,-0.09050772626931568,-0.9785933364703194,24.0
ASRI,117.0,373678600.0,50.18510626827774,0.012340417885182949,🟡 NETRAL,403,0.0,0.006349206349206327,-0.007358697354000313,-0.3493364918910417,42.55319148936171
PJHB,157.0,285806000.0,50.14507049552991,0.009671366368660598,🟡 NETRAL,404,0.049180327868852514,0.10344827586206895,-0.14151576123407106,2.649130904872773,31.111111111111114
LSIP,1480.0,9949561500.0,50.08825827062653,0.005883884708435651,🟡 NETRAL,405,0.018867924528301883,0.03846153846153855,0.007462686567164152,-0.5777307778139801,45.45454545454546
NZIA,154.0,891218400.0,49.95705505549395,-0.002862996300402982,🟡 NETRAL,406,0.01718213058419238,-0.013333333333333308,-0.07644305772230889,-0.8822484288297335,24.691358024691354
HALO,63.0,233656800.0,49.88075542864043,-0.007949638090638271,🟡 NETRAL,407,0.005555555555555536,-0.026881720430107503,-0.07864596589462967,-0.3597055863634111,23.404255319148945
LABS,156.0,557225100.0,49.87206596029329,-0.008528935980447287,🟡 NETRAL,408,-0.01834862385321101,0.0,-0.06181499342393685,-0.7746234241214145,33.33333333333333
TPMA,452.0,620135200.0,49.861940576358435,-0.009203961576104118,🟡 NETRAL,409,-0.046875,-0.054263565891472854,-0.26748724106874816,-0.100815340936637,28.155339805825236
ASSA,585.0,1696756000.0,49.86021977732863,-0.009318681511424667,🟡 NETRAL,410,0.014705882352941124,0.007299270072992803,-0.031239031239031163,-0.3370071264669646,39.285714285714285
KUAS,90.0,608492100.0,49.79770623404782,-0.013486251063478498,🟡 NETRAL,411,0.015873015873015817,0.02400000000000002,-0.02735562310030395,-0.16564029492081,40.0
GSMF,92.0,263347500.0,49.7472683619939,-0.01684877586707322,🟡 NETRAL,412,-0.01538461538461533,0.0,-0.034326669181440964,-1.6592674732931425,48.717948717948715
GEMA,83.0,220393300.0,49.73279161438484,-0.017813892374344192,🟡 NETRAL,413,0.0033670033670034627,-0.03870967741935483,0.02282478119100738,-1.1869386417248293,69.81132075471697
PANI,4660.0,30139314000.0,49.687595515058945,-0.020826965662736837,🟡 NETRAL,414,0.03896103896103886,0.02127659574468077,0.04008667388949079,0.7381055180917226,56.33802816901409
CINT,193.0,203893200.0,49.64197401689524,-0.023868398873650873,🟡 NETRAL,415,0.03846153846153855,-0.37209302325581395,-0.39529675251959684,0.5139499054454131,4.0
LIVE,164.0,110460500.0,49.61299204108955,-0.02580053059403008,🟡 NETRAL,416,0.010152284263959421,-0.03398058252427183,-0.007976071784646033,-0.4791940673808045,52.272727272727266
BUKK,990.0,9384500.0,49.58577083995946,-0.027615277336035894,🟡 NETRAL,417,0.0,-0.023809523809523836,-0.03769986797711603,-0.9047379382429072,42.666666666666664
CASS,1820.0,111061000.0,49.58238963444996,-0.027840691036669092,🟡 NETRAL,418,0.025531914893617058,-0.028225806451612878,-0.05453118870145157,-0.6880566413230083,46.19565217391304
BCIP,55.0,30769300.0,49.52796033364856,-0.03146931109009593,🟡 NETRAL,419,0.21212121212121215,0.5224913494809689,0.4647137150466045,2.607296894921622,96.8944099378882
BRPT,1485.0,65275262000.0,49.50805013624683,-0.0327966575835447,🟡 NETRAL,420,0.05555555555555558,-0.13636363636363635,-0.018721755971594613,-0.5062636050541434,50.314465408805034
SMGR,1520.0,9584728500.0,49.46072252241201,-0.03595183183919907,🟡 NETRAL,421,-0.008695652173912993,0.036363636363636376,-0.11284046692607004,-0.1559155647021157,32.65306122448979
ITMA,1315.0,3267500.0,49.45556469566776,-0.03629568695548275,🟡 NETRAL,422,0.0,0.01538461538461533,-0.024390243902439105,1.5216124504752293,25.0
AMOR,364.0,50096600.0,49.44526295619073,-0.03698246958728479,🟡 NETRAL,423,0.0,-0.01898734177215189,-0.16284093977855796,-0.7648743031685272,21.904761904761912
MEDS,75.0,2261335800.0,49.411869656294485,-0.039208689580367495,🟡 NETRAL,424,-0.021164021164021163,-0.021164021164021163,-0.022457067371202115,-1.0551950741233294,38.095238095238095
GZCO,170.0,824357700.0,49.37912272173298,-0.04139181855113427,🟡 NETRAL,425,0.024561403508772006,0.0,-0.007983692882622727,-0.3586725228996811,56.9620253164557
MLPL,78.0,772155400.0,49.35398204653047,-0.043067863564635246,🟡 NETRAL,426,0.005154639175257714,0.026315789473684292,0.005932421975754479,-0.40192156772016774,50.0
BSIM,965.0,75107500.0,49.31433424701576,-0.045711050198949346,🟡 NETRAL,427,0.009708737864077666,0.019607843137254832,0.006289308176100684,-0.8641283506765621,54.54545454545455
AMAG,386.0,16398600.0,49.301751589468964,-0.04654989403540238,🟡 NETRAL,428,0.10526315789473695,-0.023255813953488413,-0.10160427807486631,0.013839045417839143,31.818181818181827
PALM,278.0,1619400.0,49.29870774060456,-0.04675281729302912,🟡 NETRAL,429,0.021818181818181737,-0.06020066889632103,-0.056255247691015954,-1.2921113496392604,29.48717948717949
PIPA,144.0,3419283200.0,49.2788638403994,-0.04807574397337302,🟡 NETRAL,430,0.013513513513513598,0.05633802816901401,-0.0729295426452411,-0.43642541036110316,42.22222222222222
GGRM,17000.0,13174987500.0,49.26044572018674,-0.049303618654217604,🟡 NETRAL,431,0.0,0.02638522427440626,-0.0037136637213471637,-0.019233492841877475,47.22222222222223
PGAS,1410.0,33807670000.0,49.233445201427394,-0.05110365323817372,🟡 NETRAL,432,0.04511278195488733,-0.1146496815286624,0.10361254466057956,0.009035738715375736,60.68376068376069
CASH,250.0,353786400.0,49.189750355852745,-0.05401664294315048,🟡 NETRAL,433,0.019230769230769162,0.019230769230769162,-0.07423580786026202,-0.464651760385884,24.13793103448276
CFIN,354.0,159477000.0,49.14574000445653,-0.05695066636956463,🟡 NETRAL,434,-0.07070707070707072,-0.07999999999999996,-0.06796116504854369,-0.18160013741152373,41.83673469387755
DWGL,218.0,393793600.0,49.0885046745457,-0.060766355030286656,🟡 NETRAL,435,0.030612244897959107,0.2168674698795181,0.17510180337405465,-0.765513736262132,61.15702479338843
ICON,135.0,3261127000.0,49.079600497287444,-0.06135996684750367,🟡 NETRAL,436,0.00694444444444442,0.0,0.0368251698248123,0.7213355457588665,68.18181818181819
LAJU,57.0,368196800.0,48.992834967758306,-0.06714433548277975,🟡 NETRAL,437,0.0,0.017094017094017033,-0.06703253626029006,-1.0730571002908131,25.925925925925924
SMSM,1685.0,1946075000.0,48.96165613470869,-0.0692229243527538,🟡 NETRAL,438,0.03813559322033888,-0.02970297029702973,-0.06639992378774892,-0.4986072553487736,37.991266375545855
TIFA,326.0,1029139600.0,48.95341333303411,-0.06977244446439225,🟡 NETRAL,439,0.016000000000000014,-0.015503875968992276,-0.035687167805618744,-0.12421692365201256,20.0
YELO,80.0,3541822300.0,48.927827608265744,-0.07147815944895047,🟡 NETRAL,440,0.0239520958083832,0.020895522388059806,-0.028132992327365727,-0.6671784740345101,30.769230769230774
BACH,360.0,3506682600.0,48.87367424087171,-0.07508838394188624,🟡 NETRAL,441,0.04854368932038833,0.03846153846153855,-0.09623430962343096,1.1182748433324332,22.727272727272734
TMAS,128.0,687088100.0,48.80738208645748,-0.07950786090283482,🟡 NETRAL,442,0.014705882352941124,0.045454545454545414,-0.033951697584879204,-0.6856416437158066,31.578947368421055
CBRE,725.0,6121578500.0,48.80469738283043,-0.07968684114463799,🟡 NETRAL,443,0.25,0.33587786259541974,0.2811127379209371,3.150020915128975,71.17117117117118
WTON,70.0,92365500.0,48.75211119317124,-0.08319258712191745,🟡 NETRAL,444,0.004405286343612369,0.01333333333333342,0.015138023152270703,0.23213683250992373,53.33333333333333
CDIA,585.0,15309224000.0,48.74917240961064,-0.08338850602595776,🟡 NETRAL,445,0.01680672268907557,-0.016260162601625994,-0.015459723352319004,1.433138657782581,38.46153846153846
DEPO,234.0,100682200.0,48.72360250056265,-0.08509316662915688,🟡 NETRAL,446,-0.0036496350364964014,0.0,-0.0010976948408342481,-0.5504155638273299,52.38095238095237
BPTR,71.0,144895900.0,48.71478666026469,-0.08568088931568724,🟡 NETRAL,447,0.028301886792452935,0.03809523809523818,0.010194624652455924,2.03300576899201,54.54545454545455
BMRI,4100.0,355891037000.0,48.69020309893748,-0.08731979340416808,🟡 NETRAL,448,0.054054054054053946,0.08333333333333326,-0.06080674292594819,-0.9995078529687326,32.25806451612904
INDO,169.0,4793411300.0,48.650156206098266,-0.0899895862601155,🟡 NETRAL,449,-0.005291005291005346,-0.025906735751295318,-0.14017836725360164,-0.5118574606699096,29.896907216494853
WIIM,1485.0,1823470000.0,48.560585477156515,-0.09596096818956562,🟡 NETRAL,450,0.005434782608695565,0.033519553072625774,0.05835240274599542,-1.4864173085125034,88.23529411764706
MPMX,1020.0,4324733000.0,48.43665838127984,-0.10422277458134384,🟡 NETRAL,451,0.0,-0.013513513513513487,-0.041680341319330454,0.18623167297291437,43.75
MICE,490.0,15415800.0,48.42629967400928,-0.10491335506604786,🟡 NETRAL,452,0.03361344537815136,0.04237288135593231,-0.256797583081571,-0.7997706655818146,16.239316239316253
NSSS,740.0,1993349500.0,48.369387783145,-0.1087074811236664,🟡 NETRAL,453,0.01904761904761898,0.18888888888888888,0.17647058823529407,0.34447559797930927,71.7948717948718
RICY,69.0,119110800.0,48.3599793616627,-0.1093347092224866,🟡 NETRAL,454,0.060538116591928315,0.03956043956043964,-0.04017857142857143,0.500213582112138,39.244186046511636
TYRE,109.0,20433200.0,48.34964856219795,-0.1100234291868036,🟡 NETRAL,455,0.16666666666666674,0.12562814070351758,0.2619718309859155,-0.09118828019603534,61.07784431137724
KETR,930.0,58719221500.0,48.32631348047661,-0.11157910130155951,🟡 NETRAL,456,0.0049261083743843415,0.0049261083743843415,-0.004878048780487805,1.2830726666906165,50.0
JKON,81.0,160499600.0,48.314610881102475,-0.1123592745931682,🟡 NETRAL,457,0.0714285714285714,0.050000000000000044,-0.031365313653136585,3.7736513350103666,33.33333333333333
MORA,4730.0,986639000.0,48.312415436058345,-0.11250563759611014,🟡 NETRAL,458,-0.05384615384615388,0.10810810810810811,0.2436804853387259,0.46767465046284873,73.33333333333333
YPAS,1210.0,28019500.0,48.30314919248623,-0.11312338716758438,🟡 NETRAL,459,0.02564102564102555,0.11731843575418988,0.0658140154543032,0.3237249470908052,55.73770491803278
UNTR,25600.0,97649527500.0,48.28174472042073,-0.11455035197195094,🟡 NETRAL,460,0.02586206896551735,-0.07751937984496127,-0.2119205298013245,-1.0223454312988136,27.5
AYLS,178.0,828003200.0,48.26381443591292,-0.11574570427247188,🟡 NETRAL,461,-0.0055248618784530246,0.022727272727272707,-0.28415191887055075,-1.423868617165927,21.359223300970868
GRIA,160.0,353991900.0,48.26105144606937,-0.11592990359537572,🟡 NETRAL,462,0.017857142857142794,0.017857142857142794,0.03856665654418463,0.641769186946229,59.57446808510638
LPPF,1585.0,1965923000.0,48.22417610965338,-0.11838825935644151,🟡 NETRAL,463,0.022727272727272707,-0.021739130434782594,-0.26350245499181674,-0.40991250419851816,13.513513513513516
PEVE,318.0,406486600.0,48.20379381199996,-0.11974707920000278,🟡 NETRAL,464,0.0037878787878788955,-0.011194029850746245,-0.020513768249861394,-0.22733723415756987,42.857142857142854
AKPI,520.0,43418000.0,48.17209574434189,-0.12186028371054089,🟡 NETRAL,465,0.004016064257028162,0.004016064257028162,-0.00754267566494643,-1.2542804436804602,30.769230769230774
AMMS,208.0,39286600.0,48.171619418083864,-0.12189203879440905,🟡 NETRAL,466,-0.008968609865470878,-0.026431718061673992,-0.0718185636287274,-1.0806867152472748,26.41509433962264
TINS,4630.0,164150590000.0,48.15769927426984,-0.1228200483820107,🟡 NETRAL,467,0.01449275362318847,0.1382113821138211,0.2163336229365769,-0.46657589102981833,78.68852459016394
MAIN,640.0,734627500.0,48.11796191238773,-0.125469205840818,🟡 NETRAL,468,-0.007633587786259555,0.0,-0.03129657228017876,-0.8040823799936614,43.75
EAST,89.0,51508900.0,48.09130149147779,-0.1272465672348139,🟡 NETRAL,469,0.1428571428571428,0.16239316239316248,0.0763751483973091,1.4790064566147059,54.320987654320994
DNAR,123.0,34840700.0,48.05796460825826,-0.12946902611611616,🟡 NETRAL,470,0.010101010101010166,-0.014778325123152691,-0.048298834166071856,-0.5126159729217349,30.769230769230774
MDLN,42.0,241718100.0,48.029522974946396,-0.13136513500357372,🟡 NETRAL,471,0.014598540145985384,-0.010676156583629859,-0.05151825315591948,-1.2059740772462504,27.65957446808511
BBRI,3120.0,417855509000.0,48.02721027413286,-0.13151931505780895,🟡 NETRAL,472,0.024691358024691468,0.0,-0.06741573033707865,-0.41516321113412097,27.272727272727266
FAST,416.0,3246782800.0,48.00538608403797,-0.13297426106413493,🟡 NETRAL,473,-0.048387096774193505,-0.043243243243243246,-0.070133963750985,-0.49696155616084436,52.333333333333336
NRCA,545.0,3014596500.0,47.94913946562898,-0.13672403562473456,🟡 NETRAL,474,0.055276381909547645,0.050000000000000044,-0.025295892318403342,-0.5261112893748071,52.631578947368425
ALII,705.0,78293500.0,47.92631401744861,-0.13824573217009245,🟡 NETRAL,475,0.09589041095890405,0.26984126984126977,0.09364319890635672,3.8977145013876804,57.89473684210526
LAPD,74.0,2035846600.0,47.90243057583112,-0.13983796161125878,🟡 NETRAL,476,0.0,-0.04519774011299438,-0.07473309608540925,-0.5849089033912707,33.33333333333333
RALS,380.0,268412400.0,47.85822337906028,-0.14278510806264813,🟡 NETRAL,477,0.015789473684210575,0.0,-0.041470076980382395,-0.5778049695292814,11.999999999999986
PSAB,525.0,33995805500.0,47.829770507487375,-0.1446819661675082,🟡 NETRAL,478,0.03921568627450989,0.046052631578947345,0.056127532381268684,1.3964025257938453,69.44444444444444
TAPG,1980.0,15773616000.0,47.75510757503883,-0.1496594949974114,🟡 NETRAL,479,0.06060606060606055,-0.18604651162790697,-0.23664122137404583,0.6068923235441249,10.526315789473685
BOLA,167.0,190206200.0,47.71651605620824,-0.1522322629194505,🟡 NETRAL,480,0.04938271604938271,0.030303030303030276,-0.03381642512077288,-0.22510797024475235,35.71428571428572
UNTD,76.0,656096400.0,47.712959940396786,-0.15246933730688103,🟡 NETRAL,481,0.0,-0.10499999999999998,-0.1676354336200884,-1.1126684501107202,14.285714285714292
LPKR,47.0,3289120900.0,47.710531473849116,-0.1526312350767258,🟡 NETRAL,482,0.005319148936170137,0.010695187165775444,-0.10277711844291482,-0.41248076491115204,20.634920634920633
DIVA,139.0,8070770300.0,47.6826090470269,-0.1544927301982067,🟡 NETRAL,483,0.054054054054053946,-0.0714285714285714,-0.08504398826979472,-1.0090356918748082,41.50943396226415
HEAL,620.0,6987699000.0,47.66263658106219,-0.1558242279291876,🟡 NETRAL,484,0.006211180124223503,0.006211180124223503,-0.055944055944055916,-0.4589179847306986,33.33333333333333
OLIV,50.0,128038800.0,47.62576216132455,-0.158282522578363,🟡 NETRAL,485,0.004065040650406582,-0.008032128514056214,-0.018867924528301886,-1.7641081966907586,26.31578947368422
UFOE,142.0,15607400.0,47.609013079609674,-0.1593991280260218,🟡 NETRAL,486,0.0,-0.02857142857142858,-0.029957203994293864,-0.7466971877355377,48.48484848484849
HGII,140.0,149621100.0,47.566328017595296,-0.16224479882698037,🟡 NETRAL,487,0.0,-0.08333333333333337,-0.16030534351145037,-0.22922601398713577,22.727272727272734
BJBR,760.0,2492086500.0,47.46643512550415,-0.1689043249663901,🟡 NETRAL,488,0.03809523809523818,0.028301886792452935,-0.009541117673784643,-0.0054423336937377605,51.16279069767442
AHAP,94.0,3152445100.0,47.4639715774995,-0.16906856150003324,🟡 NETRAL,489,0.034965034965035,0.08029197080291972,-0.028871391076115485,-0.5910323187947004,46.3768115942029
IBOS,87.0,135210200.0,47.407854445268875,-0.17280970364874154,🟡 NETRAL,490,0.06451612903225801,0.03125,-0.12871287128712872,-0.36517608448275424,25.714285714285722
CBDK,3500.0,4703175000.0,47.359958621408815,-0.1760027585727456,🟡 NETRAL,491,0.06944444444444442,0.0547945205479452,-0.09385113268608408,-0.3669310442113885,22.22222222222223
MIKA,1710.0,492008000.0,47.326977333063724,-0.17820151112908486,🟡 NETRAL,492,0.02499999999999991,0.0,-0.1077257889009793,-0.9369678284010813,33.33333333333333
PGJO,845.0,475796000.0,47.310070933876545,-0.17932860440823037,🟡 NETRAL,493,0.0183486238532109,0.0,-0.05249679897567226,-0.570515505794448,34.61538461538463
ASII,4750.0,281717260000.0,47.226620686602686,-0.1848919542264875,🟡 NETRAL,494,0.028089887640449396,-0.051813471502590636,-0.05815748841996918,-0.37533639191023455,34.42622950819671
INTP,5025.0,6109039000.0,47.223416426713875,-0.18510557155240842,🟡 NETRAL,495,0.03472222222222232,0.020547945205479534,-0.0165016501650165,-0.5070614759247958,37.77777777777778
SBMA,110.0,66986100.0,47.19404341674293,-0.18706377221713816,🟡 NETRAL,496,0.030612244897959107,0.010000000000000009,-0.09090909090909086,-0.7949862900611051,21.42857142857143
NICE,340.0,563388800.0,47.11068824423584,-0.19262078371761082,🟡 NETRAL,497,0.04166666666666674,0.020408163265306145,-0.10233393177737886,-0.650185919426541,19.04761904761905
ICBP,6825.0,13239987500.0,47.07941406330428,-0.19470572911304806,🟡 NETRAL,498,-0.009345794392523366,-0.009345794392523366,-0.00702576112412178,0.0357077441129152,47.61904761904762
TAMA,190.0,99583000.0,47.07807643154424,-0.19479490456371745,🟡 NETRAL,499,0.03370786516853941,0.03370786516853941,-0.1316658801321378,-0.5839538379022216,21.276595744680847
TOTO,240.0,156852600.0,46.997063735207135,-0.20019575098619097,🟡 NETRAL,500,0.0981308411214954,-0.19658119658119655,-0.06838453914767097,0.713758823649564,46.688741721854306
BBCA,6175.0,551443295000.0,46.987292073611705,-0.2008471950925532,🟡 NETRAL,501,0.0,0.006172839506172867,-0.11581231353403848,-0.9978006773531685,34.09090909090909
WEHA,107.0,120762400.0,46.93599919544695,-0.2042667203035363,🟡 NETRAL,502,0.050000000000000044,-0.023255813953488413,-0.27710843373493976,-0.4633540446373095,8.823529411764696
MAYA,199.0,307350700.0,46.867113388427356,-0.2088591074381761,🟡 NETRAL,503,0.014598540145985384,0.007246376811594235,-0.0313588850174216,-0.9869884140370463,33.33333333333333
ARII,320.0,21391200.0,46.845596193494636,-0.21029358710035762,🟡 NETRAL,504,0.021739130434782705,0.06818181818181812,-0.09002904162633105,-0.4672509388706999,31.818181818181827
UCID,486.0,100398200.0,46.75842894169525,-0.21610473722031678,🟡 NETRAL,505,0.08372093023255811,-0.016877637130801704,-0.09179497174040148,0.18589728156266702,26.666666666666657
BSML,550.0,3679300500.0,46.674530176985826,-0.22169798820094486,🟡 NETRAL,506,-0.00995024875621886,-0.00995024875621886,-0.03233649404327744,-0.8866987731082913,29.411764705882362
PTSN,382.0,375793000.0,46.62730672646886,-0.22484621823540943,🟡 NETRAL,507,-0.003039513677811523,-0.012048192771084376,-0.0056086099742307105,-0.768733246011883,50.0
APEX,179.0,1319658000.0,46.520680925949144,-0.23195460493672387,🟡 NETRAL,508,0.04132231404958686,0.1351351351351351,0.14078768673607964,0.4279005941666448,75.0
VKTR,825.0,43983477500.0,46.504229041302,-0.23305139724653343,🟡 NETRAL,509,0.009615384615384581,0.009615384615384581,0.001430615164520744,-0.1916455146013359,50.0
TNCA,176.0,34598500.0,46.48733024781295,-0.2341779834791367,🟡 NETRAL,510,0.020270270270270174,-0.01948051948051943,-0.008210180623973728,-0.8440733497929904,52.17391304347826
SUPA,490.0,3096694800.0,46.476097643677505,-0.23492682375483276,🟡 NETRAL,511,0.03243243243243232,0.0,0.004998684556695546,-0.44103759063311976,53.19148936170213
CSAP,286.0,35068600.0,46.46947802396648,-0.23536813173556792,🟡 NETRAL,512,0.024844720496894457,0.044303797468354444,0.007326007326007256,-0.9795191371097645,45.45454545454546
SPRE,92.0,192795500.0,46.20913401375954,-0.25272439908269745,🟡 NETRAL,513,0.0,-0.007246376811594235,0.016320474777447986,-0.7558756836243052,63.333333333333336
TKIM,7200.0,4926772500.0,46.204179613035855,-0.2530546924642762,🟡 NETRAL,514,-0.014285714285714235,-0.0547945205479452,-0.051872208862933776,-0.29816184169492455,34.61538461538463
BEEF,430.0,1314247200.0,46.128632961354576,-0.25809113590969507,🟡 NETRAL,515,-0.01851851851851849,0.019230769230769162,0.015325670498084329,0.3511211437152569,61.904761904761905
PBID,525.0,449840000.0,46.073668911370014,-0.2617554059086658,🟡 NETRAL,516,0.025454545454545396,-0.02083333333333337,-0.04048996257230351,-0.4069712266940841,26.92307692307692
RANC,545.0,1574000.0,46.04386612515207,-0.2637422583231953,🟡 NETRAL,517,0.037234042553191404,-0.034653465346534684,-0.04808396387600684,-0.9859134524566814,34.61538461538461
EKAD,386.0,1343266000.0,46.04382398587497,-0.2637450676083351,🟡 NETRAL,518,-0.01744186046511631,0.05624999999999991,-0.00908824391673996,-0.7902542023026399,41.17647058823529
ANTM,3200.0,122250233000.0,46.038340303022075,-0.264110646465195,🟡 NETRAL,519,0.24812030075187974,0.5809523809523809,0.5121840127533591,2.1651379630080934,84.06593406593407
INDS,244.0,506746000.0,46.02511161249939,-0.2649925591667076,🟡 NETRAL,520,0.01948051948051943,0.0064102564102563875,-0.0824079485680888,-0.13614196297116823,26.41509433962264
ASPR,143.0,1059782700.0,45.91613301479443,-0.2722577990137044,🟡 NETRAL,521,0.051094890510948954,0.014084507042253502,-0.15641476274165197,-0.6517776089467511,26.04166666666667
SAME,292.0,45846200.0,45.88033285173848,-0.2746444765507681,🟡 NETRAL,522,0.009049773755656076,-0.013274336283185861,-0.0329575021682567,-0.9806279006542786,29.629629629629633
CNMA,90.0,828157200.0,45.8654487545249,-0.27563674969834,🟡 NETRAL,523,0.039735099337748325,0.0064102564102563875,-0.07511045655375552,-0.21017125825109712,23.80952380952381
LRNA,216.0,16498000.0,45.7270601051747,-0.2848626596550198,🟡 NETRAL,524,0.16239316239316248,0.15254237288135597,0.34069400630914826,2.354112033311365,87.03703703703704
OILS,298.0,709560200.0,45.72608035859095,-0.2849279760939368,🟡 NETRAL,525,-0.007194244604316502,0.045454545454545414,-0.022316684378320975,-0.5952238116065611,40.625
JATI,111.0,2215289400.0,45.60685819097039,-0.29287612060197404,🟡 NETRAL,526,0.010309278350515427,0.0,-0.042968750000000056,-0.40188070340890825,45.00000000000001
CLPI,1595.0,99560500.0,45.597614304894755,-0.2934923796736832,🟡 NETRAL,527,-0.0060240963855421326,-0.017857142857142905,-0.04981284192340916,-0.40459381181171533,18.181818181818187
PDPP,330.0,16356800.0,45.551261165754326,-0.2965825889497114,🟡 NETRAL,528,0.050000000000000044,-0.023255813953488413,-0.11578947368421053,0.003199736009266703,21.42857142857143
JAYA,154.0,150812200.0,45.54880865442487,-0.2967460897050087,🟡 NETRAL,529,0.015151515151515138,-0.014705882352941124,-0.04490377761938703,-0.809471025015674,26.31578947368422
KOCI,106.0,1417953900.0,45.50675061145315,-0.29954995923645683,🟡 NETRAL,530,0.010309278350515427,0.0,-0.06376880821590634,-0.3739180312118618,23.913043478260875
BLOG,362.0,47207400.0,45.48430316323173,-0.30104645578455147,🟡 NETRAL,531,-0.012048192771084376,0.06493506493506485,0.06424399740428298,-0.53324569523563,56.86274509803922
SCMA,179.0,8995258700.0,45.43642709948483,-0.3042381933676778,🟡 NETRAL,532,0.026315789473684292,0.04278074866310155,0.004378058202420809,-0.5461588936202652,50.98039215686275
WINS,585.0,460061500.0,45.385158383942716,-0.30765610773715224,🟡 NETRAL,533,0.011235955056179803,0.04651162790697683,-0.09638554216867465,-0.5537156102143215,27.77777777777777
ECII,159.0,93500600.0,45.35125227286605,-0.3099165151422632,🟡 NETRAL,534,0.34782608695652173,0.28275862068965507,0.13069908814589665,2.3158571271809234,55.28455284552845
ISSP,410.0,3584204200.0,45.32091300001815,-0.31193913333212336,🟡 NETRAL,535,0.02127659574468077,0.032258064516129004,0.020191285866099893,0.5394995291850144,58.97435897435897
PSGO,194.0,17291900.0,45.31108893896047,-0.312594070735969,🟡 NETRAL,536,0.08670520231213863,-0.010526315789473717,-0.09896956625928591,-0.21174834524378947,31.25
HUMI,125.0,2678848700.0,45.284343919618095,-0.31437707202546056,🟡 NETRAL,537,0.03252032520325199,0.05833333333333335,0.04699093157460844,-0.6068425982506089,68.42105263157895
AMAR,230.0,33215800.0,45.23457029272184,-0.3176953138185437,🟡 NETRAL,538,0.01941747572815533,-0.009433962264150941,-0.045020463847203276,-0.006960032956378828,35.48387096774192
REAL,44.0,3736650400.0,45.20605298082599,-0.3195964679449343,🟡 NETRAL,539,0.024691358024691468,-0.005988023952095856,-0.026963657678780773,-0.40546163556132175,38.095238095238095
WOMF,280.0,40368400.0,45.185500937524715,-0.320966604165019,🟡 NETRAL,540,0.03418803418803429,0.0803571428571428,-0.08298597953770359,-0.1430175169343267,39.130434782608695
TOWR,414.0,26511028600.0,45.18271926393407,-0.3211520490710622,🟡 NETRAL,541,0.005181347150259086,0.015706806282722585,0.002583979328165375,-0.5909879870607885,45.00000000000001
ERAL,312.0,804013400.0,45.15722851052592,-0.32285143263160543,🟡 NETRAL,542,0.0,0.017391304347825987,-0.011824324324324372,-0.04327487941025361,47.22222222222222
TMPO,174.0,10957138600.0,45.13284190377853,-0.32447720641476474,🟡 NETRAL,543,-0.005555555555555536,-0.011049723756906049,0.0036445192038127598,-0.19240033072007656,57.14285714285714
HOMI,250.0,349464600.0,45.09598279498837,-0.3269344803341085,🟡 NETRAL,544,0.028301886792452935,0.028301886792452935,0.05791006146878033,0.5067406603260496,65.06024096385542
FPNI,520.0,3261489900.0,45.06997965020988,-0.32866802331934114,🟡 NETRAL,545,0.020618556701030855,-0.20799999999999996,-0.19479463196421312,-0.3220848916675157,18.867924528301884
BISI,695.0,28168500.0,45.003013096770516,-0.333132460215299,🟡 NETRAL,546,0.020408163265306145,0.11111111111111116,-0.1341991341991342,-0.6055501153915095,24.13793103448276
WOWS,52.0,482417400.0,44.98600889379814,-0.33426607374679057,🟠 LEMAH,547,0.006711409395973256,-0.025974025974025983,-0.0491283676703645,-0.9607649140273614,39.99999999999999
DSNG,1575.0,3543788000.0,44.96142992674671,-0.3359046715502194,🟠 LEMAH,548,0.004566210045662045,-0.022222222222222254,-0.04013961605584642,-0.8049533942824141,11.111111111111114
BBSS,92.0,873408000.0,44.92612968240854,-0.33825802117276377,🟠 LEMAH,549,0.004878048780487809,-0.028301886792452824,-0.02830188679245283,-0.5399085035214976,48.71794871794872
KEJU,595.0,13315000.0,44.914763769565425,-0.33901574869563855,🟠 LEMAH,550,0.0052631578947368585,-0.02051282051282055,-0.017742350218565125,-0.6865500812313261,31.297709923664115
MEGA,1945.0,90486000.0,44.88524208091289,-0.34098386127247404,🟠 LEMAH,551,0.03875968992248069,-0.007407407407407418,-0.004087699739873737,-0.6028184629951808,43.47826086956522
PEGE,137.0,758198100.0,44.82240753919838,-0.34517283072010807,🟠 LEMAH,552,0.021428571428571352,0.014184397163120588,-0.06991869918699187,-0.5334930821872718,20.51282051282051
PUDP,268.0,1491800.0,44.68664558965249,-0.3542236273565005,🟠 LEMAH,553,0.0,-0.007751937984496138,-0.03975993998499633,-1.252601766872691,37.037037037037045
MDKI,195.0,49351900.0,44.67459720695239,-0.3550268528698407,🟠 LEMAH,554,0.02020202020202011,-0.028846153846153855,-0.1313695979359278,-0.8688851138496652,19.565217391304344
AREA,320.0,942868400.0,44.666874701736404,-0.35554168655090646,🟠 LEMAH,555,0.005813953488372103,-0.028089887640449396,-0.06233062330623306,-0.7747848713420343,27.58620689655173
ARCI,1285.0,21105600500.0,44.65336834145223,-0.35644211056985153,🟠 LEMAH,556,0.020134228187919545,-0.12138728323699421,-0.11240875912408758,0.31877751900842244,25.86206896551724
DSSA,1145.0,187074666500.0,44.637800182539834,-0.35747998783067775,🟠 LEMAH,557,0.0546875,0.03053435114503822,-0.07280219780219781,0.5479695295626694,26.08695652173914
ITMG,25500.0,26088777500.0,44.62484592776259,-0.35834360481582733,🟠 LEMAH,558,0.010638297872340496,0.0,-0.012217312191317881,-1.3959959885868105,30.769230769230774
AXIO,116.0,365028100.0,44.6013593694134,-0.3599093753724399,🟠 LEMAH,559,0.0,-0.0267857142857143,-0.00683371298405467,-0.7645320656385095,58.82352941176471
DYAN,86.0,1039845400.0,44.440954774072615,-0.37060301506182575,🟠 LEMAH,560,0.005555555555555536,-0.06217616580310881,-0.07131862493586458,-1.4936268964368271,22.58064516129032
SICO,118.0,8466866900.0,44.41427934688533,-0.3723813768743113,🟠 LEMAH,561,0.03921568627450989,0.0653266331658291,-0.006560449859418931,-0.16352589983961488,43.39622641509434
DKFT,670.0,4262262000.0,44.37472559693168,-0.37501829353788785,🟠 LEMAH,562,0.0,0.023255813953488413,-0.20433996383363467,-0.8638934923095034,21.212121212121204
PDES,382.0,15189000.0,44.29248318142828,-0.3805011212381144,🟠 LEMAH,563,-0.01904761904761909,-0.03738317757009346,-0.06913691821057392,1.0698620564749188,23.529411764705884
VICI,1025.0,6725766000.0,44.26342538043717,-0.3824383079708552,🟠 LEMAH,564,0.1578947368421053,0.023255813953488413,-0.05477980665950585,0.6306021235503507,38.46153846153846
BAYU,1320.0,266063500.0,44.16627260187967,-0.3889151598746886,🟠 LEMAH,565,0.0,0.0,-0.12790697674418608,-0.7050232884315932,26.470588235294116
GRPH,104.0,2377884000.0,44.15119290743914,-0.3899204728373909,🟠 LEMAH,566,0.09523809523809534,0.045454545454545414,-0.06693711967545643,-0.3188316561982439,36.36363636363636
CRAB,222.0,737102400.0,44.12811749260058,-0.39145883382662794,🟠 LEMAH,567,-0.0078125,0.016000000000000014,-0.01588531576908175,-0.2992263238478946,54.166666666666664
TUGU,1545.0,10520617000.0,44.107508934181006,-0.3928327377212665,🟠 LEMAH,568,-0.016393442622950838,-0.15492957746478875,-0.19001012487343907,-0.3443136693960688,29.896907216494853
RATU,4240.0,26724772000.0,44.0420288263884,-0.3971980782407732,🟠 LEMAH,569,0.0024271844660195274,0.03249999999999997,-0.028120955406518412,-0.5329747404085405,38.96103896103896
GJTL,1290.0,3815676000.0,43.80549250632468,-0.4129671662450212,🟠 LEMAH,570,0.012195121951219523,-0.08287292817679559,-0.14543114543114544,-1.4088123555786898,18.33333333333333
INPC,155.0,4597140000.0,43.71447208285108,-0.4190351944765944,🟠 LEMAH,571,-0.014814814814814836,0.03100775193798455,-0.14110429447852757,-0.7030223195869425,27.272727272727266
STAR,412.0,984177400.0,43.711515067012165,-0.41923232886585576,🟠 LEMAH,572,0.25,0.6299559471365639,0.6982214572576019,2.0000552297012817,80.07380073800738
KLBF,750.0,24617071500.0,43.704987116698355,-0.4196675255534431,🟠 LEMAH,573,0.10810810810810811,-0.0888888888888889,-0.2639138240574507,-0.2122787328151623,26.08695652173914
SURI,84.0,359491100.0,43.57528257742468,-0.42831449483835476,🟠 LEMAH,574,0.008928571428571397,-0.00877192982456143,-0.021645021645021644,-0.9679620907485655,33.33333333333333
KSIX,416.0,122009400.0,43.2907644417112,-0.44728237055258685,🟠 LEMAH,575,0.0,0.1336032388663968,0.20430107526881722,-0.4822528924342757,88.88888888888889
FUJI,294.0,176837400.0,43.26770143922463,-0.4488199040516914,🟠 LEMAH,576,-0.00512820512820511,0.03191489361702127,-0.02756892230576441,-0.7027959916634516,34.61538461538463
AVIA,342.0,4502833200.0,43.264147007618696,-0.44905686615875345,🟠 LEMAH,577,0.07692307692307687,0.12903225806451624,0.02115244347191835,0.2352074318765161,50.0
JARR,3530.0,34006986000.0,43.18420690557159,-0.45438620629522697,🟠 LEMAH,578,0.08208955223880587,0.3551401869158879,-0.061063264909667785,2.082304510594413,40.622505985634476
BCIC,133.0,41664600.0,43.17806202213004,-0.4547958651913305,🟠 LEMAH,579,-0.006802721088435382,0.01388888888888884,-0.011844331641285956,-0.9862489677201712,42.857142857142854
SMGA,87.0,668057100.0,43.11908077009536,-0.45872794866030936,🟠 LEMAH,580,-0.033333333333333326,0.14473684210526305,0.09606299212598425,0.4934772714440076,65.07936507936508
JECX,1410.0,1864488500.0,42.97080805421905,-0.46861279638539666,🟠 LEMAH,581,0.10050251256281406,0.3272727272727274,0.18683105270288575,-0.320389711674044,50.714285714285715
LPIN,432.0,33788800.0,42.95282848969801,-0.46981143402013315,🟠 LEMAH,582,-0.008264462809917328,-0.016393442622950838,-0.009900990099009924,-0.9898251559102839,50.0
BMHS,200.0,66082900.0,42.9350738305989,-0.47099507796007306,🟠 LEMAH,583,0.0,0.028037383177569986,-0.011235955056179775,-0.47798578474683373,45.45454545454545
TOSK,81.0,1686440500.0,42.925312327447784,-0.47164584483681427,🟠 LEMAH,584,0.04069767441860472,0.0718562874251496,-0.029547302792084517,-0.18510911747210784,32.60869565217391
BLES,198.0,2144972000.0,42.76883202416431,-0.48207786505571243,🟠 LEMAH,585,0.0,0.012499999999999956,0.01471969934231127,-0.3759509520601069,60.0
ADRO,2590.0,86681701000.0,42.71571317584981,-0.4856191216100128,🟠 LEMAH,586,0.078125,0.078125,-0.14867365823565698,-0.1395780968694332,25.0
AGRS,59.0,46379400.0,42.66204094190705,-0.48919727053953005,🟠 LEMAH,587,0.041884816753926746,0.08743169398907114,0.02261048304213775,-0.35698782670363755,51.11111111111111
ASJT,163.0,12795600.0,42.616882728299565,-0.49220781811336234,🟠 LEMAH,588,-0.009615384615384581,0.01980198019801982,-0.01858027632205815,-0.40679501752306274,33.33333333333333
GDYR,1125.0,337500.0,42.43026235705994,-0.5046491761960042,🟠 LEMAH,589,0.004255319148936065,0.4303030303030304,1.002970507107999,0.0913342257177995,88.21052631578948
BYAN,12250.0,17472007500.0,42.4115024807558,-0.5058998346162802,🟠 LEMAH,590,0.020270270270270174,0.01342281879194629,0.05668299510146956,-0.0426325470096694,76.92307692307693
BUVA,675.0,93463867000.0,42.40368429119572,-0.5064210472536188,🟠 LEMAH,591,-0.020930232558139528,0.0,-0.08158813263525305,-0.6626979488663011,27.272727272727266
DMAS,191.0,29154395300.0,42.37180869416292,-0.508546087055805,🟠 LEMAH,592,0.06306306306306309,0.09259259259259256,0.03827540695116581,4.1737573624181765,55.17241379310345
AKRA,1500.0,12556603000.0,42.3431561402963,-0.5104562573135798,🟠 LEMAH,593,0.01734104046242768,0.011494252873563315,0.003993154592127715,-0.3987172980956157,50.0
EMAS,7800.0,52843645000.0,42.336800706896206,-0.5108799528735861,🟠 LEMAH,594,-0.030000000000000027,-0.017721518987341756,-0.04233000123411082,-0.3627091052688458,43.75
MBTO,152.0,1593251600.0,42.334107918045845,-0.5110594721302772,🟠 LEMAH,595,0.0,0.00877192982456143,-0.0408673894912427,-1.3084747465906983,37.037037037037045
ESTA,165.0,474565000.0,42.25905128658443,-0.5160632475610382,🟠 LEMAH,596,0.04889589905362768,-0.016272189349112454,0.1495246326707001,-0.8050140563095672,57.88497217068646
SMDR,398.0,7525073000.0,42.144379367024506,-0.5237080421983664,🟠 LEMAH,597,0.012295081967213184,-0.008032128514056214,-0.05,-1.034674663415527,21.917808219178085
MDLA,208.0,86267800.0,42.06418463831592,-0.5290543574456055,🟠 LEMAH,598,-0.015463917525773141,-0.025510204081632626,-0.07281553398058252,3.3613111461189296,26.666666666666657
BRNA,680.0,356852000.0,41.994047614713566,-0.5337301590190955,🟠 LEMAH,599,-0.05797101449275366,-0.05339805825242716,-0.053168244719592084,0.019464635802807044,37.93103448275862
SAMF,348.0,856881400.0,41.9821878597778,-0.5345208093481466,🟠 LEMAH,600,0.028169014084507005,0.04285714285714293,-0.09876543209876543,-0.3280602790637243,39.53488372093023
SCNP,162.0,77335500.0,41.97139957951096,-0.535240028032603,🟠 LEMAH,601,0.05882352941176472,0.506276150627615,0.3505908835115363,0.6516605071227304,75.58685446009389
UNIQ,135.0,1723877900.0,41.902680438010954,-0.539821304132603,🟠 LEMAH,602,0.020408163265306145,0.020408163265306145,-0.08508691674290936,-0.37994182462022924,34.920634920634924
ARNA,525.0,2580412500.0,41.87036117726164,-0.5419759215158907,🟠 LEMAH,603,-0.020242914979757054,-0.008196721311475419,-0.07155188950700164,-0.8479792732209895,24.793388429752056
AMAN,222.0,431067600.0,41.83987061399859,-0.5440086257334271,🟠 LEMAH,604,0.015306122448979664,0.031088082901554515,0.01504718184136694,-0.695828432743704,55.88235294117647
TRIM,795.0,140974500.0,41.807480622319545,-0.5461679585120305,🟠 LEMAH,605,0.011627906976744207,0.10126582278481022,0.012805587892898653,-0.15494609438673276,52.17391304347826
SIDO,352.0,5101372200.0,41.773418778963425,-0.5484387480691051,🟠 LEMAH,606,0.009966777408637828,0.0033003300330032292,-0.0440251572327044,-1.5892887416984836,43.29896907216495
SSIA,1735.0,18843273000.0,41.740122932894884,-0.5506584711403412,🟠 LEMAH,607,0.04035874439461873,0.07906976744186056,0.05839416058394166,3.345168572872608,65.45454545454545
APLI,280.0,14330600.0,41.69626557291944,-0.5535822951387043,🟠 LEMAH,608,0.006849315068493178,-0.006756756756756799,-0.0398432397126061,-0.515743241461773,40.625
SMKM,96.0,1793175500.0,41.54484071462887,-0.5636772856914086,🟠 LEMAH,609,0.06666666666666665,0.09090909090909083,-0.0051813471502590676,3.328759977495466,40.54054054054053
VOKS,270.0,163258600.0,41.43220544714764,-0.5711863035234908,🟠 LEMAH,610,0.019867549668874274,0.23199999999999998,0.30563798219584565,0.8639963661800305,74.28571428571428
IKBI,590.0,309330000.0,41.4142785304191,-0.5723814313053935,🟠 LEMAH,611,0.12956810631229243,0.08626198083067083,0.13636363636363635,-0.24912975285700503,64.78260869565219
MMIX,925.0,9182118000.0,41.31925946931757,-0.5787160353788285,🟠 LEMAH,612,0.02564102564102555,-0.040000000000000036,-0.1385498923187366,-0.6108621405776004,20.0
BKDP,186.0,1503758600.0,41.006591609345314,-0.5995605593769789,🟠 LEMAH,613,0.005970149253731405,0.008982035928143617,-0.01259888661002051,-1.0770408536319616,36.36363636363636
DKHH,72.0,1230946300.0,40.834527695849225,-0.6110314869433849,🟠 LEMAH,614,-0.008474576271186418,-0.03305785123966942,-0.02702702702702703,-0.4219849959189837,40.816326530612244
HAJJ,110.0,713753100.0,40.804787755429174,-0.6130141496380549,🟠 LEMAH,615,-0.038461538461538436,0.024590163934426146,-0.029503105590062112,-0.9685832639502961,42.857142857142854
KBLM,358.0,156735200.0,40.746093216964766,-0.6169271188690153,🟠 LEMAH,616,-0.05343511450381677,-0.15646258503401356,-0.234095120444719,0.6210459553751831,21.818181818181827
BATR,94.0,453256500.0,40.5472131400692,-0.6301857906620532,🟠 LEMAH,617,0.03529411764705892,-0.03649635036496346,-0.11853088480801335,0.2504068690052355,28.037383177570092
MLIA,218.0,156837300.0,40.48679463970808,-0.6342136906861279,🟠 LEMAH,618,0.02777777777777768,0.05714285714285716,-0.11164465786314523,-1.0521380454686724,25.0
FORE,805.0,1263178500.0,40.45672082057242,-0.6362186119618387,🟠 LEMAH,619,0.24752475247524752,0.2650602409638554,0.10584518167456547,3.435981913057876,56.41025641025641
POWR,975.0,4642128500.0,40.33830260500331,-0.6441131596664464,🟠 LEMAH,620,0.012499999999999956,0.006211180124223503,-0.03139013452914798,-0.9151011446531416,34.78260869565217
RUNS,70.0,175227000.0,40.246065297072775,-0.6502623135284819,🟠 LEMAH,621,0.0,0.0,-0.029535864978902926,-0.6685108808904189,47.5
JRPT,1160.0,772515500.0,40.22451231085077,-0.6516991792766152,🟠 LEMAH,622,0.008333333333333304,0.0,-0.0012381345439537762,1.1026888705969562,50.0
MGRO,725.0,3755717000.0,40.15037764432778,-0.6566414903781478,🟠 LEMAH,623,0.08695652173913038,0.13636363636363646,0.046572475143903745,-0.05381415756086134,53.33333333333333
KBLI,360.0,145182400.0,40.11999965215439,-0.6586666898563738,🟠 LEMAH,624,0.08333333333333326,0.23275862068965525,0.2072604474461798,0.3418059186658239,68.36734693877551
BOGA,1615.0,23958500.0,39.87560752843535,-0.67495949810431,🟠 LEMAH,625,0.011695906432748648,-0.0028818443804035088,-0.030269058295964126,-1.0221159625328584,43.37349397590362
RIGS,635.0,35341500.0,39.85697801349067,-0.6762014657672889,🟠 LEMAH,626,0.04518072289156616,0.051515151515151514,0.017296980357666372,-0.560160107019963,51.37614678899082
HOPE,264.0,8645249600.0,39.61055078865114,-0.6926299474232575,🟠 LEMAH,627,-0.009389671361502372,-0.014018691588784993,-0.04976356676424229,-0.996803063693631,47.77777777777778
IRRA,372.0,682772800.0,39.513279075183,-0.6991147283211334,🟠 LEMAH,628,0.034146341463414664,-0.01851851851851849,-0.056099732858414936,-0.6426979947440553,45.45454545454545
DGIK,140.0,778735400.0,39.40764497557048,-0.7061570016286346,🟠 LEMAH,629,0.028806584362139898,0.05485232067510548,0.03669914990669708,0.48460666282048065,64.1025641025641
STRK,61.0,3629961300.0,39.28739971003047,-0.7141733526646356,🟠 LEMAH,630,0.06735751295336789,0.24848484848484853,0.09778843591793229,1.2891488809913472,54.320987654320994
ELIT,274.0,13456483200.0,39.12030968759012,-0.7253126874939917,🟠 LEMAH,631,0.17307692307692313,0.326086956521739,0.03127641589180053,2.2324497532928658,43.75
FMII,252.0,18446200.0,39.02811284780608,-0.7314591434795947,🟠 LEMAH,632,0.01333333333333342,0.07042253521126751,-0.07878787878787878,-0.9779039405030836,29.629629629629633
MUTU,136.0,36625403500.0,38.63820992583582,-0.7574526716109456,🟠 LEMAH,633,-0.032258064516129004,-0.10447761194029848,-0.10481163744871316,2.1546222865246807,9.090909090909093
SDPC,199.0,55174400.0,38.5769237801802,-0.7615384146546533,🟠 LEMAH,634,0.0,0.008230452674897082,-0.01675529246513499,-0.8735123226747001,44.285714285714285
AADI,11950.0,91998137500.0,38.53401008848541,-0.7643993274343059,🟠 LEMAH,635,0.050000000000000044,0.1200000000000001,0.013268998793727314,-0.07209438166555916,47.61904761904762
MRAT,400.0,351891600.0,38.40501264793291,-0.7729991568044727,🟠 LEMAH,636,-0.036363636363636376,0.11578947368421044,-0.07342657342657347,-0.27974618860538814,34.42622950819671
MEJA,139.0,10410077900.0,38.358800985154495,-0.7760799343230336,🟠 LEMAH,637,-0.015037593984962405,0.015503875968992276,-0.04169714703730797,-0.33866891624229856,36.36363636363636
KING,408.0,5432986600.0,38.356828960574816,-0.7762114026283459,🟠 LEMAH,638,0.0,0.0,-0.011189175123601382,-0.5845984375970306,47.5
TRUS,456.0,24603400.0,38.06027651999274,-0.7959815653338173,🟠 LEMAH,639,0.023255813953488413,-0.007518796992481258,-0.06658809664113141,-0.7725105703070493,27.272727272727266
ULTJ,2080.0,45265325000.0,37.75561933054912,-0.8162920446300586,🟠 LEMAH,640,-0.01038062283737029,-0.01038062283737029,-0.02188782489740082,-0.5020107416531826,44.68085106382978
DGNS,290.0,456501200.0,37.7181367842247,-0.8187908810516871,🟠 LEMAH,641,0.0,0.01680672268907557,-0.017857142857142856,-0.8102702686578805,38.46153846153846
POLA,82.0,2362165600.0,37.49488248735428,-0.8336745008430478,🟠 LEMAH,642,0.01831501831501825,-0.14197530864197527,-0.17433917433917434,0.01356956815225075,39.8576512455516
KRAS,238.0,1525414400.0,37.345896402519514,-0.8436069064986992,🟠 LEMAH,643,0.005649717514124353,0.04705882352941182,-0.037577723709110514,-0.43709242389360875,43.33333333333333
MARK,1200.0,22952997500.0,37.31964869452029,-0.8453567536986473,🟠 LEMAH,644,-0.0842696629213483,0.07947019867549665,0.04789456766313075,1.5770769152836661,55.319148936170215
AUTO,3450.0,14992330000.0,36.97824809591196,-0.8681167936058696,🟠 LEMAH,645,0.0,0.026607538802660757,-0.009307799293891089,-0.44715647339798165,46.043165467625904
MKAP,1140.0,2024719500.0,36.91717675562029,-0.8721882162919805,🟠 LEMAH,646,-0.10650887573964496,-0.1925133689839572,-0.20190274841437628,1.3920928502135221,7.272727272727266
ERAA,620.0,36646391500.0,36.45552530296457,-0.9029649798023622,🟠 LEMAH,647,0.02127659574468077,0.010526315789473717,-0.04,-1.0969666880274374,32.35294117647058
AALI,8400.0,18796672500.0,36.241689541795466,-0.9172206972136354,🟠 LEMAH,648,0.0,0.02586206896551735,-0.019769357495881382,0.5741840613512,40.74074074074074
NEST,795.0,14737932500.0,36.20270984073983,-0.9198193439506779,🟠 LEMAH,649,0.01777777777777767,-0.03375527426160341,-0.08013657360915846,-0.5687739143889708,8.16326530612244
MPXL,246.0,6100415000.0,35.86271905771628,-0.9424853961522478,🟠 LEMAH,650,0.0847457627118644,0.015873015873015817,-0.07010533962949514,-0.3524477109212275,33.9622641509434
SQMI,100.0,49269432400.0,35.515971717981614,-0.9656018854678924,🟠 LEMAH,651,0.060975609756097615,0.04819277108433728,0.06584992343032159,0.3837638400224137,58.06451612903226
STAA,1250.0,7279460000.0,35.43405971990258,-0.9710626853398279,🟠 LEMAH,652,0.011494252873563315,0.06666666666666665,-0.005087620124364079,-0.6325518511706338,44.44444444444444
PACK,470.0,217873628200.0,35.353809092882656,-0.9764127271411562,🟠 LEMAH,653,0.02164502164502169,-0.020746887966805017,-0.08019097729708657,-1.0101003385558995,32.203389830508485
BDMN,4740.0,21140790000.0,35.077838875701985,-0.9948107416198675,🟠 LEMAH,654,0.018867924528301883,0.03846153846153855,-0.1749427043544691,-0.3574797740669573,18.181818181818187
BEST,131.0,8942773800.0,35.0608854984487,-0.9959409667700868,🟠 LEMAH,655,0.06578947368421062,0.08000000000000007,-0.006134969325153374,-0.37534057961493156,44.444444444444436
PRDA,2880.0,2508623000.0,35.05264326546023,-0.9964904489693178,🟠 LEMAH,656,-0.009646302250803873,0.023255813953488413,-0.004524886877828055,-0.8056341608615022,48.14814814814815
SAFE,725.0,3955649500.0,33.607565921416146,-1.092828938572257,🟠 LEMAH,657,0.0,0.0,-0.004562422231439213,0.49891380363475324,42.857142857142854
HYGN,195.0,608067700.0,33.57516518073747,-1.094988987950835,🟠 LEMAH,658,-0.004807692307692291,0.08376963350785349,-0.021970233876683228,0.027497208510502823,35.08771929824562
SMIL,464.0,52819758600.0,33.41631803199543,-1.1055787978669716,🟠 LEMAH,659,0.014705882352941124,0.0,-0.0521978021978022,-1.1098741873263573,36.904761904761905
CLAY,2820.0,28767000.0,33.23666710940877,-1.117555526039415,🟠 LEMAH,660,0.018018018018018056,-0.013100436681222738,-0.034394360179448885,0.5701832528066038,24.13793103448276
CLEO,430.0,6400316800.0,33.15714748539226,-1.122856834307183,🟠 LEMAH,661,-0.012345679012345734,-0.012345679012345734,-0.05576866332251395,-0.619258771518056,28.125
URBN,290.0,65868400.0,33.009840865655946,-1.1326772756229366,🟠 LEMAH,662,0.03921568627450989,0.02580645161290329,0.006966434452184927,-1.0238023826445575,48.4375
AGAR,1935.0,5206043500.0,32.92945985778537,-1.1380360094809754,🟠 LEMAH,663,-0.023076923076923106,0.0672268907563025,-0.23815236952609473,-0.8247658298913042,26.41509433962264
MOLI,428.0,6555757600.0,32.85993687345029,-1.142670875103314,🟠 LEMAH,664,-0.00588235294117645,0.0,-0.015438392076900703,-0.7921770830196496,39.99999999999999
SOTS,630.0,1070015000.0,32.77056386080744,-1.1486290759461708,🟠 LEMAH,665,-0.01666666666666672,-0.06349206349206349,-0.07159716758457903,-0.31106232017182667,23.529411764705884
GGRP,374.0,1113596400.0,32.248826703020896,-1.1834115531319402,🟠 LEMAH,666,0.03947368421052633,0.05333333333333323,-0.1541755888650964,-0.9637386899424486,25.0
GTBO,174.0,42438600.0,32.23173988909122,-1.1845506740605851,🟠 LEMAH,667,0.022222222222222143,-0.0980392156862745,-0.2163543441226576,-0.5998549588425495,43.56435643564357
DAAZ,2200.0,6102628000.0,32.17937385460395,-1.1880417430264034,🟠 LEMAH,668,0.008849557522123908,0.036363636363636376,0.013783903957314336,0.07948715909487011,50.74626865671642
MTLA,700.0,57310000.0,32.147043851288394,-1.1901970765807737,🟠 LEMAH,669,0.0037878787878788955,0.0037878787878788955,-0.019970414201183433,-0.2317029263295818,32.14285714285715
PART,126.0,8514880600.0,31.98069160127121,-1.2012872265819192,🟠 LEMAH,670,0.0957446808510638,-0.015923566878980888,0.02862849533954727,0.7584777048418442,55.769230769230774
HBAT,408.0,294300200.0,31.956132943542567,-1.2029244704304956,🟠 LEMAH,671,0.0092592592592593,0.0092592592592593,-0.01402080506558116,-0.4896300285613687,23.07692307692308
MSJA,855.0,19158679500.0,31.93714923572753,-1.204190050951498,🟠 LEMAH,672,0.019607843137254832,-0.03448275862068961,-0.05699481865284974,-0.6682885945009777,56.45933014354067
PTBA,3270.0,174991702000.0,31.800481051319466,-1.213301263245369,🟠 LEMAH,673,0.012499999999999956,0.012499999999999956,-0.022526146419951706,-0.916140658629623,41.17647058823529
PRIM,127.0,243606400.0,31.444478743390793,-1.2370347504406138,🟠 LEMAH,674,0.0585106382978724,-0.16386554621848737,-0.25856929955290603,-0.696815105238014,27.8125
RSCH,560.0,13941367500.0,31.32412684819367,-1.245058210120422,🟠 LEMAH,675,0.02898550724637672,0.007092198581560183,-0.004905395935529003,-0.5977303148300944,42.857142857142854
SGER,755.0,33851270500.0,31.049776630636686,-1.263348224624221,🟠 LEMAH,676,0.009708737864077666,0.014634146341463428,0.0898611474980351,-0.2216289384263376,80.43478260869566
COCO,132.0,98163324500.0,30.88494130261402,-1.2743372464923985,🟠 LEMAH,677,-0.021739130434782594,0.1637931034482758,0.10204081632653061,0.17006033271075538,62.903225806451616
AYAM,520.0,14674106100.0,30.51473521363346,-1.299017652424436,🟠 LEMAH,678,0.016759776536312776,0.058139534883721034,0.37826580840590673,1.1095761496233436,79.36507936507937
CCSI,428.0,6842222000.0,30.478107390886922,-1.3014595072742052,🟠 LEMAH,679,0.027027027027026973,0.027027027027026973,-0.029993618379068214,-1.320667168989088,35.294117647058826
CRSN,149.0,361825600.0,30.468962616142484,-1.3020691589238345,🟠 LEMAH,680,-0.01538461538461533,0.050256410256410255,0.0038723591980785255,-0.017311970502157853,46.15384615384615
ALDO,1270.0,333943000.0,30.407234115213182,-1.3061843923191212,🟠 LEMAH,681,-0.0031645569620253333,-0.03669724770642202,-0.03314917127071823,-0.28872747235173424,35.294117647058826
PPRI,186.0,13509474100.0,30.380755831798737,-1.3079496112134175,🟠 LEMAH,682,0.0,-0.05228758169934644,0.13993710691823896,-0.3991801128974011,80.0
ASGR,2540.0,9544826000.0,30.292090012161054,-1.3138606658559298,🟠 LEMAH,683,0.007518796992481258,0.14529914529914523,0.3659531090723752,-0.5111345466878988,82.75862068965517
HELI,286.0,1442785800.0,30.030852921882733,-1.3312764718744845,🟠 LEMAH,684,0.0,-0.05504587155963303,-0.08647450110864745,-0.27973685551490074,43.33333333333333
INCI,865.0,354140500.0,29.846856808990267,-1.3435428794006488,🔴 SANGAT LEMAH,685,0.017142857142857126,-0.2192982456140351,-0.1998201843110811,-0.7314820964174109,28.181818181818173
ATAP,590.0,1442190500.0,29.71713778639319,-1.352190814240454,🔴 SANGAT LEMAH,686,0.009852216748768461,0.04060913705583746,-0.01276185889718276,-0.4337951652559625,37.1900826446281
SMMT,3400.0,2998758000.0,28.577469838136764,-1.428168677457549,🔴 SANGAT LEMAH,687,-0.006535947712418277,-0.10588235294117643,-0.07542579075425794,-0.4619241829285438,27.90697674418604
GEMS,8500.0,3883700000.0,28.237735339328808,-1.4508176440447462,🔴 SANGAT LEMAH,688,0.0,-0.014084507042253502,-0.026425591098748338,-0.39978276135006613,39.130434782608695
NAYZ,80.0,16322448200.0,28.00770763755011,-1.4661528241633262,🔴 SANGAT LEMAH,689,0.004761904761904745,-0.15600000000000003,-0.08161044613710555,-0.6871117363766507,51.6304347826087
BDKR,184.0,12294335900.0,27.331136474340077,-1.5112575683773282,🔴 SANGAT LEMAH,690,-0.0119760479041916,0.0714285714285714,0.03254067584480601,-0.6048604534347949,59.21052631578948
SRSN,143.0,78812280800.0,27.265668146442184,-1.515622123570521,🔴 SANGAT LEMAH,691,0.03053435114503822,0.125,0.00483810941570529,-0.5272235238901366,33.33333333333333
BLUE,3590.0,5093732000.0,27.05455894135187,-1.5296960705765419,🔴 SANGAT LEMAH,692,0.027397260273972712,-0.025974025974025983,-0.11032028469750886,-0.5958431515993862,17.85714285714286
UNSP,364.0,17349345600.0,25.927852657327623,-1.604809822844825,🔴 SANGAT LEMAH,693,0.0,0.03508771929824572,-0.15533285612025763,-0.2180231140077019,23.68421052631578
SAPX,438.0,4463173800.0,25.1995467605748,-1.6533635492950132,🔴 SANGAT LEMAH,694,0.008333333333333304,-0.016260162601625994,-0.06671808715773235,-0.0395105891161291,32.0
SMAR,9000.0,4491362500.0,25.067535903804387,-1.6621642730797075,🔴 SANGAT LEMAH,695,0.027027027027026973,-0.11627906976744184,-0.18803418803418798,-0.2189470405257854,12.5
SINI,16625.0,161604352500.0,22.64030831625159,-1.8239794455832272,🔴 SANGAT LEMAH,696,0.01904761904761898,0.05940594059405946,-0.02947845804988662,-0.8777312042955512,42.10526315789474
MGNA,202.0,1690717700.0,21.111360310499236,-1.9259093126333842,🔴 SANGAT LEMAH,697,-0.037735849056603765,0.0,-0.17575757575757575,-0.6654006276412313,24.242424242424235
SMLE,308.0,20920228600.0,20.855640841598902,-1.9429572772267398,🔴 SANGAT LEMAH,698,0.013937282229965264,-0.1415929203539823,-0.20383036935704515,0.6021236681410782,12.403100775193792
UVCR,268.0,23089654400.0,20.11262805578001,-1.9924914629479993,🔴 SANGAT LEMAH,699,0.017123287671232834,-0.01980198019801982,-0.01834407535944472,-0.7759448170269256,45.83333333333333
PKPK,6800.0,55485582500.0,18.61163190268312,-2.0925578731544587,🔴 SANGAT LEMAH,700,-0.0078125,-0.0078125,-0.020061728395061686,-0.4320335987650982,38.46153846153846
MPIX,224.0,11100419000.0,17.98343592866749,-2.1344376047555005,🔴 SANGAT LEMAH,701,0.0,0.054054054054053946,0.013425725422260719,-0.7473693681602518,53.65853658536585
MITI,350.0,43922008600.0,17.52845838191702,-2.1647694412055323,🔴 SANGAT LEMAH,702,0.03571428571428581,0.0,-0.15204678362573107,-0.6892925149604447,13.793103448275858
KDTN,530.0,21390178200.0,17.343686525688007,-2.177087564954133,🔴 SANGAT LEMAH,703,0.0714285714285714,-0.3023255813953488,-0.3340732519422863,0.2808510826288354,8.333333333333329
IFSH,1655.0,400665500.0,16.926436979667912,-2.2049042013554727,🔴 SANGAT LEMAH,704,0.03703703703703698,0.02941176470588225,0.006108515989938874,-0.37348066532511726,53.33333333333333
FLMC,158.0,1353216500.0,16.576245218486086,-2.228250318767594,🔴 SANGAT LEMAH,705,0.017045454545454586,-0.037634408602150504,-0.08205128205128205,-0.5568454575146047,29.787234042553195
DEWI,260.0,8025760600.0,15.570007867606165,-2.2953328088262555,🔴 SANGAT LEMAH,706,0.040000000000000036,0.18181818181818188,-0.024390243902438973,-0.8897439442594626,40.0
MBSS,4400.0,70610311000.0,13.7686289512042,-2.415424736586387,🔴 SANGAT LEMAH,707,0.02941176470588225,0.01449275362318847,-0.0629183400267738,-0.8672930643005249,30.0
PGLI,332.0,2922911800.0,11.559443858089352,-2.562703742794043,🔴 SANGAT LEMAH,708,0.05263157894736836,0.08108108108108114,-0.0820424555364315,-0.21885952122841712,36.53846153846153
AIMS,825.0,2850756000.0,11.186567037464705,-2.587562197502353,🔴 SANGAT LEMAH,709,0.0,0.013513513513513598,-0.05362776025236593,-0.23484543362224944,22.222222222222214
ROCK,3700.0,3590373000.0,4.622953069667659,-3.025136462022156,🔴 SANGAT LEMAH,710,-0.01224489795918371,0.07079646017699126,-0.045364891518737675,-0.7775507466694425,37.85310734463276
ALKA,5700.0,3618059500.0,0.0,-3.404624532669699,🔴 SANGAT LEMAH,711,0.06000000000000005,0.019230769230769162,-0.1246903385631709,-0.44831598237778547,31.578947368421055
SEMA,472.0,23088121000.0,0.0,-5.536654823853263,🔴 SANGAT LEMAH,712,-0.008064516129032251,-0.08208955223880599,-0.10120569967117282,-0.39983835799952633,20.0
CSMI,412.0,60412693200.0,0.0,-4.733299453820385,🔴 SANGAT LEMAH,713,0.008000000000000007,-0.007874015748031482,-0.015625,-0.5055590152227712,37.5
